"requestTime","placementTime","approach","type","solved","latency","utilisation","waiting","execution","maxResponseTime","totalDistance","numberServers","jobId","episode"
"21:44:22:424 (H:m:s:ms)","21:44:23:0 (H:m:s:ms)","BESTFIT","GENERIC","1","124.096","0.03284835166865326","575","0","4233","1372.238928860163","3","1220","0"
"21:44:6:666 (H:m:s:ms)","21:44:7:0 (H:m:s:ms)","BESTFIT","GENERIC","1","124.12","0.025798054000346068","334","1","2365","1361.3457252862545","3","1217","0"
"21:44:0:0 (H:m:s:ms)","21:44:1:0 (H:m:s:ms)","BESTFIT","GENERIC","1","124.114","0.03879178375578121","1034","0","2032","1361.3457252862545","3","1216","0"
"21:43:55:151 (H:m:s:ms)","21:43:56:0 (H:m:s:ms)","BESTFIT","GENERIC","1","124.108","0.03709044890424981","848","0","1879","1372.238928860163","3","1215","0"
"21:43:54:545 (H:m:s:ms)","21:43:55:0 (H:m:s:ms)","BESTFIT","GENERIC","1","124.116","0.024507180474267618","459","0","4869","1361.3457252862545","3","1214","0"
"21:43:45:454 (H:m:s:ms)","21:43:46:0 (H:m:s:ms)","BESTFIT","GENERIC","1","124.118","0.019842205515455767","545","0","2843","1361.3457252862545","3","1213","0"
"21:43:30:909 (H:m:s:ms)","21:43:32:0 (H:m:s:ms)","BESTFIT","GENERIC","1","124.05799999999999","0.02783668168523414","1090","0","4593","1361.3457252862545","3","1212","0"
"21:43:27:878 (H:m:s:ms)","21:43:29:0 (H:m:s:ms)","BESTFIT","GENERIC","1","124.168","0.03185943099990258","1121","0","1912","1372.238928860163","3","1211","0"
"21:43:25:454 (H:m:s:ms)","21:43:26:0 (H:m:s:ms)","BESTFIT","GENERIC","1","124.168","0.02643380036964816","546","0","1782","1361.3457252862545","3","1210","0"
"21:44:16:969 (H:m:s:ms)","21:44:18:0 (H:m:s:ms)","BESTFIT","GENERIC","1","124.124","0.02474800416663062","1030","0","4871","1361.3457252862545","3","1219","0"
"21:44:8:484 (H:m:s:ms)","21:44:9:0 (H:m:s:ms)","BESTFIT","GENERIC","1","124.112","0.04299026957521533","515","0","3940","1372.238928860163","3","1218","0"
"21:45:32:727 (H:m:s:ms)","21:45:33:0 (H:m:s:ms)","BESTFIT","GENERIC","1","124.08","0.013037977015397106","272","0","3922","1361.3457252862545","3","1231","0"
"21:45:9:90 (H:m:s:ms)","21:45:10:0 (H:m:s:ms)","BESTFIT","GENERIC","1","124.144","0.043173249674439466","941","0","1367","1361.3457252862545","3","1230","0"
"21:45:5:454 (H:m:s:ms)","21:45:6:0 (H:m:s:ms)","BESTFIT","GENERIC","1","124.13900000000001","0.03842956903636415","545","0","2561","1405.7557555736407","3","1228","0"
"20:0:0:0 (H:m:s:ms)","20:0:1:0 (H:m:s:ms)","BESTFIT","GENERIC","1","93.035","0.020462185636497127","1271","6","2704","1361.3457252862545","3","1","0"
"21:45:3:636 (H:m:s:ms)","21:45:4:0 (H:m:s:ms)","BESTFIT","GENERIC","1","124.19800000000001","0.032629777135346524","364","0","2220","6022.24227692596","3","1227","0"
"20:0:6:60 (H:m:s:ms)","20:0:7:0 (H:m:s:ms)","BESTFIT","GENERIC","1","93.061","0.031093359567723276","945","1","1167","1361.3457252862545","3","2","0"
"21:45:2:424 (H:m:s:ms)","21:45:3:0 (H:m:s:ms)","BESTFIT","GENERIC","1","124.15","0.030455149346357704","575","0","2441","1372.238928860163","3","1226","0"
"20:0:12:121 (H:m:s:ms)","20:0:13:0 (H:m:s:ms)","BESTFIT","GENERIC","1","93.088","0.017171067657208175","880","0","2634","1361.3457252862545","3","3","0"
"21:45:1:818 (H:m:s:ms)","21:45:2:0 (H:m:s:ms)","BESTFIT","GENERIC","1","124.104","0.021723632951526666","181","0","3520","1361.3457252862545","3","1225","0"
"20:0:18:181 (H:m:s:ms)","20:0:19:0 (H:m:s:ms)","BESTFIT","GENERIC","1","93.05799999999999","0.022960372997475362","819","0","1173","1361.3457252862545","3","4","0"
"21:44:55:757 (H:m:s:ms)","21:44:56:0 (H:m:s:ms)","BESTFIT","GENERIC","1","124.158","0.021156456267344696","242","0","4786","1361.3457252862545","3","1224","0"
"20:0:24:242 (H:m:s:ms)","20:0:25:0 (H:m:s:ms)","BESTFIT","GENERIC","1","93.06","0.01783521531297241","762","0","2009","1361.3457252862545","3","5","0"
"21:44:40:0 (H:m:s:ms)","21:44:41:0 (H:m:s:ms)","BESTFIT","GENERIC","1","124.17599999999999","0.04313811028446546","1025","0","3129","1372.238928860163","3","1223","0"
"20:0:30:303 (H:m:s:ms)","20:0:31:0 (H:m:s:ms)","BESTFIT","GENERIC","1","93.054","0.019378480429644414","697","0","4078","1361.3457252862545","3","6","0"
"21:44:36:969 (H:m:s:ms)","21:44:38:0 (H:m:s:ms)","BESTFIT","GENERIC","1","124.05799999999999","0.029354626713040757","1030","0","4308","1361.3457252862545","3","1222","0"
"20:0:36:363 (H:m:s:ms)","20:0:37:0 (H:m:s:ms)","BESTFIT","GENERIC","1","93.061","0.022580870797361954","637","1","3678","1361.3457252862545","3","7","0"
"21:44:30:303 (H:m:s:ms)","21:44:31:0 (H:m:s:ms)","BESTFIT","GENERIC","1","124.08","0.024383425412390563","696","0","4704","1361.3457252862545","3","1221","0"
"20:0:42:424 (H:m:s:ms)","20:0:43:0 (H:m:s:ms)","BESTFIT","GENERIC","1","93.059","0.02258109545772859","576","0","3047","1361.3457252862545","3","8","0"
"21:10:38:787 (H:m:s:ms)","21:10:39:0 (H:m:s:ms)","BESTFIT","GENERIC","1","124.082","0.03718369506017535","212","0","4281","1372.238928860163","3","800","0"
"20:0:48:484 (H:m:s:ms)","20:0:49:0 (H:m:s:ms)","BESTFIT","GENERIC","1","93.071","0.02091605921337113","516","1","1731","1361.3457252862545","3","9","0"
"21:11:0:0 (H:m:s:ms)","21:11:1:0 (H:m:s:ms)","BESTFIT","GENERIC","1","124.042","0.017459313069629237","1077","0","4600","1361.3457252862545","3","801","0"
"21:11:0:0 (H:m:s:ms)","21:11:1:0 (H:m:s:ms)","BESTFIT","GENERIC","1","124.13","0.031985136425857805","1077","0","4272","1372.238928860163","3","802","0"
"21:11:6:666 (H:m:s:ms)","21:11:7:0 (H:m:s:ms)","BESTFIT","GENERIC","1","124.12","0.02841012083270188","333","0","4928","1361.3457252862545","3","803","0"
"21:11:7:272 (H:m:s:ms)","21:11:8:0 (H:m:s:ms)","BESTFIT","GENERIC","1","124.13999999999999","0.04367748554760032","727","0","2736","1372.238928860163","3","804","0"
"21:11:8:484 (H:m:s:ms)","21:11:9:0 (H:m:s:ms)","BESTFIT","GENERIC","1","124.178","0.04945501361815612","516","0","4631","6022.24227692596","3","805","0"
"21:11:9:90 (H:m:s:ms)","21:11:10:0 (H:m:s:ms)","BESTFIT","GENERIC","1","124.191","0.055297636911127365","969","0","4914","1405.7557555736407","3","806","0"
"21:11:13:333 (H:m:s:ms)","21:11:14:0 (H:m:s:ms)","BESTFIT","GENERIC","1","124.122","0.04558058815904142","667","0","4090","1361.3457252862545","3","807","0"
"21:45:6:60 (H:m:s:ms)","21:45:7:0 (H:m:s:ms)","BESTFIT","GENERIC","1","124.156","0.048468576048610754","939","0","4614","1099.945747445902","3","1229","0"
"21:11:15:151 (H:m:s:ms)","21:11:16:0 (H:m:s:ms)","BESTFIT","GENERIC","1","124.124","0.03999457246382453","848","0","2346","1372.238928860163","3","808","0"
"21:11:17:575 (H:m:s:ms)","21:11:18:0 (H:m:s:ms)","BESTFIT","GENERIC","1","124.21799999999999","0.04438684851930973","424","0","2244","6022.24227692596","3","809","0"
"21:26:34:936 (H:m:s:ms)","21:26:36:0 (H:m:s:ms)","BESTFIT","OPERA","1","124.05799999999999","0.03177025524848343","1067","0","1918","1372.238928860163","3","1000","0"
"21:46:23:636 (H:m:s:ms)","21:46:24:0 (H:m:s:ms)","BESTFIT","GENERIC","1","124.124","0.027878169286561068","363","0","3804","1361.3457252862545","3","1242","0"
"21:46:18:787 (H:m:s:ms)","21:46:19:0 (H:m:s:ms)","BESTFIT","GENERIC","1","124.202","0.044468825053359036","212","0","2142","6022.24227692596","3","1241","0"
"21:46:15:949 (H:m:s:ms)","21:46:17:0 (H:m:s:ms)","BESTFIT","OPERA","1","124.05799999999999","0.041920562712446666","1050","0","2231","1372.238928860163","3","1240","0"
"21:46:14:545 (H:m:s:ms)","21:46:15:0 (H:m:s:ms)","BESTFIT","GENERIC","1","124.094","0.04169317986021595","462","0","4737","1361.3457252862545","3","1239","0"
"21:46:10:303 (H:m:s:ms)","21:46:11:0 (H:m:s:ms)","BESTFIT","GENERIC","1","124.13999999999999","0.03802774933100727","696","0","3778","1372.238928860163","3","1238","0"
"21:46:7:878 (H:m:s:ms)","21:46:9:0 (H:m:s:ms)","BESTFIT","GENERIC","1","124.11","0.0263197199689798","1121","0","2221","1361.3457252862545","3","1237","0"
"21:45:57:575 (H:m:s:ms)","21:45:58:0 (H:m:s:ms)","BESTFIT","GENERIC","1","124.096","0.029661231126988968","424","0","2285","1361.3457252862545","3","1236","0"
"21:45:53:333 (H:m:s:ms)","21:45:54:0 (H:m:s:ms)","BESTFIT","GENERIC","1","124.186","0.04567970367122722","666","0","1585","6022.24227692596","3","1235","0"
"21:45:48:484 (H:m:s:ms)","21:45:49:0 (H:m:s:ms)","BESTFIT","GENERIC","1","124.13","0.044778599624981","516","1","4746","1372.238928860163","3","1234","0"
"21:45:47:878 (H:m:s:ms)","21:45:49:0 (H:m:s:ms)","BESTFIT","GENERIC","1","124.132","0.026802720270926405","1121","0","3082","1361.3457252862545","3","1233","0"
"21:11:21:265 (H:m:s:ms)","21:11:22:0 (H:m:s:ms)","BESTFIT","OPERA","1","93.035","0.031027999849494607","734","0","4097","1361.3457252862545","3","810","0"
"21:45:38:181 (H:m:s:ms)","21:45:39:0 (H:m:s:ms)","BESTFIT","GENERIC","1","124.134","0.019734804095787206","818","0","3544","1361.3457252862545","3","1232","0"
"21:11:29:696 (H:m:s:ms)","21:11:30:0 (H:m:s:ms)","BESTFIT","GENERIC","1","124.12","0.018080529166516365","367","0","4510","1361.3457252862545","3","811","0"
"21:11:40:0 (H:m:s:ms)","21:11:41:0 (H:m:s:ms)","BESTFIT","GENERIC","1","124.16","0.022957754203382787","1032","0","3870","1361.3457252862545","3","812","0"
"21:11:44:848 (H:m:s:ms)","21:11:45:0 (H:m:s:ms)","BESTFIT","GENERIC","1","124.076","0.03644428242195945","155","0","1424","1372.238928860163","3","813","0"
"21:11:50:909 (H:m:s:ms)","21:11:52:0 (H:m:s:ms)","BESTFIT","GENERIC","1","124.154","0.023875895046150473","1090","0","1291","1361.3457252862545","3","814","0"
"21:12:4:242 (H:m:s:ms)","21:12:5:0 (H:m:s:ms)","BESTFIT","GENERIC","1","124.116","0.029048636412352197","762","0","2003","1361.3457252862545","3","815","0"
"21:12:5:454 (H:m:s:ms)","21:12:6:0 (H:m:s:ms)","BESTFIT","GENERIC","1","124.108","0.043838986808740356","545","0","2557","1372.238928860163","3","816","0"
"21:12:7:878 (H:m:s:ms)","21:12:9:0 (H:m:s:ms)","BESTFIT","GENERIC","1","124.19200000000001","0.048516420775767906","1121","0","3379","6022.24227692596","3","817","0"
"21:12:9:113 (H:m:s:ms)","21:12:10:0 (H:m:s:ms)","BESTFIT","OPERA","1","124.089","0.054809538242111815","953","0","1475","1405.7557555736407","3","818","0"
"21:12:18:787 (H:m:s:ms)","21:12:19:0 (H:m:s:ms)","BESTFIT","GENERIC","1","124.12","0.019043911131251798","212","0","4804","1361.3457252862545","3","819","0"
"21:27:23:544 (H:m:s:ms)","21:27:24:0 (H:m:s:ms)","BESTFIT","OPERA","1","124.05799999999999","0.03284174775271593","455","0","4202","1372.238928860163","3","1011","0"
"21:47:18:227 (H:m:s:ms)","21:47:19:0 (H:m:s:ms)","BESTFIT","OPERA","1","124.05799999999999","0.03110861800475974","772","0","2886","1372.238928860163","3","1253","0"
"21:27:20:0 (H:m:s:ms)","21:27:21:0 (H:m:s:ms)","BESTFIT","GENERIC","1","124.13","0.015060078114353122","1051","0","4954","1361.3457252862545","3","1010","0"
"21:47:13:939 (H:m:s:ms)","21:47:15:0 (H:m:s:ms)","BESTFIT","GENERIC","1","124.158","0.025126436785470656","1064","0","4025","1361.3457252862545","3","1252","0"
"21:47:6:666 (H:m:s:ms)","21:47:7:0 (H:m:s:ms)","BESTFIT","GENERIC","1","124.136","0.03067571215090453","333","0","1311","1372.238928860163","3","1251","0"
"21:47:4:848 (H:m:s:ms)","21:47:5:0 (H:m:s:ms)","BESTFIT","GENERIC","1","124.138","0.02109107342994023","155","0","1525","1361.3457252862545","3","1250","0"
"21:27:8:484 (H:m:s:ms)","21:27:9:0 (H:m:s:ms)","BESTFIT","GENERIC","1","124.178","0.031833318733753245","515","0","2261","6022.24227692596","3","1008","0"
"21:27:7:878 (H:m:s:ms)","21:27:9:0 (H:m:s:ms)","BESTFIT","GENERIC","1","124.15700000000001","0.03965381838895944","1121","0","3284","1405.7557555736407","3","1007","0"
"21:46:56:969 (H:m:s:ms)","21:46:58:0 (H:m:s:ms)","BESTFIT","GENERIC","1","124.102","0.03711567096320042","1030","0","4643","1372.238928860163","3","1249","0"
"21:27:7:272 (H:m:s:ms)","21:27:8:0 (H:m:s:ms)","BESTFIT","GENERIC","1","124.13999999999999","0.02827557970244543","727","0","1564","1372.238928860163","3","1006","0"
"21:46:56:363 (H:m:s:ms)","21:46:57:0 (H:m:s:ms)","BESTFIT","GENERIC","1","124.13","0.01919267038729116","636","0","4407","1361.3457252862545","3","1248","0"
"21:27:6:60 (H:m:s:ms)","21:27:7:0 (H:m:s:ms)","BESTFIT","GENERIC","1","124.094","0.01709309562889012","939","0","4860","1361.3457252862545","3","1005","0"
"21:46:42:424 (H:m:s:ms)","21:46:43:0 (H:m:s:ms)","BESTFIT","GENERIC","1","124.09","0.033263258617291354","575","0","4550","1361.3457252862545","3","1247","0"
"21:26:56:969 (H:m:s:ms)","21:26:58:0 (H:m:s:ms)","BESTFIT","GENERIC","1","124.086","0.021469172495040382","1030","0","3084","1361.3457252862545","3","1004","0"
"21:46:37:575 (H:m:s:ms)","21:46:38:0 (H:m:s:ms)","BESTFIT","GENERIC","1","124.18","0.0428731618368468","424","0","3439","6022.24227692596","3","1246","0"
"21:26:47:878 (H:m:s:ms)","21:26:49:0 (H:m:s:ms)","BESTFIT","GENERIC","1","124.132","0.029887541456877345","1121","0","1493","1361.3457252862545","3","1003","0"
"21:46:34:177 (H:m:s:ms)","21:46:35:0 (H:m:s:ms)","BESTFIT","OPERA","1","124.05799999999999","0.038317411437460064","827","0","2021","1372.238928860163","3","1245","0"
"21:12:40:606 (H:m:s:ms)","21:12:41:0 (H:m:s:ms)","BESTFIT","GENERIC","1","124.136","0.017963907926511095","394","0","1555","1361.3457252862545","3","820","0"
"21:26:36:363 (H:m:s:ms)","21:26:37:0 (H:m:s:ms)","BESTFIT","GENERIC","1","124.141","0.04490134516401966","636","0","2893","1405.7557555736407","3","1002","0"
"21:46:32:121 (H:m:s:ms)","21:46:33:0 (H:m:s:ms)","BESTFIT","GENERIC","1","124.1","0.025255063519103386","878","0","4362","1361.3457252862545","3","1244","0"
"21:12:54:545 (H:m:s:ms)","21:12:55:0 (H:m:s:ms)","BESTFIT","GENERIC","1","124.116","0.01836396566657353","457","0","3159","1361.3457252862545","3","821","0"
"21:26:35:757 (H:m:s:ms)","21:26:36:0 (H:m:s:ms)","BESTFIT","GENERIC","1","124.22999999999999","0.040958426672732445","242","0","1666","6022.24227692596","3","1001","0"
"21:46:24:242 (H:m:s:ms)","21:46:25:0 (H:m:s:ms)","BESTFIT","GENERIC","1","124.108","0.03301288008676361","760","0","3040","1372.238928860163","3","1243","0"
"21:13:0:0 (H:m:s:ms)","21:13:1:0 (H:m:s:ms)","BESTFIT","AMBULANCE","1","124.116","0.02540551433029029","1042","0","1224","1361.3457252862545","3","822","0"
"21:13:9:696 (H:m:s:ms)","21:13:10:0 (H:m:s:ms)","BESTFIT","GENERIC","1","124.106","0.023632799223414006","334","0","4917","1361.3457252862545","3","823","0"
"21:13:12:121 (H:m:s:ms)","21:13:13:0 (H:m:s:ms)","BESTFIT","GENERIC","1","124.16399999999999","0.03751675736186739","878","0","3155","1372.238928860163","3","824","0"
"21:13:13:670 (H:m:s:ms)","21:13:14:0 (H:m:s:ms)","BESTFIT","OPERA","1","124.124","0.04204314597212923","329","0","4469","6022.24227692596","3","825","0"
"21:13:37:974 (H:m:s:ms)","21:13:39:0 (H:m:s:ms)","BESTFIT","OPERA","1","124.042","0.02255170540369686","1026","0","3156","1361.3457252862545","3","826","0"
"21:13:41:818 (H:m:s:ms)","21:13:42:0 (H:m:s:ms)","BESTFIT","GENERIC","1","124.106","0.03184734329512748","181","0","3284","1372.238928860163","3","827","0"
"21:13:43:30 (H:m:s:ms)","21:13:44:0 (H:m:s:ms)","BESTFIT","GENERIC","1","124.214","0.0391050202958943","969","0","1846","6022.24227692596","3","828","0"
"21:13:52:727 (H:m:s:ms)","21:13:53:0 (H:m:s:ms)","BESTFIT","GENERIC","1","124.078","0.029196115533313544","272","0","4003","1361.3457252862545","3","829","0"
"21:27:11:515 (H:m:s:ms)","21:27:12:0 (H:m:s:ms)","BESTFIT","GENERIC","1","124.16","0.04439069693915668","484","0","4200","1099.945747445902","3","1009","0"
"21:28:18:181 (H:m:s:ms)","21:28:19:0 (H:m:s:ms)","BESTFIT","GENERIC","1","124.088","0.027280680157586053","818","0","3784","1361.3457252862545","3","1022","0"
"21:48:15:151 (H:m:s:ms)","21:48:16:0 (H:m:s:ms)","BESTFIT","GENERIC","1","124.124","0.033142660883836085","848","0","3449","1372.238928860163","3","1264","0"
"21:28:11:392 (H:m:s:ms)","21:28:12:0 (H:m:s:ms)","BESTFIT","OPERA","1","124.05799999999999","0.03215920520392786","607","0","3357","1372.238928860163","3","1021","0"
"21:48:11:515 (H:m:s:ms)","21:48:12:0 (H:m:s:ms)","BESTFIT","GENERIC","1","124.098","0.02250603674829137","484","0","3260","1361.3457252862545","3","1263","0"
"21:28:10:303 (H:m:s:ms)","21:28:11:0 (H:m:s:ms)","BESTFIT","GENERIC","1","124.124","0.02374271945715545","696","0","1699","1361.3457252862545","3","1020","0"
"21:48:0:606 (H:m:s:ms)","21:48:1:0 (H:m:s:ms)","BESTFIT","GENERIC","1","124.118","0.03518549886083315","393","0","3583","1372.238928860163","3","1262","0"
"21:47:58:181 (H:m:s:ms)","21:47:59:0 (H:m:s:ms)","BESTFIT","GENERIC","1","124.088","0.0245462979519467","819","0","1559","1361.3457252862545","3","1261","0"
"21:47:52:727 (H:m:s:ms)","21:47:53:0 (H:m:s:ms)","BESTFIT","GENERIC","1","124.078","0.03504807195597768","272","0","1799","1361.3457252862545","3","1260","0"
"21:28:4:848 (H:m:s:ms)","21:28:5:0 (H:m:s:ms)","BESTFIT","GENERIC","1","124.154","0.03586236995573087","153","0","1902","1372.238928860163","3","1019","0"
"21:28:1:818 (H:m:s:ms)","21:28:2:0 (H:m:s:ms)","BESTFIT","GENERIC","1","124.104","0.02848970696119631","181","0","3750","1361.3457252862545","3","1018","0"
"21:27:53:939 (H:m:s:ms)","21:27:55:0 (H:m:s:ms)","BESTFIT","GENERIC","1","124.132","0.041609682446141355","1064","0","1174","1372.238928860163","3","1017","0"
"21:47:49:90 (H:m:s:ms)","21:47:50:0 (H:m:s:ms)","BESTFIT","GENERIC","1","124.124","0.03559992321883038","953","0","2497","1372.238928860163","3","1259","0"
"21:27:53:924 (H:m:s:ms)","21:27:55:0 (H:m:s:ms)","BESTFIT","OPERA","1","124.042","0.025764274536056106","1079","0","3048","1361.3457252862545","3","1016","0"
"21:47:44:848 (H:m:s:ms)","21:47:45:0 (H:m:s:ms)","BESTFIT","GENERIC","1","124.062","0.0407049982610152","153","0","3647","1361.3457252862545","3","1258","0"
"21:27:41:818 (H:m:s:ms)","21:27:42:0 (H:m:s:ms)","BESTFIT","GENERIC","1","124.106","0.03683314411887396","181","0","2212","1372.238928860163","3","1015","0"
"21:47:41:212 (H:m:s:ms)","21:47:42:0 (H:m:s:ms)","BESTFIT","GENERIC","1","124.116","0.043662713231963995","787","0","1582","1372.238928860163","3","1257","0"
"21:13:54:683 (H:m:s:ms)","21:13:55:0 (H:m:s:ms)","BESTFIT","OPERA","1","124.05799999999999","0.03508738817589853","322","0","1171","1372.238928860163","3","830","0"
"21:27:38:181 (H:m:s:ms)","21:27:39:0 (H:m:s:ms)","BESTFIT","GENERIC","1","124.134","0.026747567834762884","818","0","3970","1361.3457252862545","3","1014","0"
"21:47:36:363 (H:m:s:ms)","21:47:37:0 (H:m:s:ms)","BESTFIT","GENERIC","1","124.094","0.03159384970595978","637","0","1102","1361.3457252862545","3","1256","0"
"21:13:55:151 (H:m:s:ms)","21:13:56:0 (H:m:s:ms)","BESTFIT","GENERIC","1","124.174","0.03972374849216815","848","0","2411","6022.24227692596","3","831","0"
"21:27:31:515 (H:m:s:ms)","21:27:32:0 (H:m:s:ms)","BESTFIT","GENERIC","1","124.076","0.03431131039457062","484","0","2028","1372.238928860163","3","1013","0"
"21:47:20:606 (H:m:s:ms)","21:47:21:0 (H:m:s:ms)","BESTFIT","GENERIC","1","124.076","0.03661915895403892","393","0","1385","1361.3457252862545","3","1255","0"
"21:13:57:575 (H:m:s:ms)","21:13:58:0 (H:m:s:ms)","BESTFIT","GENERIC","1","124.143","0.0471197504194316","424","0","1112","1405.7557555736407","3","832","0"
"21:27:30:303 (H:m:s:ms)","21:27:31:0 (H:m:s:ms)","BESTFIT","GENERIC","1","124.08","0.023958436964812136","696","0","1743","1361.3457252862545","3","1012","0"
"21:47:19:393 (H:m:s:ms)","21:47:20:0 (H:m:s:ms)","BESTFIT","GENERIC","1","124.142","0.037313284451969936","637","0","2430","6022.24227692596","3","1254","0"
"21:13:58:181 (H:m:s:ms)","21:13:59:0 (H:m:s:ms)","BESTFIT","GENERIC","1","124.088","0.046373900243052754","818","0","1995","1361.3457252862545","3","833","0"
"21:13:58:787 (H:m:s:ms)","21:13:59:0 (H:m:s:ms)","BESTFIT","GENERIC","1","124.2","0.049756688480086596","212","0","4418","1099.945747445902","3","834","0"
"21:14:0:0 (H:m:s:ms)","21:14:1:0 (H:m:s:ms)","BESTFIT","OPERA","1","124.05799999999999","0.0492695278987097","1034","0","1266","1372.238928860163","3","835","0"
"21:14:4:848 (H:m:s:ms)","21:14:5:0 (H:m:s:ms)","BESTFIT","GENERIC","1","124.138","0.031621330480904986","157","0","3876","1361.3457252862545","3","836","0"
"21:14:14:545 (H:m:s:ms)","21:14:15:0 (H:m:s:ms)","BESTFIT","GENERIC","1","124.094","0.02848970696119631","459","0","1311","1361.3457252862545","3","837","0"
"21:14:19:393 (H:m:s:ms)","21:14:20:0 (H:m:s:ms)","BESTFIT","GENERIC","1","124.076","0.040058668474238876","652","0","1888","1372.238928860163","3","838","0"
"21:14:22:424 (H:m:s:ms)","21:14:23:0 (H:m:s:ms)","BESTFIT","GENERIC","1","124.08","0.04052672197684714","575","0","1703","1361.3457252862545","3","839","0"
"21:28:53:333 (H:m:s:ms)","21:28:54:0 (H:m:s:ms)","BESTFIT","GENERIC","1","124.104","0.02267691319453711","666","0","1505","1361.3457252862545","3","1033","0"
"21:49:16:363 (H:m:s:ms)","21:49:17:0 (H:m:s:ms)","BESTFIT","GENERIC","1","124.102","0.025235233108762828","636","0","4408","1361.3457252862545","3","1275","0"
"21:28:42:424 (H:m:s:ms)","21:28:43:0 (H:m:s:ms)","BESTFIT","GENERIC","1","124.172","0.03222484384230132","575","0","3438","6022.24227692596","3","1032","0"
"21:49:8:484 (H:m:s:ms)","21:49:9:0 (H:m:s:ms)","BESTFIT","GENERIC","1","124.096","0.024188414082282984","515","0","2114","1361.3457252862545","3","1274","0"
"21:28:41:772 (H:m:s:ms)","21:28:42:0 (H:m:s:ms)","BESTFIT","OPERA","1","124.05799999999999","0.026602138224204264","227","0","4262","1372.238928860163","3","1031","0"
"21:49:1:212 (H:m:s:ms)","21:49:2:0 (H:m:s:ms)","BESTFIT","GENERIC","1","124.11","0.03370634740391989","787","0","3662","1361.3457252862545","3","1273","0"
"21:28:39:393 (H:m:s:ms)","21:28:40:0 (H:m:s:ms)","BESTFIT","GENERIC","1","124.15","0.035218118713703256","640","0","4749","1361.3457252862545","3","1030","0"
"21:48:56:202 (H:m:s:ms)","21:48:57:0 (H:m:s:ms)","BESTFIT","OPERA","1","124.05799999999999","0.03443828049199968","797","0","4370","1372.238928860163","3","1272","0"
"21:48:53:939 (H:m:s:ms)","21:48:55:0 (H:m:s:ms)","BESTFIT","GENERIC","1","124.116","0.0319744114956107","1063","0","3402","1361.3457252862545","3","1271","0"
"21:48:49:696 (H:m:s:ms)","21:48:50:0 (H:m:s:ms)","BESTFIT","GENERIC","1","124.076","0.03387164016568809","347","0","2680","1372.238928860163","3","1270","0"
"21:28:34:736 (H:m:s:ms)","21:28:35:0 (H:m:s:ms)","BESTFIT","AMBULANCE","1","124.14500000000001","0.050430867236396795","267","0","1012","1405.7557555736407","3","1029","0"
"21:28:32:658 (H:m:s:ms)","21:28:33:0 (H:m:s:ms)","BESTFIT","OPERA","1","124.124","0.04212390101496237","341","0","4486","6022.24227692596","3","1028","0"
"21:28:32:121 (H:m:s:ms)","21:28:33:0 (H:m:s:ms)","BESTFIT","GENERIC","1","124.1","0.03754164742579517","878","0","3948","1361.3457252862545","3","1027","0"
"21:48:46:329 (H:m:s:ms)","21:48:47:0 (H:m:s:ms)","BESTFIT","OPERA","1","124.042","0.028578003993246722","670","0","1034","1361.3457252862545","3","1269","0"
"21:14:23:30 (H:m:s:ms)","21:14:24:0 (H:m:s:ms)","BESTFIT","GENERIC","1","124.232","0.042002931642433405","969","0","2689","6022.24227692596","3","840","0"
"21:28:29:696 (H:m:s:ms)","21:28:30:0 (H:m:s:ms)","BESTFIT","GENERIC","1","124.136","0.03870549061892622","333","0","3473","1372.238928860163","3","1026","0"
"21:48:34:545 (H:m:s:ms)","21:48:35:0 (H:m:s:ms)","BESTFIT","GENERIC","1","124.162","0.03801639263303291","460","0","1537","6022.24227692596","3","1268","0"
"21:14:25:454 (H:m:s:ms)","21:14:26:0 (H:m:s:ms)","BESTFIT","GENERIC","1","124.184","0.04261663332989411","545","0","2826","1372.238928860163","3","841","0"
"21:28:24:848 (H:m:s:ms)","21:28:25:0 (H:m:s:ms)","BESTFIT","GENERIC","1","124.108","0.042577032133799986","153","0","3498","1361.3457252862545","3","1025","0"
"21:48:33:939 (H:m:s:ms)","21:48:35:0 (H:m:s:ms)","BESTFIT","GENERIC","1","124.11","0.03304421708487314","1066","1","4727","1372.238928860163","3","1267","0"
"20:53:52:121 (H:m:s:ms)","20:53:53:0 (H:m:s:ms)","BESTFIT","GENERIC","1","124.126","0.03496337581909611","879","0","1491","1372.238928860163","3","600","0"
"21:14:25:822 (H:m:s:ms)","21:14:26:0 (H:m:s:ms)","BESTFIT","OPERA","1","124.089","0.04848278382082738","177","0","2751","1405.7557555736407","3","842","0"
"21:28:20:606 (H:m:s:ms)","21:28:21:0 (H:m:s:ms)","BESTFIT","GENERIC","1","124.092","0.03869344091120139","393","0","2239","1372.238928860163","3","1024","0"
"21:48:29:696 (H:m:s:ms)","21:48:30:0 (H:m:s:ms)","BESTFIT","GENERIC","1","124.12","0.0193077656274987","343","0","1962","1361.3457252862545","3","1266","0"
"20:53:53:939 (H:m:s:ms)","20:53:55:0 (H:m:s:ms)","BESTFIT","GENERIC","1","124.19800000000001","0.042825378878295545","1071","0","3519","6022.24227692596","3","601","0"
"21:14:28:484 (H:m:s:ms)","21:14:29:0 (H:m:s:ms)","BESTFIT","GENERIC","1","124.114","0.04625337776449117","515","0","4996","1361.3457252862545","3","843","0"
"21:28:20:506 (H:m:s:ms)","21:28:21:0 (H:m:s:ms)","BESTFIT","OPERA","1","124.124","0.04195111380447272","493","0","3331","6022.24227692596","3","1023","0"
"21:48:21:818 (H:m:s:ms)","21:48:22:0 (H:m:s:ms)","BESTFIT","GENERIC","1","124.092","0.02613185115981692","181","0","2571","1361.3457252862545","3","1265","0"
"20:54:11:515 (H:m:s:ms)","20:54:12:0 (H:m:s:ms)","BESTFIT","GENERIC","1","124.098","0.018622177914786823","485","0","4650","1361.3457252862545","3","602","0"
"21:14:35:757 (H:m:s:ms)","21:14:36:0 (H:m:s:ms)","BESTFIT","GENERIC","1","124.148","0.027514458423447203","242","0","3492","1361.3457252862545","3","844","0"
"20:54:13:333 (H:m:s:ms)","20:54:14:0 (H:m:s:ms)","BESTFIT","GENERIC","1","124.138","0.02943105100772412","666","0","4349","1372.238928860163","3","603","0"
"21:14:36:363 (H:m:s:ms)","21:14:37:0 (H:m:s:ms)","BESTFIT","GENERIC","1","124.11","0.03292510162872856","636","0","4770","1372.238928860163","3","845","0"
"20:54:21:212 (H:m:s:ms)","20:54:22:0 (H:m:s:ms)","BESTFIT","GENERIC","1","124.074","0.01241399153389492","787","0","4448","1361.3457252862545","3","604","0"
"21:14:43:636 (H:m:s:ms)","21:14:44:0 (H:m:s:ms)","BESTFIT","GENERIC","1","124.084","0.017831866430247135","364","0","3939","1361.3457252862545","3","846","0"
"20:54:25:454 (H:m:s:ms)","20:54:26:0 (H:m:s:ms)","BESTFIT","GENERIC","1","124.184","0.03609118217052779","545","0","2708","1372.238928860163","3","605","0"
"21:14:53:939 (H:m:s:ms)","21:14:55:0 (H:m:s:ms)","BESTFIT","GENERIC","1","124.116","0.02033888090865634","1066","0","1799","1361.3457252862545","3","847","0"
"20:54:27:878 (H:m:s:ms)","20:54:29:0 (H:m:s:ms)","BESTFIT","GENERIC","1","124.152","0.040625411596341914","1121","0","4712","1361.3457252862545","3","606","0"
"21:15:2:424 (H:m:s:ms)","21:15:3:0 (H:m:s:ms)","BESTFIT","GENERIC","1","124.134","0.027511356020947317","575","0","2470","1361.3457252862545","3","848","0"
"20:54:28:484 (H:m:s:ms)","20:54:29:0 (H:m:s:ms)","BESTFIT","GENERIC","1","124.194","0.043033578589704385","515","0","3053","6022.24227692596","3","607","0"
"21:15:4:242 (H:m:s:ms)","21:15:5:0 (H:m:s:ms)","BESTFIT","GENERIC","1","124.132","0.03620037582302466","767","0","2787","1372.238928860163","3","849","0"
"20:54:29:90 (H:m:s:ms)","20:54:30:0 (H:m:s:ms)","BESTFIT","GENERIC","1","124.129","0.0470717965810848","1027","0","2862","1405.7557555736407","3","608","0"
"20:54:30:909 (H:m:s:ms)","20:54:32:0 (H:m:s:ms)","BESTFIT","GENERIC","1","124.074","0.0380278796124794","1092","1","2866","1372.238928860163","3","609","0"
"21:29:52:121 (H:m:s:ms)","21:29:53:0 (H:m:s:ms)","BESTFIT","GENERIC","1","124.11","0.018031152240689286","878","0","3232","1361.3457252862545","3","1044","0"
"21:50:7:272 (H:m:s:ms)","21:50:8:0 (H:m:s:ms)","BESTFIT","GENERIC","1","124.124","0.025798054000346068","728","1","3373","1361.3457252862545","3","1286","0"
"21:29:25:263 (H:m:s:ms)","21:29:26:0 (H:m:s:ms)","BESTFIT","AMBULANCE","1","124.122","0.040727126508019504","736","0","789","1361.3457252862545","3","1043","0"
"21:49:54:545 (H:m:s:ms)","21:49:55:0 (H:m:s:ms)","BESTFIT","GENERIC","1","124.116","0.020287194546677177","457","0","2716","1361.3457252862545","3","1285","0"
"21:29:21:818 (H:m:s:ms)","21:29:22:0 (H:m:s:ms)","BESTFIT","GENERIC","1","124.108","0.034957663260870166","181","0","2391","1372.238928860163","3","1042","0"
"21:49:46:60 (H:m:s:ms)","21:49:47:0 (H:m:s:ms)","BESTFIT","GENERIC","1","124.126","0.024461421926103885","940","0","3151","1361.3457252862545","3","1284","0"
"21:29:18:787 (H:m:s:ms)","21:29:19:0 (H:m:s:ms)","BESTFIT","GENERIC","1","124.12","0.017523604639934076","213","1","4752","1361.3457252862545","3","1041","0"
"21:49:39:393 (H:m:s:ms)","21:49:40:0 (H:m:s:ms)","BESTFIT","GENERIC","1","124.15","0.01795039982600058","645","0","4412","1361.3457252862545","3","1283","0"
"21:29:12:631 (H:m:s:ms)","21:29:13:0 (H:m:s:ms)","BESTFIT","AMBULANCE","1","124.208","0.039231305836508495","368","0","738","6022.24227692596","3","1040","0"
"21:49:33:333 (H:m:s:ms)","21:49:34:0 (H:m:s:ms)","BESTFIT","GENERIC","1","124.18","0.0407880350629044","666","0","2696","6022.24227692596","3","1282","0"
"21:49:32:727 (H:m:s:ms)","21:49:33:0 (H:m:s:ms)","BESTFIT","GENERIC","1","124.096","0.03694803236642327","272","0","3059","1372.238928860163","3","1281","0"
"21:49:31:515 (H:m:s:ms)","21:49:32:0 (H:m:s:ms)","BESTFIT","GENERIC","1","124.06","0.030793643529829946","485","1","1223","1361.3457252862545","3","1280","0"
"21:29:12:121 (H:m:s:ms)","21:29:13:0 (H:m:s:ms)","BESTFIT","GENERIC","1","124.195","0.047408529384920205","878","0","2001","1405.7557555736407","3","1039","0"
"21:15:6:60 (H:m:s:ms)","21:15:7:0 (H:m:s:ms)","BESTFIT","GENERIC","1","124.176","0.041692396113749086","939","0","3866","6022.24227692596","3","850","0"
"21:29:10:909 (H:m:s:ms)","21:29:12:0 (H:m:s:ms)","BESTFIT","GENERIC","1","124.088","0.027370841631588254","1090","0","2406","1372.238928860163","3","1038","0"
"21:15:10:303 (H:m:s:ms)","21:15:11:0 (H:m:s:ms)","BESTFIT","GENERIC","1","124.124","0.030196437325528933","696","0","4802","1361.3457252862545","3","851","0"
"21:29:10:632 (H:m:s:ms)","21:29:11:0 (H:m:s:ms)","BESTFIT","OPERA","1","124.042","0.015653621658911248","367","0","1364","1361.3457252862545","3","1037","0"
"21:49:25:454 (H:m:s:ms)","21:49:26:0 (H:m:s:ms)","BESTFIT","GENERIC","1","124.184","0.038467932902509674","545","0","1403","1372.238928860163","3","1279","0"
"20:54:31:139 (H:m:s:ms)","20:54:32:0 (H:m:s:ms)","BESTFIT","OPERA","1","93.09700000000001","0.04331960492023759","861","0","1415","1099.945747445902","3","610","0"
"21:15:16:363 (H:m:s:ms)","21:15:17:0 (H:m:s:ms)","BESTFIT","GENERIC","1","124.102","0.02175381602691759","636","0","1762","1361.3457252862545","3","852","0"
"21:29:3:30 (H:m:s:ms)","21:29:4:0 (H:m:s:ms)","BESTFIT","GENERIC","1","124.16999999999999","0.04493583371460062","969","0","4224","1372.238928860163","3","1036","0"
"21:49:24:848 (H:m:s:ms)","21:49:25:0 (H:m:s:ms)","BESTFIT","GENERIC","1","124.108","0.027675014149410128","158","0","1769","1361.3457252862545","3","1278","0"
"20:54:31:515 (H:m:s:ms)","20:54:32:0 (H:m:s:ms)","BESTFIT","GENERIC","1","124.175","0.05098027149958256","485","0","1297","5264.745271947242","3","611","0"
"21:15:21:212 (H:m:s:ms)","21:15:22:0 (H:m:s:ms)","BESTFIT","GENERIC","1","124.09","0.034914598809577035","787","0","2358","1372.238928860163","3","853","0"
"21:29:1:518 (H:m:s:ms)","21:29:2:0 (H:m:s:ms)","BESTFIT","OPERA","1","124.042","0.04806563309233778","481","0","3678","1361.3457252862545","3","1035","0"
"21:49:21:265 (H:m:s:ms)","21:49:22:0 (H:m:s:ms)","BESTFIT","OPERA","1","124.124","0.04416884705367015","734","0","4998","6022.24227692596","3","1277","0"
"20:54:37:894 (H:m:s:ms)","20:54:38:0 (H:m:s:ms)","BESTFIT","AMBULANCE","1","93.074","0.03165630441754186","105","0","1124","1361.3457252862545","3","612","0"
"21:15:27:341 (H:m:s:ms)","21:15:28:0 (H:m:s:ms)","BESTFIT","OPERA","1","124.042","0.02325170537416513","658","0","2439","1361.3457252862545","3","854","0"
"21:28:56:363 (H:m:s:ms)","21:28:57:0 (H:m:s:ms)","BESTFIT","GENERIC","1","124.148","0.04271189263310514","636","0","2605","1372.238928860163","3","1034","0"
"21:49:18:181 (H:m:s:ms)","21:49:19:0 (H:m:s:ms)","BESTFIT","GENERIC","1","124.104","0.04148527534254346","818","0","3247","1372.238928860163","3","1276","0"
"20:54:43:30 (H:m:s:ms)","20:54:44:0 (H:m:s:ms)","BESTFIT","GENERIC","1","124.132","0.021723632951526666","969","0","1235","1361.3457252862545","3","613","0"
"21:15:29:90 (H:m:s:ms)","21:15:30:0 (H:m:s:ms)","BESTFIT","GENERIC","1","124.098","0.03236010438450842","941","0","2882","1372.238928860163","3","855","0"
"20:54:44:242 (H:m:s:ms)","20:54:45:0 (H:m:s:ms)","BESTFIT","GENERIC","1","124.112","0.031054389119913883","772","0","3946","1372.238928860163","3","614","0"
"21:15:32:121 (H:m:s:ms)","21:15:33:0 (H:m:s:ms)","BESTFIT","GENERIC","1","124.182","0.03613198973508885","879","0","1837","6022.24227692596","3","856","0"
"20:54:50:909 (H:m:s:ms)","20:54:52:0 (H:m:s:ms)","BESTFIT","GENERIC","1","124.154","0.028179453515694904","1091","0","3739","1361.3457252862545","3","615","0"
"21:15:34:545 (H:m:s:ms)","21:15:35:0 (H:m:s:ms)","BESTFIT","GENERIC","1","124.08","0.03630292255782319","462","0","4264","1361.3457252862545","3","857","0"
"20:54:55:151 (H:m:s:ms)","20:54:56:0 (H:m:s:ms)","BESTFIT","GENERIC","1","124.108","0.03184456027780968","848","0","3039","1372.238928860163","3","616","0"
"21:15:42:424 (H:m:s:ms)","21:15:43:0 (H:m:s:ms)","BESTFIT","GENERIC","1","124.09","0.014693781405783955","575","0","3713","1361.3457252862545","3","858","0"
"20:55:0:0 (H:m:s:ms)","20:55:1:0 (H:m:s:ms)","BESTFIT","GENERIC","1","124.042","0.03382279484840907","1133","0","2344","1361.3457252862545","3","617","0"
"21:15:51:515 (H:m:s:ms)","21:15:52:0 (H:m:s:ms)","BESTFIT","GENERIC","1","124.112","0.029203326969215605","484","0","3128","1361.3457252862545","3","859","0"
"20:55:1:212 (H:m:s:ms)","20:55:2:0 (H:m:s:ms)","BESTFIT","GENERIC","1","124.128","0.037036503417067795","787","0","4488","1372.238928860163","3","618","0"
"20:55:9:696 (H:m:s:ms)","20:55:10:0 (H:m:s:ms)","BESTFIT","GENERIC","1","124.106","0.024383425412390563","426","0","1216","1361.3457252862545","3","619","0"
"21:30:43:636 (H:m:s:ms)","21:30:44:0 (H:m:s:ms)","BESTFIT","GENERIC","1","124.084","0.0298236372755269","363","0","1345","1361.3457252862545","3","1055","0"
"21:50:58:787 (H:m:s:ms)","21:50:59:0 (H:m:s:ms)","BESTFIT","GENERIC","1","124.138","0.034076010485522695","213","1","2258","1361.3457252862545","3","1297","0"
"21:30:37:575 (H:m:s:ms)","21:30:38:0 (H:m:s:ms)","BESTFIT","GENERIC","1","124.114","0.03863537533248626","424","0","2106","1372.238928860163","3","1054","0"
"21:50:54:683 (H:m:s:ms)","21:50:55:0 (H:m:s:ms)","BESTFIT","OPERA","1","124.05799999999999","0.03226360312956577","320","0","2781","1372.238928860163","3","1296","0"
"21:30:32:727 (H:m:s:ms)","21:30:33:0 (H:m:s:ms)","BESTFIT","GENERIC","1","124.08","0.03139499081028977","273","1","3042","1361.3457252862545","3","1053","0"
"21:50:52:121 (H:m:s:ms)","21:50:53:0 (H:m:s:ms)","BESTFIT","GENERIC","1","124.11","0.02264320025140513","879","1","4521","1361.3457252862545","3","1295","0"
"21:30:29:90 (H:m:s:ms)","21:30:30:0 (H:m:s:ms)","BESTFIT","GENERIC","1","124.098","0.03392739243727137","950","0","4442","1372.238928860163","3","1052","0"
"21:50:44:242 (H:m:s:ms)","21:50:45:0 (H:m:s:ms)","BESTFIT","GENERIC","1","124.096","0.04106214609471162","767","0","3586","1361.3457252862545","3","1294","0"
"21:30:26:666 (H:m:s:ms)","21:30:27:0 (H:m:s:ms)","BESTFIT","GENERIC","1","124.11","0.02433981190212662","333","0","1181","1361.3457252862545","3","1051","0"
"21:50:43:636 (H:m:s:ms)","21:50:44:0 (H:m:s:ms)","BESTFIT","GENERIC","1","124.1","0.042755232015175365","363","0","1797","1372.238928860163","3","1293","0"
"21:30:17:468 (H:m:s:ms)","21:30:18:0 (H:m:s:ms)","BESTFIT","OPERA","1","93.035","0.019842205515455767","531","0","1467","1361.3457252862545","3","1050","0"
"21:50:38:787 (H:m:s:ms)","21:50:39:0 (H:m:s:ms)","BESTFIT","GENERIC","1","124.066","0.030540501060782144","212","0","3898","1361.3457252862545","3","1292","0"
"21:50:28:484 (H:m:s:ms)","21:50:29:0 (H:m:s:ms)","BESTFIT","GENERIC","1","124.114","0.02968235761879792","515","0","1922","1361.3457252862545","3","1291","0"
"21:50:22:424 (H:m:s:ms)","21:50:23:0 (H:m:s:ms)","BESTFIT","GENERIC","1","124.08","0.024086791955165058","575","0","1596","1361.3457252862545","3","1290","0"
"21:16:3:30 (H:m:s:ms)","21:16:4:0 (H:m:s:ms)","BESTFIT","GENERIC","1","124.154","0.026471254191956138","969","0","3886","1361.3457252862545","3","860","0"
"21:16:8:484 (H:m:s:ms)","21:16:9:0 (H:m:s:ms)","BESTFIT","GENERIC","1","124.112","0.03234500259790068","515","0","2303","1372.238928860163","3","861","0"
"21:30:9:90 (H:m:s:ms)","21:30:10:0 (H:m:s:ms)","BESTFIT","GENERIC","1","124.144","0.020349298717410057","941","0","1863","1361.3457252862545","3","1049","0"
"20:55:13:939 (H:m:s:ms)","20:55:15:0 (H:m:s:ms)","BESTFIT","GENERIC","1","124.174","0.03209865847670572","1080","0","1294","1372.238928860163","3","620","0"
"21:16:13:939 (H:m:s:ms)","21:16:15:0 (H:m:s:ms)","BESTFIT","GENERIC","1","124.158","0.032966323714944415","1067","1","2277","1361.3457252862545","3","862","0"
"21:30:3:37 (H:m:s:ms)","21:30:4:0 (H:m:s:ms)","BESTFIT","OPERA","1","124.05799999999999","0.036622194501771496","962","0","4811","1372.238928860163","3","1048","0"
"20:55:40:606 (H:m:s:ms)","20:55:41:0 (H:m:s:ms)","BESTFIT","GENERIC","1","124.136","0.01626266592471132","394","0","1118","1361.3457252862545","3","621","0"
"21:16:15:189 (H:m:s:ms)","21:16:16:0 (H:m:s:ms)","BESTFIT","OPERA","1","124.05799999999999","0.03854483619331631","810","0","1583","1372.238928860163","3","863","0"
"21:30:0:0 (H:m:s:ms)","21:30:1:0 (H:m:s:ms)","BESTFIT","AMBULANCE","1","124.21199999999999","0.047004977732498426","1036","0","1382","6022.24227692596","3","1047","0"
"21:50:12:727 (H:m:s:ms)","21:50:13:0 (H:m:s:ms)","BESTFIT","GENERIC","1","124.153","0.04083341912696938","272","0","1066","1405.7557555736407","3","1289","0"
"20:55:42:424 (H:m:s:ms)","20:55:43:0 (H:m:s:ms)","BESTFIT","GENERIC","1","124.106","0.03342549117186868","575","0","2065","1372.238928860163","3","622","0"
"21:16:18:181 (H:m:s:ms)","21:16:19:0 (H:m:s:ms)","BESTFIT","GENERIC","1","124.17","0.0414973791270527","818","0","2681","6022.24227692596","3","864","0"
"21:30:0:0 (H:m:s:ms)","21:30:1:0 (H:m:s:ms)","BESTFIT","GENERIC","1","124.042","0.04034695580665204","1036","0","4523","1361.3457252862545","3","1046","0"
"21:50:10:909 (H:m:s:ms)","21:50:12:0 (H:m:s:ms)","BESTFIT","GENERIC","1","124.154","0.03831604764614605","1090","0","1299","6022.24227692596","3","1288","0"
"20:55:43:636 (H:m:s:ms)","20:55:44:0 (H:m:s:ms)","BESTFIT","GENERIC","1","124.166","0.038355516802801394","364","0","4451","6022.24227692596","3","623","0"
"21:16:20:606 (H:m:s:ms)","21:16:21:0 (H:m:s:ms)","BESTFIT","GENERIC","1","124.076","0.036116594850151125","393","0","4591","1361.3457252862545","3","865","0"
"21:29:57:721 (H:m:s:ms)","21:29:58:0 (H:m:s:ms)","BESTFIT","OPERA","1","124.05799999999999","0.03704027965031266","278","0","3928","1372.238928860163","3","1045","0"
"21:50:9:90 (H:m:s:ms)","21:50:10:0 (H:m:s:ms)","BESTFIT","GENERIC","1","124.16","0.030241402287923883","944","0","4626","1372.238928860163","3","1287","0"
"20:56:3:636 (H:m:s:ms)","20:56:4:0 (H:m:s:ms)","BESTFIT","GENERIC","1","124.116","0.0204421964056668","364","0","2747","1361.3457252862545","3","624","0"
"21:16:21:818 (H:m:s:ms)","21:16:22:0 (H:m:s:ms)","BESTFIT","GENERIC","1","124.108","0.03809698182999344","182","0","1094","1372.238928860163","3","866","0"
"20:56:4:242 (H:m:s:ms)","20:56:5:0 (H:m:s:ms)","BESTFIT","GENERIC","1","124.132","0.030885345604269948","767","0","1231","1372.238928860163","3","625","0"
"21:16:24:303 (H:m:s:ms)","21:16:25:0 (H:m:s:ms)","BESTFIT","OPERA","1","124.124","0.038604155305597035","698","0","4577","6022.24227692596","3","867","0"
"20:56:6:75 (H:m:s:ms)","20:56:7:0 (H:m:s:ms)","BESTFIT","OPERA","1","93.117","0.03856198391889698","924","0","1064","6022.24227692596","3","626","0"
"21:16:32:727 (H:m:s:ms)","21:16:33:0 (H:m:s:ms)","BESTFIT","GENERIC","1","124.08","0.029446652863665556","272","0","4013","1361.3457252862545","3","868","0"
"20:56:14:430 (H:m:s:ms)","20:56:15:0 (H:m:s:ms)","BESTFIT","OPERA","1","93.035","0.014703275498430217","584","0","4668","1361.3457252862545","3","627","0"
"21:16:33:333 (H:m:s:ms)","21:16:34:0 (H:m:s:ms)","BESTFIT","GENERIC","1","124.114","0.04273173001993812","666","0","1396","1372.238928860163","3","869","0"
"20:56:23:30 (H:m:s:ms)","20:56:24:0 (H:m:s:ms)","BESTFIT","GENERIC","1","124.15","0.0204311901170419","969","0","4245","1361.3457252862545","3","628","0"
"20:56:31:898 (H:m:s:ms)","20:56:32:0 (H:m:s:ms)","BESTFIT","OPERA","1","93.035","0.025472883031991522","101","0","4323","1361.3457252862545","3","629","0"
"21:31:16:969 (H:m:s:ms)","21:31:18:0 (H:m:s:ms)","BESTFIT","GENERIC","1","124.124","0.030444715135321324","1030","0","3703","1361.3457252862545","3","1066","0"
"21:31:9:873 (H:m:s:ms)","21:31:10:0 (H:m:s:ms)","BESTFIT","OPERA","1","124.124","0.03527438625535412","175","0","2862","6022.24227692596","3","1065","0"
"21:31:9:696 (H:m:s:ms)","21:31:10:0 (H:m:s:ms)","BESTFIT","GENERIC","1","124.122","0.03376788489509772","352","0","1112","1372.238928860163","3","1064","0"
"21:31:6:75 (H:m:s:ms)","21:31:7:0 (H:m:s:ms)","BESTFIT","OPERA","1","124.042","0.043681017117647554","924","0","1158","1361.3457252862545","3","1063","0"
"21:31:3:636 (H:m:s:ms)","21:31:4:0 (H:m:s:ms)","BESTFIT","GENERIC","1","124.16300000000001","0.048546311538645255","364","1","3531","1405.7557555736407","3","1062","0"
"21:31:1:212 (H:m:s:ms)","21:31:2:0 (H:m:s:ms)","BESTFIT","GENERIC","1","124.194","0.04163217877411425","787","0","1526","6022.24227692596","3","1061","0"
"21:31:0:606 (H:m:s:ms)","21:31:1:0 (H:m:s:ms)","BESTFIT","GENERIC","1","124.118","0.03593353008540084","393","0","2860","1372.238928860163","3","1060","0"
"21:16:46:666 (H:m:s:ms)","21:16:47:0 (H:m:s:ms)","BESTFIT","GENERIC","1","124.122","0.03278102999275819","334","0","2146","1361.3457252862545","3","870","0"
"21:16:47:878 (H:m:s:ms)","21:16:49:0 (H:m:s:ms)","BESTFIT","GENERIC","1","124.15","0.04400353686988736","1121","0","2310","1372.238928860163","3","871","0"
"20:56:34:736 (H:m:s:ms)","20:56:35:0 (H:m:s:ms)","BESTFIT","AMBULANCE","1","93.092","0.0473974813634175","277","0","1304","1372.238928860163","3","630","0"
"21:16:50:526 (H:m:s:ms)","21:16:51:0 (H:m:s:ms)","BESTFIT","AMBULANCE","1","124.15","0.05292314116941663","473","0","1457","6022.24227692596","3","872","0"
"20:56:35:151 (H:m:s:ms)","20:56:36:0 (H:m:s:ms)","BESTFIT","GENERIC","1","124.174","0.05073457890869588","849","0","3293","6022.24227692596","3","631","0"
"21:16:56:969 (H:m:s:ms)","21:16:58:0 (H:m:s:ms)","BESTFIT","GENERIC","1","124.086","0.01641119949889856","1030","0","1731","1361.3457252862545","3","873","0"
"21:30:58:181 (H:m:s:ms)","21:30:59:0 (H:m:s:ms)","BESTFIT","GENERIC","1","124.088","0.0245219279896466","819","0","1152","1361.3457252862545","3","1059","0"
"20:56:40:0 (H:m:s:ms)","20:56:41:0 (H:m:s:ms)","BESTFIT","GENERIC","1","124.16","0.02655444471152645","1102","0","1291","1361.3457252862545","3","632","0"
"21:16:59:393 (H:m:s:ms)","21:17:0:0 (H:m:s:ms)","BESTFIT","GENERIC","1","124.172","0.025847275116127482","635","0","4634","1372.238928860163","3","874","0"
"21:30:48:484 (H:m:s:ms)","21:30:49:0 (H:m:s:ms)","BESTFIT","GENERIC","1","124.161","0.044698922986499454","515","0","2940","1405.7557555736407","3","1058","0"
"20:56:46:60 (H:m:s:ms)","20:56:47:0 (H:m:s:ms)","BESTFIT","GENERIC","1","124.126","0.022339904570890978","939","0","1594","1361.3457252862545","3","633","0"
"21:17:0:0 (H:m:s:ms)","21:17:1:0 (H:m:s:ms)","BESTFIT","GENERIC","1","124.124","0.03807936036809208","1028","0","1739","6022.24227692596","3","875","0"
"21:30:46:60 (H:m:s:ms)","21:30:47:0 (H:m:s:ms)","BESTFIT","GENERIC","1","124.208","0.039732138903729335","940","0","3870","6022.24227692596","3","1057","0"
"21:51:23:30 (H:m:s:ms)","21:51:24:0 (H:m:s:ms)","BESTFIT","GENERIC","1","124.166","0.04451933664668962","970","0","1081","1372.238928860163","3","1299","0"
"20:56:47:272 (H:m:s:ms)","20:56:48:0 (H:m:s:ms)","BESTFIT","GENERIC","1","124.084","0.027764351397869664","727","0","3121","1372.238928860163","3","634","0"
"21:17:0:0 (H:m:s:ms)","21:17:1:0 (H:m:s:ms)","BESTFIT","GENERIC","1","124.161","0.03914813756287354","1028","0","2748","1405.7557555736407","3","876","0"
"21:30:44:242 (H:m:s:ms)","21:30:45:0 (H:m:s:ms)","BESTFIT","GENERIC","1","124.112","0.03603037429451143","767","0","1631","1372.238928860163","3","1056","0"
"21:51:21:212 (H:m:s:ms)","21:51:22:0 (H:m:s:ms)","BESTFIT","GENERIC","1","124.074","0.03032545544373339","787","0","4170","1361.3457252862545","3","1298","0"
"20:56:51:645 (H:m:s:ms)","20:56:52:0 (H:m:s:ms)","BESTFIT","OPERA","1","93.117","0.03459967556617163","354","0","4597","6022.24227692596","3","635","0"
"21:17:0:606 (H:m:s:ms)","21:17:1:0 (H:m:s:ms)","BESTFIT","GENERIC","1","124.164","0.04893319937325431","394","1","2459","1099.945747445902","3","877","0"
"20:56:52:121 (H:m:s:ms)","20:56:53:0 (H:m:s:ms)","BESTFIT","GENERIC","1","124.11","0.035319742176093565","879","0","4420","1361.3457252862545","3","636","0"
"21:17:3:636 (H:m:s:ms)","21:17:4:0 (H:m:s:ms)","BESTFIT","GENERIC","1","124.116","0.05124035017924111","363","0","2824","1361.3457252862545","3","878","0"
"20:56:57:575 (H:m:s:ms)","20:56:58:0 (H:m:s:ms)","BESTFIT","GENERIC","1","124.112","0.02938317401238478","424","0","1767","1372.238928860163","3","637","0"
"21:17:7:878 (H:m:s:ms)","21:17:9:0 (H:m:s:ms)","BESTFIT","GENERIC","1","124.19200000000001","0.04496210155671856","1122","0","1869","6022.24227692596","3","879","0"
"20:57:3:797 (H:m:s:ms)","20:57:4:0 (H:m:s:ms)","BESTFIT","OPERA","1","93.035","0.026323742876597014","203","1","1213","1361.3457252862545","3","638","0"
"20:57:10:909 (H:m:s:ms)","20:57:12:0 (H:m:s:ms)","BESTFIT","GENERIC","1","124.072","0.025458163437649717","1090","0","4218","1361.3457252862545","3","639","0"
"21:31:52:727 (H:m:s:ms)","21:31:53:0 (H:m:s:ms)","BESTFIT","GENERIC","1","124.078","0.04096057824327762","273","0","1714","1361.3457252862545","3","1077","0"
"21:31:51:515 (H:m:s:ms)","21:31:52:0 (H:m:s:ms)","BESTFIT","GENERIC","1","124.159","0.04772700574720545","484","0","1687","1405.7557555736407","3","1076","0"
"21:31:50:303 (H:m:s:ms)","21:31:51:0 (H:m:s:ms)","BESTFIT","GENERIC","1","124.154","0.04592922454897233","696","0","2170","6022.24227692596","3","1075","0"
"21:31:47:848 (H:m:s:ms)","21:31:48:0 (H:m:s:ms)","BESTFIT","OPERA","1","93.051","0.042853766503020356","151","0","3312","1372.238928860163","3","1074","0"
"21:31:46:666 (H:m:s:ms)","21:31:47:0 (H:m:s:ms)","BESTFIT","GENERIC","1","124.122","0.029203326969215605","334","0","3328","1361.3457252862545","3","1073","0"
"21:31:40:606 (H:m:s:ms)","21:31:41:0 (H:m:s:ms)","BESTFIT","GENERIC","1","124.136","0.01868919513812763","393","0","3905","1361.3457252862545","3","1072","0"
"21:31:33:939 (H:m:s:ms)","21:31:35:0 (H:m:s:ms)","BESTFIT","GENERIC","1","124.094","0.03542484912530883","1071","0","3265","1361.3457252862545","3","1071","0"
"21:31:31:139 (H:m:s:ms)","21:31:32:0 (H:m:s:ms)","BESTFIT","OPERA","1","124.124","0.043719324340603306","860","0","1963","6022.24227692596","3","1070","0"
"21:17:8:354 (H:m:s:ms)","21:17:9:0 (H:m:s:ms)","BESTFIT","OPERA","1","93.051","0.04188587900200267","646","0","4414","1372.238928860163","3","880","0"
"21:17:12:151 (H:m:s:ms)","21:17:13:0 (H:m:s:ms)","BESTFIT","OPERA","1","124.042","0.04869917103780043","849","0","3981","1361.3457252862545","3","881","0"
"20:57:17:575 (H:m:s:ms)","20:57:18:0 (H:m:s:ms)","BESTFIT","GENERIC","1","124.136","0.028179453515694904","424","0","3152","1361.3457252862545","3","640","0"
"21:17:19:746 (H:m:s:ms)","21:17:20:0 (H:m:s:ms)","BESTFIT","OPERA","1","124.042","0.01481150642633389","281","0","2717","1361.3457252862545","3","882","0"
"20:57:31:578 (H:m:s:ms)","20:57:32:0 (H:m:s:ms)","BESTFIT","AMBULANCE","1","93.065","0.03184920778753328","422","0","1362","1361.3457252862545","3","641","0"
"21:17:24:848 (H:m:s:ms)","21:17:25:0 (H:m:s:ms)","BESTFIT","GENERIC","1","124.124","0.029565619251818543","154","0","3195","1372.238928860163","3","883","0"
"20:38:33:417 (H:m:s:ms)","20:38:34:0 (H:m:s:ms)","BESTFIT","OPERA","1","93.035","0.040573121230667406","583","0","3941","1361.3457252862545","3","400","0"
"20:57:34:545 (H:m:s:ms)","20:57:35:0 (H:m:s:ms)","BESTFIT","GENERIC","1","124.096","0.043061402852408254","473","1","4190","1372.238928860163","3","642","0"
"21:17:33:939 (H:m:s:ms)","21:17:35:0 (H:m:s:ms)","BESTFIT","GENERIC","1","124.094","0.023472954842016006","1065","0","2049","1361.3457252862545","3","884","0"
"20:38:36:363 (H:m:s:ms)","20:38:37:0 (H:m:s:ms)","BESTFIT","GENERIC","1","124.176","0.046134852843289643","637","0","2458","6022.24227692596","3","401","0"
"20:57:44:848 (H:m:s:ms)","20:57:45:0 (H:m:s:ms)","BESTFIT","GENERIC","1","124.06","0.022529299048240036","168","1","2472","1361.3457252862545","3","643","0"
"21:17:36:969 (H:m:s:ms)","21:17:38:0 (H:m:s:ms)","BESTFIT","GENERIC","1","124.074","0.04077036707739832","1030","0","4572","1372.238928860163","3","885","0"
"21:31:28:484 (H:m:s:ms)","21:31:29:0 (H:m:s:ms)","BESTFIT","GENERIC","1","124.13","0.03600294539208177","515","0","4110","1372.238928860163","3","1069","0"
"20:38:39:393 (H:m:s:ms)","20:38:40:0 (H:m:s:ms)","BESTFIT","GENERIC","1","124.15","0.035749125807372446","755","0","4995","1361.3457252862545","3","402","0"
"20:57:53:333 (H:m:s:ms)","20:57:54:0 (H:m:s:ms)","BESTFIT","GENERIC","1","124.104","0.019442222757901972","667","0","4776","1361.3457252862545","3","644","0"
"21:17:44:210 (H:m:s:ms)","21:17:45:0 (H:m:s:ms)","BESTFIT","AMBULANCE","1","124.168","0.03239583654396176","792","0","1295","1361.3457252862545","3","886","0"
"21:31:26:60 (H:m:s:ms)","21:31:27:0 (H:m:s:ms)","BESTFIT","GENERIC","1","124.12","0.022520695453284303","939","0","4333","1361.3457252862545","3","1068","0"
"20:38:46:666 (H:m:s:ms)","20:38:47:0 (H:m:s:ms)","BESTFIT","GENERIC","1","124.122","0.029077078633145147","333","0","2266","1361.3457252862545","3","403","0"
"20:58:0:606 (H:m:s:ms)","20:58:1:0 (H:m:s:ms)","BESTFIT","GENERIC","1","124.102","0.012720568244214326","393","0","3095","1361.3457252862545","3","645","0"
"21:17:48:484 (H:m:s:ms)","21:17:49:0 (H:m:s:ms)","BESTFIT","GENERIC","1","124.13","0.04567814346013238","515","0","3061","1372.238928860163","3","887","0"
"21:31:17:575 (H:m:s:ms)","21:31:18:0 (H:m:s:ms)","BESTFIT","GENERIC","1","124.15199999999999","0.03957166197114494","424","0","3652","1372.238928860163","3","1067","0"
"20:38:47:88 (H:m:s:ms)","20:38:48:0 (H:m:s:ms)","BESTFIT","OPERA","1","93.051","0.0415460646226457","911","0","2529","1372.238928860163","3","404","0"
"20:58:1:818 (H:m:s:ms)","20:58:2:0 (H:m:s:ms)","BESTFIT","GENERIC","1","124.12","0.03227494998798211","181","0","3800","1372.238928860163","3","646","0"
"21:17:50:909 (H:m:s:ms)","21:17:52:0 (H:m:s:ms)","BESTFIT","GENERIC","1","124.154","0.03735128941770853","1090","0","1320","1361.3457252862545","3","888","0"
"20:38:52:121 (H:m:s:ms)","20:38:53:0 (H:m:s:ms)","BESTFIT","GENERIC","1","124.11","0.03931529232115536","879","0","2692","1361.3457252862545","3","405","0"
"20:58:7:878 (H:m:s:ms)","20:58:9:0 (H:m:s:ms)","BESTFIT","GENERIC","1","124.11","0.02175381602691759","1121","0","1428","1361.3457252862545","3","647","0"
"21:17:52:405 (H:m:s:ms)","21:17:53:0 (H:m:s:ms)","BESTFIT","OPERA","1","93.117","0.042308777941747484","594","0","1549","6022.24227692596","3","889","0"
"20:38:59:393 (H:m:s:ms)","20:39:0:0 (H:m:s:ms)","BESTFIT","GENERIC","1","124.156","0.025322874881270073","730","0","4939","1361.3457252862545","3","406","0"
"20:58:12:121 (H:m:s:ms)","20:58:13:0 (H:m:s:ms)","BESTFIT","GENERIC","1","124.16399999999999","0.03858500890354691","879","1","2862","1372.238928860163","3","648","0"
"20:39:3:636 (H:m:s:ms)","20:39:4:0 (H:m:s:ms)","BESTFIT","GENERIC","1","124.132","0.03171643413850512","364","0","1311","1372.238928860163","3","407","0"
"20:58:14:545 (H:m:s:ms)","20:58:15:0 (H:m:s:ms)","BESTFIT","GENERIC","1","124.094","0.03639286193294938","469","0","1607","1361.3457252862545","3","649","0"
"20:39:7:594 (H:m:s:ms)","20:39:8:0 (H:m:s:ms)","BESTFIT","OPERA","1","93.035","0.03500500098205411","405","0","2211","1361.3457252862545","3","408","0"
"20:39:16:363 (H:m:s:ms)","20:39:17:0 (H:m:s:ms)","BESTFIT","GENERIC","1","124.102","0.03284277505465605","636","0","3600","1361.3457252862545","3","409","0"
"21:32:24:242 (H:m:s:ms)","21:32:25:0 (H:m:s:ms)","BESTFIT","GENERIC","1","124.092","0.016302313791663522","768","0","2117","1361.3457252862545","3","1080","0"
"21:33:7:272 (H:m:s:ms)","21:33:8:0 (H:m:s:ms)","BESTFIT","GENERIC","1","124.124","0.020475330529947267","727","0","1870","1361.3457252862545","3","1088","0"
"21:32:58:481 (H:m:s:ms)","21:32:59:0 (H:m:s:ms)","BESTFIT","OPERA","1","124.042","0.02737580552649682","518","0","1715","1361.3457252862545","3","1087","0"
"21:32:55:151 (H:m:s:ms)","21:32:56:0 (H:m:s:ms)","BESTFIT","GENERIC","1","124.174","0.029452339139152284","848","0","2216","6022.24227692596","3","1086","0"
"21:32:54:545 (H:m:s:ms)","21:32:55:0 (H:m:s:ms)","BESTFIT","GENERIC","1","124.132","0.026764777289961295","468","0","2934","1372.238928860163","3","1085","0"
"21:32:50:909 (H:m:s:ms)","21:32:52:0 (H:m:s:ms)","BESTFIT","GENERIC","1","124.154","0.02102700128896677","1091","0","3639","1361.3457252862545","3","1084","0"
"21:32:40:0 (H:m:s:ms)","21:32:41:0 (H:m:s:ms)","BESTFIT","GENERIC","1","124.16","0.02122827692904796","1072","0","3132","1361.3457252862545","3","1083","0"
"21:32:33:333 (H:m:s:ms)","21:32:34:0 (H:m:s:ms)","BESTFIT","GENERIC","1","124.098","0.022458280578431276","666","0","4064","1361.3457252862545","3","1082","0"
"21:17:56:962 (H:m:s:ms)","21:17:58:0 (H:m:s:ms)","BESTFIT","OPERA","1","124.042","0.03655726139935076","1037","0","4218","1361.3457252862545","3","890","0"
"21:32:27:272 (H:m:s:ms)","21:32:28:0 (H:m:s:ms)","BESTFIT","GENERIC","1","124.15799999999999","0.03235247631800165","727","0","1300","1372.238928860163","3","1081","0"
"21:18:1:818 (H:m:s:ms)","21:18:2:0 (H:m:s:ms)","BESTFIT","GENERIC","1","124.12","0.039238572805170964","181","0","1075","1372.238928860163","3","891","0"
"20:58:20:0 (H:m:s:ms)","20:58:21:0 (H:m:s:ms)","BESTFIT","GENERIC","1","124.13","0.02250603674829137","1138","0","3532","1361.3457252862545","3","650","0"
"21:18:7:272 (H:m:s:ms)","21:18:8:0 (H:m:s:ms)","BESTFIT","GENERIC","1","124.124","0.01984978487920124","728","0","4285","1361.3457252862545","3","892","0"
"20:58:21:818 (H:m:s:ms)","20:58:22:0 (H:m:s:ms)","BESTFIT","GENERIC","1","124.108","0.035250817952017774","181","0","2493","1372.238928860163","3","651","0"
"21:18:11:515 (H:m:s:ms)","21:18:12:0 (H:m:s:ms)","BESTFIT","GENERIC","1","124.114","0.0312763291741107","484","0","2478","1372.238928860163","3","893","0"
"20:39:27:272 (H:m:s:ms)","20:39:28:0 (H:m:s:ms)","BESTFIT","GENERIC","1","124.142","0.021477517452597066","727","0","4654","1361.3457252862545","3","410","0"
"20:58:26:666 (H:m:s:ms)","20:58:27:0 (H:m:s:ms)","BESTFIT","GENERIC","1","124.11","0.03784635613132464","333","0","4384","1361.3457252862545","3","652","0"
"21:18:12:727 (H:m:s:ms)","21:18:13:0 (H:m:s:ms)","BESTFIT","GENERIC","1","124.188","0.039231907711059354","272","0","4112","6022.24227692596","3","894","0"
"20:39:28:484 (H:m:s:ms)","20:39:29:0 (H:m:s:ms)","BESTFIT","GENERIC","1","124.128","0.03586938066673197","516","0","1951","1372.238928860163","3","411","0"
"20:58:29:620 (H:m:s:ms)","20:58:30:0 (H:m:s:ms)","BESTFIT","OPERA","1","93.051","0.04010771195552852","491","0","1415","1372.238928860163","3","653","0"
"21:18:27:272 (H:m:s:ms)","21:18:28:0 (H:m:s:ms)","BESTFIT","GENERIC","1","124.142","0.02160427306142167","727","0","1655","1361.3457252862545","3","895","0"
"20:39:32:121 (H:m:s:ms)","20:39:33:0 (H:m:s:ms)","BESTFIT","GENERIC","1","124.182","0.045214703498128464","879","0","2408","6022.24227692596","3","412","0"
"20:58:29:696 (H:m:s:ms)","20:58:30:0 (H:m:s:ms)","BESTFIT","GENERIC","1","124.202","0.04744106407184531","415","0","4536","6022.24227692596","3","654","0"
"21:18:28:101 (H:m:s:ms)","21:18:29:0 (H:m:s:ms)","BESTFIT","OPERA","1","124.05799999999999","0.026590074496789493","898","0","4067","1372.238928860163","3","896","0"
"20:39:32:727 (H:m:s:ms)","20:39:33:0 (H:m:s:ms)","BESTFIT","GENERIC","1","124.12700000000001","0.04890512134164907","273","0","1967","1405.7557555736407","3","413","0"
"20:58:33:939 (H:m:s:ms)","20:58:35:0 (H:m:s:ms)","BESTFIT","GENERIC","1","124.094","0.047197712703315145","1063","0","2681","1361.3457252862545","3","655","0"
"21:18:29:696 (H:m:s:ms)","21:18:30:0 (H:m:s:ms)","BESTFIT","GENERIC","1","124.202","0.0337843142378278","337","0","1767","6022.24227692596","3","897","0"
"21:32:0:0 (H:m:s:ms)","21:32:1:0 (H:m:s:ms)","BESTFIT","GENERIC","1","124.13","0.042672784720379255","1068","0","2709","1372.238928860163","3","1079","0"
"20:39:33:333 (H:m:s:ms)","20:39:34:0 (H:m:s:ms)","BESTFIT","GENERIC","1","124.098","0.048352135359034626","666","0","2163","1361.3457252862545","3","414","0"
"20:58:47:878 (H:m:s:ms)","20:58:49:0 (H:m:s:ms)","BESTFIT","GENERIC","1","124.132","0.02455170474779317","1122","0","2837","1361.3457252862545","3","656","0"
"21:18:39:493 (H:m:s:ms)","21:18:40:0 (H:m:s:ms)","BESTFIT","OPERA","1","124.042","0.025472883031991522","548","0","4762","1361.3457252862545","3","898","0"
"21:31:58:787 (H:m:s:ms)","21:31:59:0 (H:m:s:ms)","BESTFIT","GENERIC","1","124.138","0.024612950741229697","212","0","1893","1361.3457252862545","3","1078","0"
"20:39:35:757 (H:m:s:ms)","20:39:36:0 (H:m:s:ms)","BESTFIT","GENERIC","1","124.16399999999999","0.0447370857214911","242","0","3840","1372.238928860163","3","415","0"
"20:58:50:303 (H:m:s:ms)","20:58:51:0 (H:m:s:ms)","BESTFIT","GENERIC","1","124.088","0.032162474759871114","696","0","2915","1372.238928860163","3","657","0"
"21:18:40:0 (H:m:s:ms)","21:18:41:0 (H:m:s:ms)","BESTFIT","GENERIC","1","124.17599999999999","0.03896982465096163","1042","0","4147","1372.238928860163","3","899","0"
"20:39:38:734 (H:m:s:ms)","20:39:39:0 (H:m:s:ms)","BESTFIT","OPERA","1","93.117","0.03967510761368055","265","0","3778","6022.24227692596","3","416","0"
"20:58:56:202 (H:m:s:ms)","20:58:57:0 (H:m:s:ms)","BESTFIT","OPERA","1","93.035","0.025226840550519613","798","0","4277","1361.3457252862545","3","658","0"
"20:39:42:424 (H:m:s:ms)","20:39:43:0 (H:m:s:ms)","BESTFIT","GENERIC","1","124.09","0.03948514477610554","575","0","4774","1361.3457252862545","3","417","0"
"20:58:56:969 (H:m:s:ms)","20:58:58:0 (H:m:s:ms)","BESTFIT","GENERIC","1","124.102","0.036408075615645304","1030","0","3967","1372.238928860163","3","659","0"
"20:39:43:636 (H:m:s:ms)","20:39:44:0 (H:m:s:ms)","BESTFIT","GENERIC","1","124.1","0.05021399492297978","364","0","1791","1372.238928860163","3","418","0"
"20:39:53:333 (H:m:s:ms)","20:39:54:0 (H:m:s:ms)","BESTFIT","GENERIC","1","124.104","0.025334844438977697","666","0","4757","1361.3457252862545","3","419","0"
"21:33:25:454 (H:m:s:ms)","21:33:26:0 (H:m:s:ms)","BESTFIT","GENERIC","1","124.168","0.017678732368656344","546","0","3499","1361.3457252862545","3","1091","0"
"21:33:14:545 (H:m:s:ms)","21:33:15:0 (H:m:s:ms)","BESTFIT","GENERIC","1","124.11","0.029756948788187465","464","0","1624","1372.238928860163","3","1090","0"
"21:34:23:636 (H:m:s:ms)","21:34:24:0 (H:m:s:ms)","BESTFIT","GENERIC","1","124.13999999999999","0.03206889430070588","363","0","2899","1372.238928860163","3","1099","0"
"21:34:19:393 (H:m:s:ms)","21:34:20:0 (H:m:s:ms)","BESTFIT","GENERIC","1","124.06","0.02277230301592739","640","0","4332","1361.3457252862545","3","1098","0"
"21:34:7:878 (H:m:s:ms)","21:34:9:0 (H:m:s:ms)","BESTFIT","GENERIC","1","124.11","0.030456880996945896","1121","0","2163","1361.3457252862545","3","1097","0"
"21:34:4:242 (H:m:s:ms)","21:34:5:0 (H:m:s:ms)","BESTFIT","GENERIC","1","124.132","0.0364520557614601","760","0","2904","1372.238928860163","3","1096","0"
"21:34:2:424 (H:m:s:ms)","21:34:3:0 (H:m:s:ms)","BESTFIT","GENERIC","1","124.134","0.028287562159967566","575","0","2854","1361.3457252862545","3","1095","0"
"21:33:55:757 (H:m:s:ms)","21:33:56:0 (H:m:s:ms)","BESTFIT","GENERIC","1","124.158","0.027995602856332527","242","0","4253","1361.3457252862545","3","1094","0"
"21:33:45:454 (H:m:s:ms)","21:33:46:0 (H:m:s:ms)","BESTFIT","GENERIC","1","124.118","0.024383425412390563","546","0","4018","1361.3457252862545","3","1093","0"
"21:33:29:620 (H:m:s:ms)","21:33:30:0 (H:m:s:ms)","BESTFIT","OPERA","1","124.05799999999999","0.03512595908237627","455","0","1114","1372.238928860163","3","1092","0"
"20:59:4:848 (H:m:s:ms)","20:59:5:0 (H:m:s:ms)","BESTFIT","GENERIC","1","124.138","0.022625816608859737","156","0","1838","1361.3457252862545","3","660","0"
"20:59:5:454 (H:m:s:ms)","20:59:6:0 (H:m:s:ms)","BESTFIT","GENERIC","1","124.108","0.035284414946878694","546","0","2504","1372.238928860163","3","661","0"
"20:39:55:757 (H:m:s:ms)","20:39:56:0 (H:m:s:ms)","BESTFIT","GENERIC","1","124.174","0.03415834157272417","243","0","2305","1372.238928860163","3","420","0"
"20:59:12:631 (H:m:s:ms)","20:59:13:0 (H:m:s:ms)","BESTFIT","AMBULANCE","1","93.069","0.030761787105965114","368","0","1106","1361.3457252862545","3","662","0"
"20:40:0:0 (H:m:s:ms)","0","BESTFIT","AMBULANCE","0","0","0","1436","0","613","0","0","421","0"
"20:59:12:727 (H:m:s:ms)","20:59:13:0 (H:m:s:ms)","BESTFIT","GENERIC","1","124.122","0.03867715747108682","272","0","2397","1372.238928860163","3","663","0"
"20:40:0:0 (H:m:s:ms)","20:40:1:0 (H:m:s:ms)","BESTFIT","GENERIC","1","124.042","0.03824625928034217","1436","0","1669","1361.3457252862545","3","422","0"
"20:59:15:757 (H:m:s:ms)","20:59:16:0 (H:m:s:ms)","BESTFIT","GENERIC","1","124.166","0.04356341985159054","242","0","1327","6022.24227692596","3","664","0"
"20:40:0:0 (H:m:s:ms)","20:40:1:0 (H:m:s:ms)","BESTFIT","GENERIC","1","124.196","0.045901458964075756","1436","0","4104","6022.24227692596","3","423","0"
"20:59:16:969 (H:m:s:ms)","20:59:18:0 (H:m:s:ms)","BESTFIT","GENERIC","1","124.17099999999999","0.04827932802658559","1031","0","2993","1405.7557555736407","3","665","0"
"20:40:13:939 (H:m:s:ms)","20:40:15:0 (H:m:s:ms)","BESTFIT","GENERIC","1","124.158","0.023349037254526247","1069","0","2720","1361.3457252862545","3","424","0"
"20:59:22:424 (H:m:s:ms)","20:59:23:0 (H:m:s:ms)","BESTFIT","GENERIC","1","124.08","0.03049710261547451","575","0","2419","1361.3457252862545","3","666","0"
"20:40:14:545 (H:m:s:ms)","20:40:15:0 (H:m:s:ms)","BESTFIT","GENERIC","1","124.11","0.03270393607855314","463","0","4380","1372.238928860163","3","425","0"
"20:59:27:272 (H:m:s:ms)","20:59:28:0 (H:m:s:ms)","BESTFIT","GENERIC","1","124.15799999999999","0.03217396170384127","728","1","4461","1372.238928860163","3","667","0"
"21:33:13:939 (H:m:s:ms)","21:33:15:0 (H:m:s:ms)","BESTFIT","GENERIC","1","124.158","0.021685049455939576","1070","0","2637","1361.3457252862545","3","1089","0"
"20:40:15:757 (H:m:s:ms)","20:40:16:0 (H:m:s:ms)","BESTFIT","GENERIC","1","124.166","0.04020072445568879","242","0","1166","6022.24227692596","3","426","0"
"20:59:36:363 (H:m:s:ms)","20:59:37:0 (H:m:s:ms)","BESTFIT","GENERIC","1","124.094","0.014551962164293586","636","0","2502","1361.3457252862545","3","668","0"
"20:40:19:393 (H:m:s:ms)","20:40:20:0 (H:m:s:ms)","BESTFIT","GENERIC","1","124.10900000000001","0.04463088881957609","760","0","4111","1405.7557555736407","3","427","0"
"20:59:36:455 (H:m:s:ms)","20:59:37:0 (H:m:s:ms)","BESTFIT","OPERA","1","93.051","0.0322663811959917","545","0","2914","1372.238928860163","3","669","0"
"20:40:30:379 (H:m:s:ms)","20:40:31:0 (H:m:s:ms)","BESTFIT","OPERA","1","93.035","0.026517010418685965","621","1","2006","1361.3457252862545","3","428","0"
"20:40:30:909 (H:m:s:ms)","20:40:32:0 (H:m:s:ms)","BESTFIT","GENERIC","1","124.074","0.03743924908685434","1091","0","1556","1372.238928860163","3","429","0"
"20:59:37:575 (H:m:s:ms)","20:59:38:0 (H:m:s:ms)","BESTFIT","GENERIC","1","124.18","0.03884018787199631","424","0","3651","6022.24227692596","3","670","0"
"20:59:55:757 (H:m:s:ms)","20:59:56:0 (H:m:s:ms)","BESTFIT","GENERIC","1","124.158","0.022453153893587412","243","1","2126","1361.3457252862545","3","671","0"
"20:40:44:242 (H:m:s:ms)","20:40:45:0 (H:m:s:ms)","BESTFIT","GENERIC","1","124.096","0.027777780354565948","779","1","4779","1361.3457252862545","3","430","0"
"20:59:58:181 (H:m:s:ms)","20:59:59:0 (H:m:s:ms)","BESTFIT","GENERIC","1","124.104","0.031753037196608984","818","0","2734","1372.238928860163","3","672","0"
"20:40:44:848 (H:m:s:ms)","20:40:45:0 (H:m:s:ms)","BESTFIT","GENERIC","1","124.078","0.034886545062597564","159","0","2427","1372.238928860163","3","431","0"
"21:0:0:0 (H:m:s:ms)","21:0:1:0 (H:m:s:ms)","BESTFIT","GENERIC","1","124.196","0.0377337712378503","1397","0","4415","6022.24227692596","3","673","0"
"20:40:45:569 (H:m:s:ms)","20:40:46:0 (H:m:s:ms)","BESTFIT","OPERA","1","93.117","0.03958058749932879","430","0","2457","6022.24227692596","3","432","0"
"21:0:6:60 (H:m:s:ms)","21:0:7:0 (H:m:s:ms)","BESTFIT","GENERIC","1","124.094","0.03014611401407819","940","0","1642","1361.3457252862545","3","674","0"
"20:40:50:886 (H:m:s:ms)","20:40:51:0 (H:m:s:ms)","BESTFIT","OPERA","1","93.035","0.03238987169178749","113","0","4270","1361.3457252862545","3","433","0"
"21:0:18:787 (H:m:s:ms)","21:0:19:0 (H:m:s:ms)","BESTFIT","GENERIC","1","124.12","0.030380296322762117","212","0","4518","1361.3457252862545","3","675","0"
"20:40:51:515 (H:m:s:ms)","20:40:52:0 (H:m:s:ms)","BESTFIT","GENERIC","1","124.128","0.03262310261623595","484","0","3161","1372.238928860163","3","434","0"
"21:0:22:25 (H:m:s:ms)","21:0:23:0 (H:m:s:ms)","BESTFIT","OPERA","1","93.051","0.04133786489974097","975","0","2430","1372.238928860163","3","676","0"
"20:41:6:60 (H:m:s:ms)","20:41:7:0 (H:m:s:ms)","BESTFIT","GENERIC","1","124.094","0.020854812674990064","939","0","4645","1361.3457252862545","3","435","0"
"21:0:24:242 (H:m:s:ms)","21:0:25:0 (H:m:s:ms)","BESTFIT","GENERIC","1","124.092","0.03984045315090066","768","0","2859","1361.3457252862545","3","677","0"
"20:41:8:484 (H:m:s:ms)","20:41:9:0 (H:m:s:ms)","BESTFIT","GENERIC","1","124.112","0.03264598395346978","515","0","1371","1372.238928860163","3","436","0"
"21:0:24:848 (H:m:s:ms)","21:0:25:0 (H:m:s:ms)","BESTFIT","GENERIC","1","124.19","0.04233182614064968","162","0","3531","6022.24227692596","3","678","0"
"20:41:15:151 (H:m:s:ms)","20:41:16:0 (H:m:s:ms)","BESTFIT","GENERIC","1","124.108","0.018995612680918747","848","0","2918","1361.3457252862545","3","437","0"
"21:0:30:909 (H:m:s:ms)","21:0:32:0 (H:m:s:ms)","BESTFIT","GENERIC","1","124.05799999999999","0.028425214537401294","1091","0","2567","1361.3457252862545","3","679","0"
"20:41:15:189 (H:m:s:ms)","20:41:16:0 (H:m:s:ms)","BESTFIT","OPERA","1","93.051","0.03189206125913836","810","0","1867","1372.238928860163","3","438","0"
"20:41:18:787 (H:m:s:ms)","20:41:19:0 (H:m:s:ms)","BESTFIT","GENERIC","1","124.202","0.03620607882512458","212","0","2573","6022.24227692596","3","439","0"
"21:0:35:757 (H:m:s:ms)","21:0:36:0 (H:m:s:ms)","BESTFIT","GENERIC","1","124.16399999999999","0.0375596602543441","243","0","1055","1372.238928860163","3","680","0"
"21:0:36:969 (H:m:s:ms)","21:0:38:0 (H:m:s:ms)","BESTFIT","GENERIC","1","124.05799999999999","0.03376733293279092","1031","0","2222","1361.3457252862545","3","681","0"
"20:41:21:818 (H:m:s:ms)","20:41:22:0 (H:m:s:ms)","BESTFIT","GENERIC","1","124.092","0.029988809572263256","181","0","3963","1361.3457252862545","3","440","0"
"21:0:45:454 (H:m:s:ms)","21:0:46:0 (H:m:s:ms)","BESTFIT","GENERIC","1","124.118","0.025518969432227773","545","0","1780","1361.3457252862545","3","682","0"
"20:41:23:30 (H:m:s:ms)","20:41:24:0 (H:m:s:ms)","BESTFIT","GENERIC","1","124.166","0.04470840014095701","969","0","1299","1372.238928860163","3","441","0"
"21:0:51:515 (H:m:s:ms)","21:0:52:0 (H:m:s:ms)","BESTFIT","GENERIC","1","124.112","0.026323742876597014","484","0","4407","1361.3457252862545","3","683","0"
"20:19:40:606 (H:m:s:ms)","20:19:41:0 (H:m:s:ms)","BESTFIT","GENERIC","1","124.136","0.017934536471102654","394","0","4403","1361.3457252862545","3","200","0"
"20:41:29:696 (H:m:s:ms)","20:41:30:0 (H:m:s:ms)","BESTFIT","GENERIC","1","124.12","0.020888281741457137","424","0","1278","1361.3457252862545","3","442","0"
"21:1:6:666 (H:m:s:ms)","21:1:7:0 (H:m:s:ms)","BESTFIT","GENERIC","1","124.12","0.016396595604569127","333","0","3103","1361.3457252862545","3","684","0"
"20:20:1:818 (H:m:s:ms)","20:20:2:0 (H:m:s:ms)","BESTFIT","GENERIC","1","124.104","0.018622177914786823","181","0","2134","1361.3457252862545","3","201","0"
"20:41:41:212 (H:m:s:ms)","20:41:42:0 (H:m:s:ms)","BESTFIT","GENERIC","1","124.1","0.02077599820189057","787","0","3033","1361.3457252862545","3","443","0"
"21:1:7:272 (H:m:s:ms)","21:1:8:0 (H:m:s:ms)","BESTFIT","GENERIC","1","124.13999999999999","0.032414283656255496","727","0","2122","1372.238928860163","3","685","0"
"20:20:3:30 (H:m:s:ms)","20:20:4:0 (H:m:s:ms)","BESTFIT","GENERIC","1","124.16999999999999","0.0332437825432136","969","0","3936","1372.238928860163","3","202","0"
"20:41:45:454 (H:m:s:ms)","20:41:46:0 (H:m:s:ms)","BESTFIT","GENERIC","1","124.134","0.03871536247076144","545","0","2102","1372.238928860163","3","444","0"
"21:1:10:303 (H:m:s:ms)","21:1:11:0 (H:m:s:ms)","BESTFIT","GENERIC","1","124.20400000000001","0.037290729562347885","697","0","1850","6022.24227692596","3","686","0"
"20:20:6:60 (H:m:s:ms)","20:20:7:0 (H:m:s:ms)","BESTFIT","GENERIC","1","124.176","0.03512723053215188","940","0","3071","6022.24227692596","3","203","0"
"20:41:49:90 (H:m:s:ms)","20:41:50:0 (H:m:s:ms)","BESTFIT","GENERIC","1","124.108","0.03982195991999375","991","0","3930","1361.3457252862545","3","445","0"
"21:1:15:151 (H:m:s:ms)","21:1:16:0 (H:m:s:ms)","BESTFIT","GENERIC","1","124.108","0.035737983901831756","848","0","3630","1361.3457252862545","3","687","0"
"20:20:13:333 (H:m:s:ms)","20:20:14:0 (H:m:s:ms)","BESTFIT","GENERIC","1","124.122","0.02865048230205418","666","0","1176","1361.3457252862545","3","204","0"
"20:41:49:696 (H:m:s:ms)","20:41:50:0 (H:m:s:ms)","BESTFIT","GENERIC","1","124.142","0.04353706294706417","385","0","2242","6022.24227692596","3","446","0"
"21:1:16:363 (H:m:s:ms)","21:1:17:0 (H:m:s:ms)","BESTFIT","GENERIC","1","124.118","0.04637168754430764","636","0","1192","1372.238928860163","3","688","0"
"20:20:16:969 (H:m:s:ms)","20:20:18:0 (H:m:s:ms)","BESTFIT","GENERIC","1","124.13999999999999","0.04102915119896611","1032","1","4993","1372.238928860163","3","205","0"
"20:42:2:278 (H:m:s:ms)","20:42:3:0 (H:m:s:ms)","BESTFIT","OPERA","1","93.035","0.023858490412498393","721","0","4626","1361.3457252862545","3","447","0"
"21:1:18:181 (H:m:s:ms)","21:1:19:0 (H:m:s:ms)","BESTFIT","GENERIC","1","124.17","0.04864088754944336","819","1","4911","6022.24227692596","3","689","0"
"20:20:20:0 (H:m:s:ms)","20:20:21:0 (H:m:s:ms)","BESTFIT","GENERIC","1","124.128","0.03699760118424269","1155","0","1806","1361.3457252862545","3","206","0"
"20:42:7:878 (H:m:s:ms)","20:42:9:0 (H:m:s:ms)","BESTFIT","GENERIC","1","124.11","0.02825693466195636","1121","0","3164","1361.3457252862545","3","448","0"
"20:20:27:878 (H:m:s:ms)","20:20:29:0 (H:m:s:ms)","BESTFIT","GENERIC","1","124.152","0.023858490412498393","1121","0","1973","1361.3457252862545","3","207","0"
"20:42:13:333 (H:m:s:ms)","20:42:14:0 (H:m:s:ms)","BESTFIT","GENERIC","1","124.138","0.04325115856078102","666","0","4399","1372.238928860163","3","449","0"
"20:20:41:212 (H:m:s:ms)","20:20:42:0 (H:m:s:ms)","BESTFIT","GENERIC","1","124.1","0.01951273228015232","788","0","3071","1361.3457252862545","3","208","0"
"20:20:41:818 (H:m:s:ms)","20:20:42:0 (H:m:s:ms)","BESTFIT","GENERIC","1","124.106","0.03853135978980759","182","0","4932","1372.238928860163","3","209","0"
"21:1:20:606 (H:m:s:ms)","21:1:21:0 (H:m:s:ms)","BESTFIT","GENERIC","1","124.123","0.05180324158586079","393","0","2331","1405.7557555736407","3","690","0"
"21:1:26:60 (H:m:s:ms)","21:1:27:0 (H:m:s:ms)","BESTFIT","GENERIC","1","124.12","0.029841632928062783","939","0","4695","1361.3457252862545","3","691","0"
"20:42:23:636 (H:m:s:ms)","20:42:24:0 (H:m:s:ms)","BESTFIT","GENERIC","1","124.124","0.029063934168956713","363","0","4739","1361.3457252862545","3","450","0"
"21:1:38:181 (H:m:s:ms)","21:1:39:0 (H:m:s:ms)","BESTFIT","GENERIC","1","124.134","0.011653692685980172","819","0","1412","1361.3457252862545","3","692","0"
"20:42:36:969 (H:m:s:ms)","20:42:38:0 (H:m:s:ms)","BESTFIT","GENERIC","1","124.05799999999999","0.032076584450011256","1031","0","2326","1361.3457252862545","3","451","0"
"21:1:41:212 (H:m:s:ms)","21:1:42:0 (H:m:s:ms)","BESTFIT","GENERIC","1","124.116","0.02794698467886853","787","0","4102","1372.238928860163","3","693","0"
"20:20:52:727 (H:m:s:ms)","20:20:53:0 (H:m:s:ms)","BESTFIT","GENERIC","1","124.078","0.027766669599193893","273","1","1303","1361.3457252862545","3","210","0"
"20:42:43:30 (H:m:s:ms)","20:42:44:0 (H:m:s:ms)","BESTFIT","GENERIC","1","124.13","0.018875998180434676","969","0","2130","1361.3457252862545","3","452","0"
"21:1:48:484 (H:m:s:ms)","21:1:49:0 (H:m:s:ms)","BESTFIT","GENERIC","1","124.114","0.020539236527933963","516","0","2580","1361.3457252862545","3","694","0"
"20:20:53:333 (H:m:s:ms)","20:20:54:0 (H:m:s:ms)","BESTFIT","GENERIC","1","124.12","0.04609409241517964","666","0","1359","1372.238928860163","3","211","0"
"20:42:52:727 (H:m:s:ms)","20:42:53:0 (H:m:s:ms)","BESTFIT","GENERIC","1","124.078","0.030832232955455043","272","0","2200","1361.3457252862545","3","453","0"
"21:1:49:90 (H:m:s:ms)","21:1:50:0 (H:m:s:ms)","BESTFIT","GENERIC","1","124.124","0.027655092692674976","941","0","3705","1372.238928860163","3","695","0"
"20:20:56:363 (H:m:s:ms)","20:20:57:0 (H:m:s:ms)","BESTFIT","GENERIC","1","124.214","0.04728299876342492","636","0","4882","6022.24227692596","3","212","0"
"20:42:55:151 (H:m:s:ms)","20:42:56:0 (H:m:s:ms)","BESTFIT","GENERIC","1","124.108","0.042719286708278834","849","0","1524","1372.238928860163","3","454","0"
"21:1:52:727 (H:m:s:ms)","21:1:53:0 (H:m:s:ms)","BESTFIT","GENERIC","1","124.16","0.03166280162060434","272","0","1725","6022.24227692596","3","696","0"
"20:20:56:969 (H:m:s:ms)","20:20:58:0 (H:m:s:ms)","BESTFIT","GENERIC","1","124.13300000000001","0.052904376659135","1030","0","2045","1405.7557555736407","3","213","0"
"20:43:2:424 (H:m:s:ms)","20:43:3:0 (H:m:s:ms)","BESTFIT","GENERIC","1","124.134","0.030460510183397516","575","0","1124","1361.3457252862545","3","455","0"
"21:2:13:333 (H:m:s:ms)","21:2:14:0 (H:m:s:ms)","BESTFIT","GENERIC","1","124.122","0.026391946952537968","666","0","4408","1361.3457252862545","3","697","0"
"20:20:58:181 (H:m:s:ms)","20:20:59:0 (H:m:s:ms)","BESTFIT","GENERIC","1","124.088","0.05395282474038799","819","1","2062","1361.3457252862545","3","214","0"
"20:43:3:30 (H:m:s:ms)","20:43:4:0 (H:m:s:ms)","BESTFIT","GENERIC","1","124.16999999999999","0.04682454388108634","970","1","4408","1372.238928860163","3","456","0"
"21:2:32:727 (H:m:s:ms)","21:2:33:0 (H:m:s:ms)","BESTFIT","GENERIC","1","124.08","0.03219943846865493","272","0","4796","1361.3457252862545","3","698","0"
"20:21:4:848 (H:m:s:ms)","20:21:5:0 (H:m:s:ms)","BESTFIT","GENERIC","1","124.138","0.022559684433288145","152","0","1980","1361.3457252862545","3","215","0"
"20:43:4:556 (H:m:s:ms)","20:43:5:0 (H:m:s:ms)","BESTFIT","OPERA","1","93.117","0.049067652845356524","457","0","1616","6022.24227692596","3","457","0"
"21:2:38:787 (H:m:s:ms)","21:2:39:0 (H:m:s:ms)","BESTFIT","GENERIC","1","124.066","0.02599573097673219","212","0","1582","1361.3457252862545","3","699","0"
"20:21:5:454 (H:m:s:ms)","20:21:6:0 (H:m:s:ms)","BESTFIT","GENERIC","1","124.108","0.037761510731096494","546","0","1848","1372.238928860163","3","216","0"
"20:43:9:696 (H:m:s:ms)","20:43:10:0 (H:m:s:ms)","BESTFIT","GENERIC","1","124.106","0.03145533245312696","449","0","2919","1361.3457252862545","3","458","0"
"20:21:20:606 (H:m:s:ms)","20:21:21:0 (H:m:s:ms)","BESTFIT","GENERIC","1","124.076","0.02172914793367947","393","0","4393","1361.3457252862545","3","217","0"
"20:43:12:121 (H:m:s:ms)","20:43:13:0 (H:m:s:ms)","BESTFIT","GENERIC","1","124.16399999999999","0.039972748275203966","878","0","3393","1372.238928860163","3","459","0"
"20:21:22:424 (H:m:s:ms)","20:21:23:0 (H:m:s:ms)","BESTFIT","GENERIC","1","124.096","0.03654216710784614","576","0","2085","1372.238928860163","3","218","0"
"20:21:23:636 (H:m:s:ms)","20:21:24:0 (H:m:s:ms)","BESTFIT","GENERIC","1","124.20599999999999","0.0423881927150572","363","0","4018","6022.24227692596","3","219","0"
"20:43:19:746 (H:m:s:ms)","20:43:20:0 (H:m:s:ms)","BESTFIT","OPERA","1","93.035","0.021349008539077275","381","0","2260","1361.3457252862545","3","460","0"
"20:43:27:878 (H:m:s:ms)","20:43:29:0 (H:m:s:ms)","BESTFIT","GENERIC","1","124.152","0.02277230301592739","1122","0","3024","1361.3457252862545","3","461","0"
"20:21:29:696 (H:m:s:ms)","20:21:30:0 (H:m:s:ms)","BESTFIT","GENERIC","1","124.12","0.018414062352297488","477","0","3770","1361.3457252862545","3","220","0"
"20:43:29:90 (H:m:s:ms)","20:43:30:0 (H:m:s:ms)","BESTFIT","GENERIC","1","124.098","0.04124460192499349","1042","0","2216","1372.238928860163","3","462","0"
"20:21:33:939 (H:m:s:ms)","20:21:35:0 (H:m:s:ms)","BESTFIT","GENERIC","1","124.11","0.03289792738310574","1063","1","3895","1372.238928860163","3","221","0"
"20:43:32:658 (H:m:s:ms)","20:43:33:0 (H:m:s:ms)","BESTFIT","OPERA","1","93.117","0.04673430783647465","342","0","2231","6022.24227692596","3","463","0"
"20:21:45:454 (H:m:s:ms)","20:21:46:0 (H:m:s:ms)","BESTFIT","GENERIC","1","124.116","0.023137389059787017","545","0","1834","1361.3457252862545","3","222","0"
"20:43:46:60 (H:m:s:ms)","20:43:47:0 (H:m:s:ms)","BESTFIT","GENERIC","1","124.126","0.022960372997475362","940","0","4509","1361.3457252862545","3","464","0"
"20:22:0:0 (H:m:s:ms)","20:22:1:0 (H:m:s:ms)","BESTFIT","GENERIC","1","124.05799999999999","0.03839242493682109","1193","0","1231","1372.238928860163","3","223","0"
"20:43:47:878 (H:m:s:ms)","20:43:49:0 (H:m:s:ms)","BESTFIT","GENERIC","1","124.148","0.029196975641956783","1121","0","1285","1372.238928860163","3","465","0"
"20:22:0:0 (H:m:s:ms)","20:22:1:0 (H:m:s:ms)","BESTFIT","GENERIC","1","124.114","0.02474104551576359","1194","0","2155","1361.3457252862545","3","224","0"
"20:43:50:909 (H:m:s:ms)","20:43:52:0 (H:m:s:ms)","BESTFIT","GENERIC","1","124.23599999999999","0.03811745837786646","1090","0","3785","6022.24227692596","3","466","0"
"20:22:15:151 (H:m:s:ms)","20:22:16:0 (H:m:s:ms)","BESTFIT","GENERIC","1","124.108","0.020462185636497127","848","0","4509","1361.3457252862545","3","225","0"
"20:43:53:939 (H:m:s:ms)","20:43:55:0 (H:m:s:ms)","BESTFIT","GENERIC","1","124.116","0.03708374876435107","1078","0","3423","1361.3457252862545","3","467","0"
"20:22:21:818 (H:m:s:ms)","20:22:22:0 (H:m:s:ms)","BESTFIT","GENERIC","1","124.092","0.014229235396574893","181","0","1362","1361.3457252862545","3","226","0"
"20:43:54:545 (H:m:s:ms)","20:43:55:0 (H:m:s:ms)","BESTFIT","GENERIC","1","124.132","0.040020142265398045","472","0","4382","1372.238928860163","3","468","0"
"20:22:26:666 (H:m:s:ms)","20:22:27:0 (H:m:s:ms)","BESTFIT","GENERIC","1","124.126","0.02217920561110164","333","0","2556","1372.238928860163","3","227","0"
"20:43:54:683 (H:m:s:ms)","20:43:55:0 (H:m:s:ms)","BESTFIT","OPERA","1","93.08200000000001","0.04371484129355306","334","0","4822","1405.7557555736407","3","469","0"
"20:22:44:242 (H:m:s:ms)","20:22:45:0 (H:m:s:ms)","BESTFIT","GENERIC","1","124.096","0.027704263937056675","759","0","1082","1361.3457252862545","3","228","0"
"20:22:50:909 (H:m:s:ms)","20:22:52:0 (H:m:s:ms)","BESTFIT","GENERIC","1","124.154","0.02091605921337113","1091","0","3270","1361.3457252862545","3","229","0"
"20:44:3:37 (H:m:s:ms)","20:44:4:0 (H:m:s:ms)","BESTFIT","OPERA","1","93.035","0.021567510928652146","963","1","3722","1361.3457252862545","3","470","0"
"20:44:4:242 (H:m:s:ms)","20:44:5:0 (H:m:s:ms)","BESTFIT","GENERIC","1","124.132","0.03497980459957943","784","0","2554","1372.238928860163","3","471","0"
"20:22:58:787 (H:m:s:ms)","20:22:59:0 (H:m:s:ms)","BESTFIT","GENERIC","1","124.138","0.021431306944202717","212","0","3661","1361.3457252862545","3","230","0"
"20:44:5:454 (H:m:s:ms)","20:44:6:0 (H:m:s:ms)","BESTFIT","GENERIC","1","124.174","0.03819699368002632","546","0","2116","6022.24227692596","3","472","0"
"20:22:59:393 (H:m:s:ms)","20:23:0:0 (H:m:s:ms)","BESTFIT","GENERIC","1","124.172","0.041405356428431045","729","0","1423","1372.238928860163","3","231","0"
"20:44:11:515 (H:m:s:ms)","20:44:12:0 (H:m:s:ms)","BESTFIT","GENERIC","1","124.098","0.017731443412701466","485","1","1631","1361.3457252862545","3","473","0"
"20:23:4:242 (H:m:s:ms)","20:23:5:0 (H:m:s:ms)","BESTFIT","GENERIC","1","124.118","0.04390497385627682","762","1","3670","1361.3457252862545","3","232","0"
"20:44:16:969 (H:m:s:ms)","20:44:18:0 (H:m:s:ms)","BESTFIT","GENERIC","1","124.124","0.017983268211398985","1031","0","4523","1361.3457252862545","3","474","0"
"20:23:7:878 (H:m:s:ms)","20:23:9:0 (H:m:s:ms)","BESTFIT","GENERIC","1","124.126","0.03915274783360515","1121","0","1639","1372.238928860163","3","233","0"
"20:44:18:181 (H:m:s:ms)","20:44:19:0 (H:m:s:ms)","BESTFIT","GENERIC","1","124.104","0.03997833459827676","819","1","2027","1372.238928860163","3","475","0"
"20:23:29:90 (H:m:s:ms)","20:23:30:0 (H:m:s:ms)","BESTFIT","GENERIC","1","124.082","0.02601599693409716","1081","0","2723","1361.3457252862545","3","234","0"
"20:44:18:987 (H:m:s:ms)","20:44:20:0 (H:m:s:ms)","BESTFIT","OPERA","1","93.117","0.04420804221577816","1133","1","2575","6022.24227692596","3","476","0"
"20:23:30:909 (H:m:s:ms)","20:23:32:0 (H:m:s:ms)","BESTFIT","GENERIC","1","124.074","0.03902984971826233","1090","0","2355","1372.238928860163","3","235","0"
"20:44:20:606 (H:m:s:ms)","20:44:21:0 (H:m:s:ms)","BESTFIT","GENERIC","1","124.123","0.048421050636424504","393","0","3038","1405.7557555736407","3","477","0"
"20:23:35:151 (H:m:s:ms)","20:23:36:0 (H:m:s:ms)","BESTFIT","GENERIC","1","124.092","0.037520500169544106","848","0","3390","1361.3457252862545","3","236","0"
"20:44:21:212 (H:m:s:ms)","20:44:22:0 (H:m:s:ms)","BESTFIT","GENERIC","1","124.136","0.053184537541521186","788","0","1096","1099.945747445902","3","478","0"
"20:23:36:969 (H:m:s:ms)","20:23:38:0 (H:m:s:ms)","BESTFIT","GENERIC","1","124.074","0.029651660821007585","1030","0","2478","1372.238928860163","3","237","0"
"20:44:26:60 (H:m:s:ms)","20:44:27:0 (H:m:s:ms)","BESTFIT","GENERIC","1","124.12","0.02929006669619242","939","0","3829","1361.3457252862545","3","479","0"
"20:23:43:30 (H:m:s:ms)","20:23:44:0 (H:m:s:ms)","BESTFIT","GENERIC","1","124.132","0.022448353662689522","970","0","1951","1361.3457252862545","3","238","0"
"20:23:49:696 (H:m:s:ms)","20:23:50:0 (H:m:s:ms)","BESTFIT","GENERIC","1","124.06","0.021791017705436063","469","0","2913","1361.3457252862545","3","239","0"
"20:44:30:303 (H:m:s:ms)","20:44:31:0 (H:m:s:ms)","BESTFIT","GENERIC","1","124.096","0.03591888118936994","696","0","1734","1372.238928860163","3","480","0"
"20:44:32:727 (H:m:s:ms)","20:44:33:0 (H:m:s:ms)","BESTFIT","GENERIC","1","124.08","0.039213939838961674","272","0","2996","1361.3457252862545","3","481","0"
"20:23:50:303 (H:m:s:ms)","20:23:51:0 (H:m:s:ms)","BESTFIT","GENERIC","1","124.088","0.03487037894820049","697","1","4244","1372.238928860163","3","240","0"
"20:44:35:151 (H:m:s:ms)","20:44:36:0 (H:m:s:ms)","BESTFIT","GENERIC","1","124.174","0.04206816072983831","848","0","2442","6022.24227692596","3","482","0"
"20:23:51:515 (H:m:s:ms)","20:23:52:0 (H:m:s:ms)","BESTFIT","GENERIC","1","124.194","0.036691159389652624","484","0","2315","6022.24227692596","3","241","0"
"20:44:40:0 (H:m:s:ms)","20:44:41:0 (H:m:s:ms)","BESTFIT","GENERIC","1","124.16","0.027202952739573724","1108","0","4897","1361.3457252862545","3","483","0"
"20:24:12:727 (H:m:s:ms)","20:24:13:0 (H:m:s:ms)","BESTFIT","GENERIC","1","124.106","0.020627832320534133","273","0","3518","1361.3457252862545","3","242","0"
"20:44:41:818 (H:m:s:ms)","20:44:42:0 (H:m:s:ms)","BESTFIT","GENERIC","1","124.106","0.03167409808118336","181","0","2458","1372.238928860163","3","484","0"
"20:24:15:757 (H:m:s:ms)","20:24:16:0 (H:m:s:ms)","BESTFIT","GENERIC","1","124.1","0.03558625167188744","243","0","1035","1372.238928860163","3","243","0"
"20:44:57:575 (H:m:s:ms)","20:44:58:0 (H:m:s:ms)","BESTFIT","GENERIC","1","124.096","0.027843936301989648","424","0","3252","1361.3457252862545","3","485","0"
"20:24:30:303 (H:m:s:ms)","20:24:31:0 (H:m:s:ms)","BESTFIT","GENERIC","1","124.08","0.016819965017841196","696","0","1187","1361.3457252862545","3","244","0"
"20:44:58:787 (H:m:s:ms)","20:44:59:0 (H:m:s:ms)","BESTFIT","GENERIC","1","124.154","0.04021962610943023","213","0","1108","1372.238928860163","3","486","0"
"20:24:38:181 (H:m:s:ms)","20:24:39:0 (H:m:s:ms)","BESTFIT","GENERIC","1","124.134","0.02790829084822512","819","0","2137","1361.3457252862545","3","245","0"
"20:45:0:0 (H:m:s:ms)","20:45:1:0 (H:m:s:ms)","BESTFIT","GENERIC","1","124.196","0.0443868140747","1170","0","4589","6022.24227692596","3","487","0"
"20:24:44:848 (H:m:s:ms)","20:24:45:0 (H:m:s:ms)","BESTFIT","GENERIC","1","124.062","0.02533721754391057","153","0","1819","1361.3457252862545","3","246","0"
"20:45:0:606 (H:m:s:ms)","20:45:1:0 (H:m:s:ms)","BESTFIT","GENERIC","1","124.149","0.04571726492926844","393","0","3576","1405.7557555736407","3","488","0"
"20:24:46:60 (H:m:s:ms)","20:24:47:0 (H:m:s:ms)","BESTFIT","GENERIC","1","124.142","0.03978156420625643","939","0","1056","1372.238928860163","3","247","0"
"20:45:10:909 (H:m:s:ms)","20:45:12:0 (H:m:s:ms)","BESTFIT","GENERIC","1","124.072","0.02231104857257694","1091","0","3879","1361.3457252862545","3","489","0"
"20:24:46:666 (H:m:s:ms)","20:24:47:0 (H:m:s:ms)","BESTFIT","GENERIC","1","124.20400000000001","0.04327516726425911","334","1","4592","6022.24227692596","3","248","0"
"20:24:55:151 (H:m:s:ms)","20:24:56:0 (H:m:s:ms)","BESTFIT","GENERIC","1","124.092","0.026403762259276112","849","0","3323","1361.3457252862545","3","249","0"
"20:45:11:392 (H:m:s:ms)","20:45:12:0 (H:m:s:ms)","BESTFIT","OPERA","1","93.051","0.028518959295989205","607","0","2155","1372.238928860163","3","490","0"
"20:45:27:272 (H:m:s:ms)","20:45:28:0 (H:m:s:ms)","BESTFIT","GENERIC","1","124.142","0.031553068119618596","727","0","4256","1361.3457252862545","3","491","0"
"20:25:0:606 (H:m:s:ms)","20:25:1:0 (H:m:s:ms)","BESTFIT","GENERIC","1","124.118","0.035038309200566525","394","0","3973","1372.238928860163","3","250","0"
"20:45:31:515 (H:m:s:ms)","20:45:32:0 (H:m:s:ms)","BESTFIT","GENERIC","1","124.076","0.04638411440193279","484","0","4882","1372.238928860163","3","492","0"
"20:25:1:212 (H:m:s:ms)","20:25:2:0 (H:m:s:ms)","BESTFIT","GENERIC","1","124.11","0.03741420918898647","787","0","3893","1361.3457252862545","3","251","0"
"20:45:34:545 (H:m:s:ms)","20:45:35:0 (H:m:s:ms)","BESTFIT","GENERIC","1","124.08","0.03872347368843843","470","0","4976","1361.3457252862545","3","493","0"
"20:25:7:272 (H:m:s:ms)","20:25:8:0 (H:m:s:ms)","BESTFIT","GENERIC","1","124.124","0.02939223521083765","728","0","4797","1361.3457252862545","3","252","0"
"20:45:40:606 (H:m:s:ms)","20:45:41:0 (H:m:s:ms)","BESTFIT","GENERIC","1","124.136","0.014392989850039332","394","1","4607","1361.3457252862545","3","494","0"
"20:25:9:90 (H:m:s:ms)","20:25:10:0 (H:m:s:ms)","BESTFIT","GENERIC","1","124.16","0.04077313014238936","1049","0","1332","1372.238928860163","3","253","0"
"20:45:42:531 (H:m:s:ms)","20:45:43:0 (H:m:s:ms)","BESTFIT","OPERA","1","93.051","0.026585630475103858","468","0","3964","1372.238928860163","3","495","0"
"20:25:13:939 (H:m:s:ms)","20:25:15:0 (H:m:s:ms)","BESTFIT","GENERIC","1","124.158","0.038131351185728295","1067","0","2378","1361.3457252862545","3","254","0"
"20:45:44:50 (H:m:s:ms)","20:45:45:0 (H:m:s:ms)","BESTFIT","OPERA","1","93.117","0.035248946540190965","954","0","4025","6022.24227692596","3","496","0"
"20:25:17:575 (H:m:s:ms)","20:25:18:0 (H:m:s:ms)","BESTFIT","GENERIC","1","124.15199999999999","0.03328631912909449","426","2","1829","1372.238928860163","3","255","0"
"20:45:44:810 (H:m:s:ms)","20:45:45:0 (H:m:s:ms)","BESTFIT","OPERA","1","93.08200000000001","0.039741295994962886","194","0","4594","1405.7557555736407","3","497","0"
"20:25:21:212 (H:m:s:ms)","20:25:22:0 (H:m:s:ms)","BESTFIT","GENERIC","1","124.074","0.030194343456694837","788","1","4820","1361.3457252862545","3","256","0"
"20:45:48:484 (H:m:s:ms)","20:45:49:0 (H:m:s:ms)","BESTFIT","GENERIC","1","124.114","0.03889604105475193","515","0","1790","1361.3457252862545","3","498","0"
"20:25:24:848 (H:m:s:ms)","20:25:25:0 (H:m:s:ms)","BESTFIT","GENERIC","1","124.124","0.03939088031013377","156","0","3759","1372.238928860163","3","257","0"
"20:45:50:526 (H:m:s:ms)","20:45:51:0 (H:m:s:ms)","BESTFIT","AMBULANCE","1","93.086","0.04147751528910663","473","0","1212","1372.238928860163","3","499","0"
"20:25:28:484 (H:m:s:ms)","20:25:29:0 (H:m:s:ms)","BESTFIT","GENERIC","1","124.112","0.04337537077498228","515","0","4365","1361.3457252862545","3","258","0"
"20:25:41:818 (H:m:s:ms)","20:25:42:0 (H:m:s:ms)","BESTFIT","GENERIC","1","124.09","0.027435540861701347","181","0","4748","1361.3457252862545","3","259","0"
"20:25:42:424 (H:m:s:ms)","20:25:43:0 (H:m:s:ms)","BESTFIT","GENERIC","1","124.106","0.033818423963798555","575","0","1488","1372.238928860163","3","260","0"
"20:25:54:545 (H:m:s:ms)","20:25:55:0 (H:m:s:ms)","BESTFIT","GENERIC","1","124.116","0.02053662136984878","461","0","2227","1361.3457252862545","3","261","0"
"20:26:9:696 (H:m:s:ms)","20:26:10:0 (H:m:s:ms)","BESTFIT","GENERIC","1","124.106","0.017414517936534014","475","0","1571","1361.3457252862545","3","262","0"
"20:26:18:181 (H:m:s:ms)","20:26:19:0 (H:m:s:ms)","BESTFIT","GENERIC","1","124.088","0.021156456267344696","819","0","2650","1361.3457252862545","3","263","0"
"20:26:19:393 (H:m:s:ms)","20:26:20:0 (H:m:s:ms)","BESTFIT","GENERIC","1","124.076","0.03515267152280327","745","0","3715","1372.238928860163","3","264","0"
"20:26:34:545 (H:m:s:ms)","20:26:35:0 (H:m:s:ms)","BESTFIT","GENERIC","1","124.08","0.023247326359151423","462","0","2509","1361.3457252862545","3","265","0"
"20:26:38:787 (H:m:s:ms)","20:26:39:0 (H:m:s:ms)","BESTFIT","GENERIC","1","124.082","0.03237146987034493","212","0","3207","1372.238928860163","3","266","0"
"20:26:39:393 (H:m:s:ms)","20:26:40:0 (H:m:s:ms)","BESTFIT","GENERIC","1","124.232","0.03639574160409379","768","0","3879","6022.24227692596","3","267","0"
"20:26:40:0 (H:m:s:ms)","20:26:41:0 (H:m:s:ms)","BESTFIT","GENERIC","1","124.16","0.036695097910624926","1163","1","3920","1361.3457252862545","3","268","0"
"20:26:41:212 (H:m:s:ms)","20:26:42:0 (H:m:s:ms)","BESTFIT","GENERIC","1","124.147","0.043633914455643553","787","0","1584","1405.7557555736407","3","269","0"
"20:26:43:636 (H:m:s:ms)","20:26:44:0 (H:m:s:ms)","BESTFIT","GENERIC","1","124.146","0.05030548084969394","364","1","4062","1099.945747445902","3","270","0"
"20:26:47:878 (H:m:s:ms)","20:26:48:0 (H:m:s:ms)","BESTFIT","GENERIC","1","124.132","0.039706994868493196","121","0","4922","1361.3457252862545","3","271","0"
"20:26:52:121 (H:m:s:ms)","20:26:53:0 (H:m:s:ms)","BESTFIT","GENERIC","1","124.126","0.03487184498406273","879","0","3739","1372.238928860163","3","272","0"
"20:27:8:484 (H:m:s:ms)","20:27:9:0 (H:m:s:ms)","BESTFIT","GENERIC","1","124.096","0.027947257919975876","516","0","4818","1361.3457252862545","3","273","0"
"20:27:12:121 (H:m:s:ms)","20:27:13:0 (H:m:s:ms)","BESTFIT","GENERIC","1","124.162","0.04451685298035824","879","1","3774","1372.238928860163","3","274","0"
"20:27:13:333 (H:m:s:ms)","20:27:14:0 (H:m:s:ms)","BESTFIT","GENERIC","1","124.20400000000001","0.048175668526431556","666","0","2836","6022.24227692596","3","275","0"
"20:27:14:545 (H:m:s:ms)","20:27:15:0 (H:m:s:ms)","BESTFIT","GENERIC","1","124.094","0.04732042777745436","460","1","2008","1361.3457252862545","3","276","0"
"20:27:16:363 (H:m:s:ms)","20:27:17:0 (H:m:s:ms)","BESTFIT","GENERIC","1","124.149","0.049530958308793796","636","0","4764","1405.7557555736407","3","277","0"
"20:27:16:969 (H:m:s:ms)","20:27:18:0 (H:m:s:ms)","BESTFIT","GENERIC","1","124.186","0.05691054456847303","1031","0","4135","1099.945747445902","3","278","0"
"20:27:20:0 (H:m:s:ms)","20:27:21:0 (H:m:s:ms)","BESTFIT","GENERIC","1","124.128","0.04200947732324008","1169","0","3194","1361.3457252862545","3","279","0"
"20:27:27:272 (H:m:s:ms)","20:27:28:0 (H:m:s:ms)","BESTFIT","GENERIC","1","124.142","0.032177440510369956","728","1","3844","1361.3457252862545","3","280","0"
"20:27:31:515 (H:m:s:ms)","20:27:32:0 (H:m:s:ms)","BESTFIT","GENERIC","1","124.076","0.042089486545100495","484","0","3127","1372.238928860163","3","281","0"
"20:27:44:242 (H:m:s:ms)","20:27:45:0 (H:m:s:ms)","BESTFIT","GENERIC","1","124.096","0.024963529021624666","772","0","2979","1361.3457252862545","3","282","0"
"20:27:48:484 (H:m:s:ms)","20:27:49:0 (H:m:s:ms)","BESTFIT","GENERIC","1","124.13","0.03647635618205515","516","0","2063","1372.238928860163","3","283","0"
"20:27:49:90 (H:m:s:ms)","20:27:50:0 (H:m:s:ms)","BESTFIT","GENERIC","1","124.19","0.04292930322836259","1054","1","3708","6022.24227692596","3","284","0"
"20:27:53:333 (H:m:s:ms)","20:27:54:0 (H:m:s:ms)","BESTFIT","GENERIC","1","124.104","0.04582757908808336","667","0","3395","1361.3457252862545","3","285","0"
"20:27:56:363 (H:m:s:ms)","20:27:57:0 (H:m:s:ms)","BESTFIT","GENERIC","1","124.148","0.033976552055671315","637","1","4532","1372.238928860163","3","286","0"
"20:28:2:424 (H:m:s:ms)","20:28:3:0 (H:m:s:ms)","BESTFIT","GENERIC","1","124.134","0.022623543498277835","575","0","1791","1361.3457252862545","3","287","0"
"20:28:3:636 (H:m:s:ms)","20:28:4:0 (H:m:s:ms)","BESTFIT","GENERIC","1","124.132","0.030838515168607847","364","1","2451","1372.238928860163","3","288","0"
"20:28:4:848 (H:m:s:ms)","20:28:5:0 (H:m:s:ms)","BESTFIT","GENERIC","1","124.22","0.03504103015501691","155","0","4486","6022.24227692596","3","289","0"
"20:28:10:909 (H:m:s:ms)","20:28:12:0 (H:m:s:ms)","BESTFIT","GENERIC","1","124.072","0.02008743043648377","1090","0","3084","1361.3457252862545","3","290","0"
"20:28:11:515 (H:m:s:ms)","20:28:12:0 (H:m:s:ms)","BESTFIT","GENERIC","1","124.114","0.025147297954358473","485","0","1763","1372.238928860163","3","291","0"
"20:28:23:30 (H:m:s:ms)","20:28:24:0 (H:m:s:ms)","BESTFIT","GENERIC","1","124.15","0.025715175048754473","970","0","4795","1361.3457252862545","3","292","0"
"20:28:26:60 (H:m:s:ms)","20:28:27:0 (H:m:s:ms)","BESTFIT","GENERIC","1","124.136","0.03286414881812198","940","1","2089","1372.238928860163","3","293","0"
"20:28:26:666 (H:m:s:ms)","20:28:27:0 (H:m:s:ms)","BESTFIT","GENERIC","1","124.19200000000001","0.04326906142129091","334","0","2693","6022.24227692596","3","294","0"
"20:28:37:575 (H:m:s:ms)","20:28:38:0 (H:m:s:ms)","BESTFIT","GENERIC","1","124.098","0.02208293708780532","424","0","4037","1361.3457252862545","3","295","0"
"20:28:40:606 (H:m:s:ms)","20:28:41:0 (H:m:s:ms)","BESTFIT","GENERIC","1","124.15199999999999","0.028475051945461353","394","0","3111","1372.238928860163","3","296","0"
"20:28:55:757 (H:m:s:ms)","20:28:56:0 (H:m:s:ms)","BESTFIT","GENERIC","1","124.158","0.016231580390358356","243","0","2155","1361.3457252862545","3","297","0"
"20:28:57:575 (H:m:s:ms)","20:28:58:0 (H:m:s:ms)","BESTFIT","GENERIC","1","124.112","0.03106438207171181","424","0","4977","1372.238928860163","3","298","0"
"20:29:3:30 (H:m:s:ms)","20:29:4:0 (H:m:s:ms)","BESTFIT","GENERIC","1","124.154","0.020403997032310203","971","1","4395","1361.3457252862545","3","299","0"
"21:51:50:303 (H:m:s:ms)","21:51:51:0 (H:m:s:ms)","BESTFIT","GENERIC","1","124.088","0.03315617178589858","697","0","3714","1372.238928860163","3","1305","0"
"21:51:48:607 (H:m:s:ms)","21:51:49:0 (H:m:s:ms)","BESTFIT","OPERA","1","124.042","0.01314181504275636","392","0","4049","1361.3457252862545","3","1304","0"
"21:51:41:12 (H:m:s:ms)","21:51:42:0 (H:m:s:ms)","BESTFIT","OPERA","1","124.042","0.027650871917668827","988","0","4089","1361.3457252862545","3","1303","0"
"21:51:27:272 (H:m:s:ms)","21:51:28:0 (H:m:s:ms)","BESTFIT","GENERIC","1","124.142","0.05088458947577541","727","0","2461","1361.3457252862545","3","1302","0"
"21:51:26:666 (H:m:s:ms)","21:51:27:0 (H:m:s:ms)","BESTFIT","GENERIC","1","124.15700000000001","0.05204002436014653","333","0","1096","1405.7557555736407","3","1301","0"
"21:51:26:60 (H:m:s:ms)","21:51:27:0 (H:m:s:ms)","BESTFIT","GENERIC","1","124.202","0.05018086824669436","940","0","4657","6022.24227692596","3","1300","0"
"21:52:15:757 (H:m:s:ms)","21:52:16:0 (H:m:s:ms)","BESTFIT","GENERIC","1","124.084","0.022623543498277835","242","0","3058","1361.3457252862545","3","1309","0"
"21:52:0:0 (H:m:s:ms)","21:52:1:0 (H:m:s:ms)","BESTFIT","GENERIC","1","124.114","0.021848960780744556","1054","0","1531","1361.3457252862545","3","1308","0"
"21:51:52:405 (H:m:s:ms)","21:51:53:0 (H:m:s:ms)","BESTFIT","OPERA","1","124.089","0.045927440414135864","594","0","2727","1405.7557555736407","3","1307","0"
"21:51:51:515 (H:m:s:ms)","21:51:52:0 (H:m:s:ms)","BESTFIT","GENERIC","1","124.194","0.03849645479001455","484","0","4833","6022.24227692596","3","1306","0"
"21:52:53:939 (H:m:s:ms)","21:52:55:0 (H:m:s:ms)","BESTFIT","GENERIC","1","124.132","0.035347753957603104","1064","0","1174","1372.238928860163","3","1316","0"
"21:52:50:909 (H:m:s:ms)","21:52:52:0 (H:m:s:ms)","BESTFIT","GENERIC","1","124.154","0.03998188384947811","1090","0","4216","1361.3457252862545","3","1315","0"
"21:52:47:272 (H:m:s:ms)","21:52:48:0 (H:m:s:ms)","BESTFIT","GENERIC","1","124.084","0.03505860601534201","728","0","4728","1372.238928860163","3","1314","0"
"21:52:45:454 (H:m:s:ms)","21:52:46:0 (H:m:s:ms)","BESTFIT","GENERIC","1","124.118","0.022339904570890978","545","0","4369","1361.3457252862545","3","1313","0"
"21:52:29:90 (H:m:s:ms)","21:52:30:0 (H:m:s:ms)","BESTFIT","GENERIC","1","124.164","0.0338902873250434","936","0","2973","6022.24227692596","3","1312","0"
"21:52:28:101 (H:m:s:ms)","21:52:29:0 (H:m:s:ms)","BESTFIT","OPERA","1","124.05799999999999","0.029070262827648467","898","0","1361","1372.238928860163","3","1311","0"
"21:52:27:878 (H:m:s:ms)","21:52:29:0 (H:m:s:ms)","BESTFIT","GENERIC","1","124.152","0.017402429702228012","1121","0","3422","1361.3457252862545","3","1310","0"
"21:53:4:242 (H:m:s:ms)","21:53:5:0 (H:m:s:ms)","BESTFIT","GENERIC","1","124.132","0.03711133549128071","760","0","4481","1372.238928860163","3","1319","0"
"21:52:59:393 (H:m:s:ms)","21:53:0:0 (H:m:s:ms)","BESTFIT","GENERIC","1","124.156","0.035900517602769244","650","0","2099","1361.3457252862545","3","1318","0"
"21:52:56:363 (H:m:s:ms)","21:52:57:0 (H:m:s:ms)","BESTFIT","GENERIC","1","124.214","0.040068011786297736","636","0","1297","6022.24227692596","3","1317","0"
"21:54:9:696 (H:m:s:ms)","21:54:10:0 (H:m:s:ms)","BESTFIT","GENERIC","1","124.106","0.018156674963667584","359","0","4283","1361.3457252862545","3","1330","0"
"21:53:53:333 (H:m:s:ms)","21:53:54:0 (H:m:s:ms)","BESTFIT","GENERIC","1","124.104","0.021848960780744556","666","0","4447","1361.3457252862545","3","1327","0"
"21:53:40:606 (H:m:s:ms)","21:53:41:0 (H:m:s:ms)","BESTFIT","GENERIC","1","124.136","0.040436690572213725","393","0","2195","1361.3457252862545","3","1326","0"
"21:53:35:757 (H:m:s:ms)","21:53:36:0 (H:m:s:ms)","BESTFIT","GENERIC","1","124.16399999999999","0.04093835272788243","242","0","2495","1372.238928860163","3","1325","0"
"21:53:33:333 (H:m:s:ms)","21:53:34:0 (H:m:s:ms)","BESTFIT","GENERIC","1","124.098","0.024297786033279114","667","0","3666","1361.3457252862545","3","1324","0"
"21:53:27:341 (H:m:s:ms)","21:53:28:0 (H:m:s:ms)","BESTFIT","OPERA","1","124.05799999999999","0.044204678428130285","659","1","1293","1372.238928860163","3","1323","0"
"21:53:23:636 (H:m:s:ms)","21:53:24:0 (H:m:s:ms)","BESTFIT","GENERIC","1","124.124","0.029210821482199837","363","0","1405","1361.3457252862545","3","1322","0"
"21:53:13:670 (H:m:s:ms)","21:53:14:0 (H:m:s:ms)","BESTFIT","OPERA","1","124.042","0.026598629158512542","329","0","1245","1361.3457252862545","3","1321","0"
"21:53:5:454 (H:m:s:ms)","21:53:6:0 (H:m:s:ms)","BESTFIT","GENERIC","1","124.092","0.041793343935076915","545","0","1037","1361.3457252862545","3","1320","0"
"21:18:44:242 (H:m:s:ms)","21:18:45:0 (H:m:s:ms)","BESTFIT","GENERIC","1","124.178","0.04601428933975234","762","0","1313","6022.24227692596","3","900","0"
"21:18:45:454 (H:m:s:ms)","21:18:46:0 (H:m:s:ms)","BESTFIT","GENERIC","1","124.118","0.0450000535395203","545","0","1793","1361.3457252862545","3","901","0"
"21:18:45:569 (H:m:s:ms)","21:18:46:0 (H:m:s:ms)","BESTFIT","OPERA","1","124.089","0.05009459904583751","430","0","3361","1405.7557555736407","3","902","0"
"21:18:46:60 (H:m:s:ms)","21:18:47:0 (H:m:s:ms)","BESTFIT","GENERIC","1","124.142","0.04462522253767767","939","0","4143","1372.238928860163","3","903","0"
"21:18:49:696 (H:m:s:ms)","21:18:50:0 (H:m:s:ms)","BESTFIT","GENERIC","1","124.122","0.04951902639175699","378","0","3576","1099.945747445902","3","904","0"
"21:18:52:121 (H:m:s:ms)","21:18:53:0 (H:m:s:ms)","BESTFIT","GENERIC","1","124.11","0.0343340088788539","879","0","1245","1361.3457252862545","3","905","0"
"21:54:3:30 (H:m:s:ms)","21:54:4:0 (H:m:s:ms)","BESTFIT","GENERIC","1","124.16999999999999","0.04093474532365515","969","0","1704","1372.238928860163","3","1329","0"
"21:18:53:164 (H:m:s:ms)","21:18:54:0 (H:m:s:ms)","BESTFIT","OPERA","1","124.05799999999999","0.048184836115577154","835","0","1658","1372.238928860163","3","906","0"
"21:53:59:240 (H:m:s:ms)","21:54:0:0 (H:m:s:ms)","BESTFIT","OPERA","1","124.042","0.021613987830908246","814","0","3697","1361.3457252862545","3","1328","0"
"21:18:53:939 (H:m:s:ms)","21:18:55:0 (H:m:s:ms)","BESTFIT","GENERIC","1","124.19800000000001","0.0519541281051559","1065","0","3404","6022.24227692596","3","907","0"
"21:19:7:594 (H:m:s:ms)","21:19:8:0 (H:m:s:ms)","BESTFIT","OPERA","1","124.042","0.03025605285930683","405","0","4906","1361.3457252862545","3","908","0"
"21:19:16:708 (H:m:s:ms)","21:19:17:0 (H:m:s:ms)","BESTFIT","OPERA","1","93.035","0.025883707187272807","291","0","1518","1361.3457252862545","3","909","0"
"21:57:29:696 (H:m:s:ms)","21:57:30:0 (H:m:s:ms)","BESTFIT","GENERIC","1","124.12","0.028770688087751198","318","0","3143","1361.3457252862545","3","1341","0"
"21:57:11:515 (H:m:s:ms)","21:57:12:0 (H:m:s:ms)","BESTFIT","GENERIC","1","124.098","0.025226840550519613","485","0","3301","1361.3457252862545","3","1340","0"
"21:56:10:303 (H:m:s:ms)","21:56:11:0 (H:m:s:ms)","BESTFIT","GENERIC","1","124.124","0.02444125070202427","696","0","4065","1361.3457252862545","3","1338","0"
"21:55:58:181 (H:m:s:ms)","21:55:59:0 (H:m:s:ms)","BESTFIT","GENERIC","1","124.088","0.015477890072065294","819","0","4304","1361.3457252862545","3","1337","0"
"21:55:40:0 (H:m:s:ms)","21:55:41:0 (H:m:s:ms)","BESTFIT","GENERIC","1","124.17599999999999","0.03403578286699899","1022","0","3504","1372.238928860163","3","1336","0"
"21:55:35:151 (H:m:s:ms)","21:55:36:0 (H:m:s:ms)","BESTFIT","GENERIC","1","124.092","0.019950550426245803","848","0","2351","1361.3457252862545","3","1335","0"
"21:55:4:848 (H:m:s:ms)","21:55:5:0 (H:m:s:ms)","BESTFIT","GENERIC","1","124.138","0.019355538938074443","159","0","3728","1361.3457252862545","3","1334","0"
"21:54:46:666 (H:m:s:ms)","21:54:47:0 (H:m:s:ms)","BESTFIT","GENERIC","1","124.138","0.033837100792862305","334","0","3311","1372.238928860163","3","1333","0"
"21:54:41:818 (H:m:s:ms)","21:54:42:0 (H:m:s:ms)","BESTFIT","GENERIC","1","124.09","0.02561739891840855","181","0","4976","1361.3457252862545","3","1332","0"
"21:54:17:575 (H:m:s:ms)","21:54:18:0 (H:m:s:ms)","BESTFIT","GENERIC","1","124.136","0.02809500116073938","424","0","4551","1361.3457252862545","3","1331","0"
"21:19:26:60 (H:m:s:ms)","21:19:27:0 (H:m:s:ms)","BESTFIT","GENERIC","1","124.12","0.025334844438977697","939","0","1924","1361.3457252862545","3","910","0"
"21:19:27:878 (H:m:s:ms)","21:19:29:0 (H:m:s:ms)","BESTFIT","GENERIC","1","124.168","0.03696294735216386","1122","0","4543","1372.238928860163","3","911","0"
"21:19:30:909 (H:m:s:ms)","21:19:32:0 (H:m:s:ms)","BESTFIT","GENERIC","1","124.14","0.03886528584080332","1091","0","4169","6022.24227692596","3","912","0"
"21:19:34:177 (H:m:s:ms)","21:19:35:0 (H:m:s:ms)","BESTFIT","OPERA","1","124.042","0.026924015035100272","830","0","3440","1361.3457252862545","3","913","0"
"21:19:35:696 (H:m:s:ms)","21:19:36:0 (H:m:s:ms)","BESTFIT","OPERA","1","124.05799999999999","0.039459644211740676","303","0","4190","1372.238928860163","3","914","0"
"21:19:37:575 (H:m:s:ms)","21:19:38:0 (H:m:s:ms)","BESTFIT","GENERIC","1","124.18","0.04135677311671638","424","0","4646","6022.24227692596","3","915","0"
"21:19:37:894 (H:m:s:ms)","0","BESTFIT","AMBULANCE","0","0","0","1106","0","1001","0","0","916","0"
"21:19:38:181 (H:m:s:ms)","21:19:39:0 (H:m:s:ms)","BESTFIT","GENERIC","1","124.18100000000001","0.047029407986228844","819","0","3529","1405.7557555736407","3","917","0"
"21:56:16:969 (H:m:s:ms)","21:56:18:0 (H:m:s:ms)","BESTFIT","GENERIC","1","124.124","0.018875998180434676","1030","0","3289","1361.3457252862545","3","1339","0"
"21:19:39:393 (H:m:s:ms)","21:19:40:0 (H:m:s:ms)","BESTFIT","GENERIC","1","124.212","0.04981426639275324","638","0","2600","1099.945747445902","3","918","0"
"21:19:41:212 (H:m:s:ms)","21:19:42:0 (H:m:s:ms)","BESTFIT","GENERIC","1","124.1","0.03928072494350636","787","0","3296","1361.3457252862545","3","919","0"
"21:35:23:30 (H:m:s:ms)","21:35:24:0 (H:m:s:ms)","BESTFIT","GENERIC","1","124.15","0.024717251995527406","969","0","4648","1361.3457252862545","3","1110","0"
"21:34:57:575 (H:m:s:ms)","21:34:58:0 (H:m:s:ms)","BESTFIT","GENERIC","1","124.096","0.024963529021624666","424","0","3432","1361.3457252862545","3","1107","0"
"21:34:44:848 (H:m:s:ms)","21:34:45:0 (H:m:s:ms)","BESTFIT","GENERIC","1","124.122","0.054641132734232704","155","0","3952","1099.945747445902","3","1106","0"
"21:34:43:291 (H:m:s:ms)","21:34:44:0 (H:m:s:ms)","BESTFIT","OPERA","1","124.089","0.04508810727288799","708","0","4755","1405.7557555736407","3","1105","0"
"21:34:43:30 (H:m:s:ms)","21:34:44:0 (H:m:s:ms)","BESTFIT","GENERIC","1","124.214","0.03791569404124938","969","0","4744","6022.24227692596","3","1104","0"
"21:34:42:424 (H:m:s:ms)","21:34:43:0 (H:m:s:ms)","BESTFIT","GENERIC","1","124.106","0.030467927312416293","575","0","1806","1372.238928860163","3","1103","0"
"21:34:41:818 (H:m:s:ms)","21:34:42:0 (H:m:s:ms)","BESTFIT","GENERIC","1","124.09","0.025627120525226452","181","0","4228","1361.3457252862545","3","1102","0"
"21:34:30:909 (H:m:s:ms)","21:34:32:0 (H:m:s:ms)","BESTFIT","GENERIC","1","124.074","0.03738097269805081","1090","0","3296","1372.238928860163","3","1101","0"
"21:59:28:421 (H:m:s:ms)","21:59:29:0 (H:m:s:ms)","BESTFIT","AMBULANCE","1","124.164","0.030946848663378556","579","0","1172","1361.3457252862545","3","1343","0"
"21:19:42:531 (H:m:s:ms)","21:19:43:0 (H:m:s:ms)","BESTFIT","OPERA","1","124.05799999999999","0.04370974260035449","469","1","1406","1372.238928860163","3","920","0"
"21:34:28:860 (H:m:s:ms)","21:34:29:0 (H:m:s:ms)","BESTFIT","OPERA","1","124.042","0.03770204826210133","139","0","4209","1361.3457252862545","3","1100","0"
"21:57:47:878 (H:m:s:ms)","21:57:49:0 (H:m:s:ms)","BESTFIT","GENERIC","1","124.132","0.022458280578431276","1121","0","4570","1361.3457252862545","3","1342","0"
"21:19:48:607 (H:m:s:ms)","21:19:49:0 (H:m:s:ms)","BESTFIT","OPERA","1","124.042","0.024675065087967647","392","0","3653","1361.3457252862545","3","921","0"
"21:19:50:303 (H:m:s:ms)","21:19:51:0 (H:m:s:ms)","BESTFIT","GENERIC","1","124.088","0.03324287080937626","696","0","4745","1372.238928860163","3","922","0"
"21:19:53:333 (H:m:s:ms)","21:19:54:0 (H:m:s:ms)","BESTFIT","GENERIC","1","124.186","0.03775527454794681","666","0","2265","6022.24227692596","3","923","0"
"21:20:9:90 (H:m:s:ms)","21:20:10:0 (H:m:s:ms)","BESTFIT","GENERIC","1","124.144","0.02612274792558531","964","0","2453","1361.3457252862545","3","924","0"
"21:20:10:909 (H:m:s:ms)","21:20:12:0 (H:m:s:ms)","BESTFIT","GENERIC","1","124.088","0.04117199219413695","1090","0","4750","1372.238928860163","3","925","0"
"21:20:12:121 (H:m:s:ms)","21:20:13:0 (H:m:s:ms)","BESTFIT","GENERIC","1","124.22999999999999","0.0425483719999511","878","0","4374","6022.24227692596","3","926","0"
"21:20:23:30 (H:m:s:ms)","21:20:24:0 (H:m:s:ms)","BESTFIT","GENERIC","1","124.15","0.02478344935611704","969","0","1347","1361.3457252862545","3","927","0"
"21:35:15:757 (H:m:s:ms)","21:35:16:0 (H:m:s:ms)","BESTFIT","GENERIC","1","124.1","0.03821447851586793","242","0","1037","1372.238928860163","3","1109","0"
"21:20:32:727 (H:m:s:ms)","21:20:33:0 (H:m:s:ms)","BESTFIT","GENERIC","1","124.08","0.01811090882024411","272","0","4415","1361.3457252862545","3","928","0"
"21:35:15:151 (H:m:s:ms)","21:35:16:0 (H:m:s:ms)","BESTFIT","GENERIC","1","124.108","0.018335904085048333","848","0","3748","1361.3457252862545","3","1108","0"
"21:20:35:151 (H:m:s:ms)","21:20:36:0 (H:m:s:ms)","BESTFIT","GENERIC","1","124.108","0.02876726931156091","848","0","3897","1372.238928860163","3","929","0"
"21:36:6:666 (H:m:s:ms)","21:36:7:0 (H:m:s:ms)","BESTFIT","GENERIC","1","124.136","0.03904955784451443","333","0","3524","1372.238928860163","3","1121","0"
"21:36:5:316 (H:m:s:ms)","21:36:6:0 (H:m:s:ms)","BESTFIT","OPERA","1","124.042","0.021234086162868603","683","0","4738","1361.3457252862545","3","1120","0"
"21:35:53:939 (H:m:s:ms)","21:35:55:0 (H:m:s:ms)","BESTFIT","GENERIC","1","124.116","0.04437435363135805","1062","0","2254","1361.3457252862545","3","1118","0"
"21:35:51:645 (H:m:s:ms)","21:35:52:0 (H:m:s:ms)","BESTFIT","OPERA","1","124.124","0.04207281269982365","355","0","1947","6022.24227692596","3","1117","0"
"21:35:49:696 (H:m:s:ms)","21:35:50:0 (H:m:s:ms)","BESTFIT","GENERIC","1","124.076","0.03722047975734418","328","0","4384","1372.238928860163","3","1116","0"
"21:35:47:272 (H:m:s:ms)","21:35:48:0 (H:m:s:ms)","BESTFIT","GENERIC","1","124.068","0.01853603668761626","727","0","1054","1361.3457252862545","3","1115","0"
"21:35:36:969 (H:m:s:ms)","21:35:38:0 (H:m:s:ms)","BESTFIT","GENERIC","1","124.05799999999999","0.03855228822263803","1030","0","3526","1361.3457252862545","3","1114","0"
"21:35:35:757 (H:m:s:ms)","21:35:36:0 (H:m:s:ms)","BESTFIT","GENERIC","1","124.22999999999999","0.039162383504954296","242","0","4548","6022.24227692596","3","1113","0"
"21:20:49:90 (H:m:s:ms)","21:20:50:0 (H:m:s:ms)","BESTFIT","GENERIC","1","124.108","0.023256340943794192","940","0","2775","1361.3457252862545","3","930","0"
"21:35:35:151 (H:m:s:ms)","21:35:36:0 (H:m:s:ms)","BESTFIT","GENERIC","1","124.108","0.03289572866484061","848","0","1826","1372.238928860163","3","1112","0"
"21:20:50:886 (H:m:s:ms)","21:20:52:0 (H:m:s:ms)","BESTFIT","OPERA","1","124.05799999999999","0.0332881765737565","1113","0","4012","1372.238928860163","3","931","0"
"21:35:30:303 (H:m:s:ms)","21:35:31:0 (H:m:s:ms)","BESTFIT","GENERIC","1","124.08","0.02387848508789375","696","0","4787","1361.3457252862545","3","1111","0"
"21:20:52:727 (H:m:s:ms)","21:20:53:0 (H:m:s:ms)","BESTFIT","GENERIC","1","124.16","0.04318569890059348","272","0","3648","6022.24227692596","3","932","0"
"21:20:56:363 (H:m:s:ms)","21:20:57:0 (H:m:s:ms)","BESTFIT","GENERIC","1","124.132","0.047133619926908184","636","0","4076","1361.3457252862545","3","933","0"
"21:21:2:278 (H:m:s:ms)","21:21:3:0 (H:m:s:ms)","BESTFIT","OPERA","1","124.042","0.026517010418685965","721","0","2752","1361.3457252862545","3","934","0"
"21:21:14:545 (H:m:s:ms)","21:21:15:0 (H:m:s:ms)","BESTFIT","GENERIC","1","124.094","0.030028545822493143","457","0","3521","1361.3457252862545","3","935","0"
"21:21:18:787 (H:m:s:ms)","21:21:19:0 (H:m:s:ms)","BESTFIT","GENERIC","1","124.136","0.04742531659735102","212","0","3051","1372.238928860163","3","936","0"
"21:21:23:636 (H:m:s:ms)","21:21:24:0 (H:m:s:ms)","BESTFIT","GENERIC","1","124.124","0.0432749988698874","363","0","2714","1361.3457252862545","3","937","0"
"21:21:31:515 (H:m:s:ms)","21:21:32:0 (H:m:s:ms)","BESTFIT","GENERIC","1","124.06","0.028066008416542623","484","0","3257","1361.3457252862545","3","938","0"
"21:21:37:215 (H:m:s:ms)","21:21:38:0 (H:m:s:ms)","BESTFIT","OPERA","1","93.035","0.024811143541349594","784","0","3431","1361.3457252862545","3","939","0"
"21:35:59:393 (H:m:s:ms)","21:36:0:0 (H:m:s:ms)","BESTFIT","GENERIC","1","124.172","0.0335777968276832","636","0","3011","1372.238928860163","3","1119","0"
"21:37:5:454 (H:m:s:ms)","21:37:6:0 (H:m:s:ms)","BESTFIT","GENERIC","1","124.092","0.02576227417829469","545","0","1461","1361.3457252862545","3","1132","0"
"21:36:58:787 (H:m:s:ms)","21:36:59:0 (H:m:s:ms)","BESTFIT","GENERIC","1","124.154","0.03762908939255423","212","0","3398","1372.238928860163","3","1131","0"
"21:36:56:969 (H:m:s:ms)","21:36:58:0 (H:m:s:ms)","BESTFIT","GENERIC","1","124.086","0.02938327060023736","1030","0","3318","1361.3457252862545","3","1130","0"
"21:36:49:90 (H:m:s:ms)","21:36:50:0 (H:m:s:ms)","BESTFIT","GENERIC","1","124.108","0.02705891220933664","940","0","3615","1361.3457252862545","3","1129","0"
"21:36:36:363 (H:m:s:ms)","21:36:37:0 (H:m:s:ms)","BESTFIT","GENERIC","1","124.11","0.029874809201645026","636","0","4093","1372.238928860163","3","1128","0"
"21:36:31:898 (H:m:s:ms)","21:36:33:0 (H:m:s:ms)","BESTFIT","OPERA","1","124.042","0.025857515771004088","1101","0","3628","1361.3457252862545","3","1127","0"
"21:36:18:787 (H:m:s:ms)","21:36:19:0 (H:m:s:ms)","BESTFIT","GENERIC","1","124.12","0.03956007336151619","212","0","1584","1361.3457252862545","3","1126","0"
"21:36:16:363 (H:m:s:ms)","21:36:17:0 (H:m:s:ms)","BESTFIT","GENERIC","1","124.184","0.03862229857221181","636","0","4685","6022.24227692596","3","1125","0"
"21:21:47:272 (H:m:s:ms)","21:21:48:0 (H:m:s:ms)","BESTFIT","GENERIC","1","124.068","0.019002754251433714","727","0","4077","1361.3457252862545","3","940","0"
"21:36:13:333 (H:m:s:ms)","21:36:14:0 (H:m:s:ms)","BESTFIT","GENERIC","1","124.138","0.04090491221133042","666","0","2131","1372.238928860163","3","1124","0"
"21:21:55:443 (H:m:s:ms)","21:21:56:0 (H:m:s:ms)","BESTFIT","OPERA","1","124.042","0.025810381409371252","556","0","3477","1361.3457252862545","3","941","0"
"21:36:10:909 (H:m:s:ms)","21:36:12:0 (H:m:s:ms)","BESTFIT","GENERIC","1","124.072","0.046379461749972845","1090","0","4437","1361.3457252862545","3","1123","0"
"21:2:56:363 (H:m:s:ms)","21:2:57:0 (H:m:s:ms)","BESTFIT","GENERIC","1","124.132","0.01868919513812763","636","0","4520","1361.3457252862545","3","700","0"
"21:21:58:181 (H:m:s:ms)","21:21:59:0 (H:m:s:ms)","BESTFIT","GENERIC","1","124.104","0.035928288847495854","819","1","3786","1372.238928860163","3","942","0"
"21:36:8:484 (H:m:s:ms)","21:36:9:0 (H:m:s:ms)","BESTFIT","GENERIC","1","124.178","0.04629296351006777","516","0","2387","6022.24227692596","3","1122","0"
"21:2:58:787 (H:m:s:ms)","21:2:59:0 (H:m:s:ms)","BESTFIT","GENERIC","1","124.154","0.02889669435428473","212","0","2053","1372.238928860163","3","701","0"
"21:21:59:240 (H:m:s:ms)","21:22:0:0 (H:m:s:ms)","BESTFIT","OPERA","1","124.124","0.041857471761567795","787","0","3839","6022.24227692596","3","943","0"
"21:3:0:0 (H:m:s:ms)","0","BESTFIT","AMBULANCE","0","0","0","1043","0","669","0","0","702","0"
"21:22:6:666 (H:m:s:ms)","21:22:7:0 (H:m:s:ms)","BESTFIT","GENERIC","1","124.12","0.02506637156099185","334","0","3197","1361.3457252862545","3","944","0"
"21:3:2:424 (H:m:s:ms)","21:3:3:0 (H:m:s:ms)","BESTFIT","GENERIC","1","124.134","0.03217657107053318","575","0","1215","1361.3457252862545","3","703","0"
"21:22:15:151 (H:m:s:ms)","21:22:16:0 (H:m:s:ms)","BESTFIT","GENERIC","1","124.108","0.027383791182282933","848","0","4623","1361.3457252862545","3","945","0"
"21:3:9:90 (H:m:s:ms)","21:3:10:0 (H:m:s:ms)","BESTFIT","GENERIC","1","124.144","0.014703275498430217","948","0","2524","1361.3457252862545","3","704","0"
"21:22:16:969 (H:m:s:ms)","21:22:18:0 (H:m:s:ms)","BESTFIT","GENERIC","1","124.13999999999999","0.03282663935352022","1030","0","3426","1372.238928860163","3","946","0"
"21:3:23:636 (H:m:s:ms)","21:3:24:0 (H:m:s:ms)","BESTFIT","GENERIC","1","124.124","0.016495404673271357","363","0","4991","1361.3457252862545","3","705","0"
"21:22:24:242 (H:m:s:ms)","21:22:25:0 (H:m:s:ms)","BESTFIT","GENERIC","1","124.092","0.022114225892100384","759","0","4963","1361.3457252862545","3","947","0"
"21:3:28:484 (H:m:s:ms)","21:3:29:0 (H:m:s:ms)","BESTFIT","GENERIC","1","124.128","0.02704439423762361","515","0","4625","1372.238928860163","3","706","0"
"21:22:35:757 (H:m:s:ms)","21:22:36:0 (H:m:s:ms)","BESTFIT","GENERIC","1","124.148","0.020130491250948967","242","0","3981","1361.3457252862545","3","948","0"
"21:3:32:121 (H:m:s:ms)","21:3:33:0 (H:m:s:ms)","BESTFIT","GENERIC","1","124.1","0.03482351783115678","878","0","2248","1361.3457252862545","3","707","0"
"21:22:38:734 (H:m:s:ms)","21:22:39:0 (H:m:s:ms)","BESTFIT","OPERA","1","124.05799999999999","0.03242323809293106","265","0","4582","1372.238928860163","3","949","0"
"21:3:41:818 (H:m:s:ms)","21:3:42:0 (H:m:s:ms)","BESTFIT","GENERIC","1","124.09","0.02841012083270188","181","0","3511","1361.3457252862545","3","708","0"
"21:3:53:939 (H:m:s:ms)","21:3:55:0 (H:m:s:ms)","BESTFIT","GENERIC","1","124.116","0.03129892583131544","1064","0","2996","1361.3457252862545","3","709","0"
"21:37:38:787 (H:m:s:ms)","21:37:39:0 (H:m:s:ms)","BESTFIT","GENERIC","1","124.082","0.041710674283443785","212","0","2948","1372.238928860163","3","1143","0"
"21:37:38:181 (H:m:s:ms)","21:37:39:0 (H:m:s:ms)","BESTFIT","GENERIC","1","124.134","0.023808653359522442","818","0","3253","1361.3457252862545","3","1142","0"
"21:37:36:455 (H:m:s:ms)","21:37:37:0 (H:m:s:ms)","BESTFIT","OPERA","1","124.124","0.03325734478624821","545","0","4095","6022.24227692596","3","1141","0"
"21:37:32:121 (H:m:s:ms)","21:37:33:0 (H:m:s:ms)","BESTFIT","GENERIC","1","124.116","0.029665924074064123","878","0","3200","1372.238928860163","3","1140","0"
"21:37:31:515 (H:m:s:ms)","21:37:32:0 (H:m:s:ms)","BESTFIT","GENERIC","1","124.06","0.019842205515455767","484","0","3553","1361.3457252862545","3","1139","0"
"21:37:24:848 (H:m:s:ms)","21:37:25:0 (H:m:s:ms)","BESTFIT","GENERIC","1","124.19","0.041770524126860796","163","0","3094","6022.24227692596","3","1138","0"
"21:37:24:242 (H:m:s:ms)","21:37:25:0 (H:m:s:ms)","BESTFIT","GENERIC","1","124.108","0.03494890158635365","769","0","2218","1372.238928860163","3","1137","0"
"21:22:43:30 (H:m:s:ms)","21:22:44:0 (H:m:s:ms)","BESTFIT","GENERIC","1","124.13","0.030930340952176158","970","0","3480","1361.3457252862545","3","950","0"
"21:37:22:424 (H:m:s:ms)","21:37:23:0 (H:m:s:ms)","BESTFIT","GENERIC","1","124.08","0.026643320408059522","575","0","2773","1361.3457252862545","3","1136","0"
"21:22:44:848 (H:m:s:ms)","21:22:45:0 (H:m:s:ms)","BESTFIT","GENERIC","1","124.078","0.039637758087650105","155","0","4964","1372.238928860163","3","951","0"
"21:37:14:430 (H:m:s:ms)","21:37:15:0 (H:m:s:ms)","BESTFIT","OPERA","1","124.05799999999999","0.037167032528884314","578","0","1297","1372.238928860163","3","1135","0"
"21:3:55:151 (H:m:s:ms)","21:3:56:0 (H:m:s:ms)","BESTFIT","GENERIC","1","124.108","0.04219864281383762","848","0","2627","1372.238928860163","3","710","0"
"21:22:49:696 (H:m:s:ms)","21:22:50:0 (H:m:s:ms)","BESTFIT","GENERIC","1","124.06","0.04717721241001001","333","0","1438","1361.3457252862545","3","952","0"
"21:37:11:515 (H:m:s:ms)","21:37:12:0 (H:m:s:ms)","BESTFIT","GENERIC","1","124.098","0.029878613716021296","484","0","2108","1361.3457252862545","3","1134","0"
"21:3:56:842 (H:m:s:ms)","21:3:57:0 (H:m:s:ms)","BESTFIT","AMBULANCE","1","93.14099999999999","0.049831219527174564","157","0","914","6022.24227692596","3","711","0"
"21:22:54:545 (H:m:s:ms)","21:22:55:0 (H:m:s:ms)","BESTFIT","GENERIC","1","124.132","0.039062082813006306","459","0","4528","1372.238928860163","3","953","0"
"21:37:6:60 (H:m:s:ms)","21:37:7:0 (H:m:s:ms)","BESTFIT","GENERIC","1","124.11","0.03406830097407994","940","0","1125","1372.238928860163","3","1133","0"
"21:3:59:393 (H:m:s:ms)","21:4:0:0 (H:m:s:ms)","BESTFIT","GENERIC","1","124.203","0.053437990114972925","638","0","3614","1405.7557555736407","3","712","0"
"21:22:55:151 (H:m:s:ms)","21:22:56:0 (H:m:s:ms)","BESTFIT","GENERIC","1","124.092","0.031014172666323624","848","0","1340","1361.3457252862545","3","954","0"
"21:4:3:30 (H:m:s:ms)","21:4:4:0 (H:m:s:ms)","BESTFIT","GENERIC","1","124.154","0.03140008740351553","969","0","2952","1361.3457252862545","3","713","0"
"21:23:0:0 (H:m:s:ms)","21:23:1:0 (H:m:s:ms)","BESTFIT","GENERIC","1","124.13","0.032067271348567045","1031","0","3525","1372.238928860163","3","955","0"
"21:4:4:242 (H:m:s:ms)","21:4:5:0 (H:m:s:ms)","BESTFIT","GENERIC","1","124.132","0.04207752208683154","760","0","2851","1372.238928860163","3","714","0"
"21:23:0:759 (H:m:s:ms)","21:23:1:0 (H:m:s:ms)","BESTFIT","OPERA","1","124.124","0.03721475142903977","240","0","1430","6022.24227692596","3","956","0"
"21:4:8:484 (H:m:s:ms)","21:4:9:0 (H:m:s:ms)","BESTFIT","GENERIC","1","124.178","0.03943151195780648","516","0","4210","6022.24227692596","3","715","0"
"21:23:1:212 (H:m:s:ms)","21:23:2:0 (H:m:s:ms)","BESTFIT","GENERIC","1","124.112","0.04174694001204871","787","0","2893","1361.3457252862545","3","957","0"
"21:4:17:575 (H:m:s:ms)","21:4:18:0 (H:m:s:ms)","BESTFIT","GENERIC","1","124.136","0.024492614767002468","424","0","3924","1361.3457252862545","3","716","0"
"21:23:5:454 (H:m:s:ms)","21:23:6:0 (H:m:s:ms)","BESTFIT","GENERIC","1","124.13900000000001","0.045020131684887325","545","0","2039","1405.7557555736407","3","958","0"
"21:4:29:90 (H:m:s:ms)","21:4:30:0 (H:m:s:ms)","BESTFIT","GENERIC","1","124.082","0.022288130526936564","952","0","1107","1361.3457252862545","3","717","0"
"21:23:6:835 (H:m:s:ms)","21:23:7:0 (H:m:s:ms)","BESTFIT","OPERA","1","124.05799999999999","0.04031888994567577","165","0","2730","1372.238928860163","3","959","0"
"21:4:40:606 (H:m:s:ms)","21:4:41:0 (H:m:s:ms)","BESTFIT","GENERIC","1","124.136","0.02945177157834953","393","0","2363","1361.3457252862545","3","718","0"
"21:4:41:52 (H:m:s:ms)","21:4:42:0 (H:m:s:ms)","BESTFIT","AMBULANCE","1","93.072","0.039937162068101585","947","0","1250","1372.238928860163","3","719","0"
"21:38:9:90 (H:m:s:ms)","21:38:10:0 (H:m:s:ms)","BESTFIT","GENERIC","1","124.16","0.03645807351834583","975","1","3667","1372.238928860163","3","1154","0"
"21:38:7:272 (H:m:s:ms)","21:38:8:0 (H:m:s:ms)","BESTFIT","GENERIC","1","124.124","0.019452023786374926","727","0","3069","1361.3457252862545","3","1153","0"
"21:38:1:212 (H:m:s:ms)","21:38:2:0 (H:m:s:ms)","BESTFIT","GENERIC","1","124.126","0.02938347499669532","787","0","2769","1372.238928860163","3","1152","0"
"21:38:0:0 (H:m:s:ms)","21:38:1:0 (H:m:s:ms)","BESTFIT","OPERA","1","124.042","0.01783521531297241","1059","0","1660","1361.3457252862545","3","1151","0"
"21:37:53:684 (H:m:s:ms)","21:37:54:0 (H:m:s:ms)","BESTFIT","AMBULANCE","1","124.09","0.047509075773155954","315","0","553","1372.238928860163","3","1150","0"
"21:37:52:121 (H:m:s:ms)","21:37:53:0 (H:m:s:ms)","BESTFIT","GENERIC","1","124.11","0.03858719075173142","878","0","3881","1361.3457252862545","3","1149","0"
"21:23:18:987 (H:m:s:ms)","21:23:20:0 (H:m:s:ms)","BESTFIT","OPERA","1","124.042","0.017329351490297587","1045","0","3496","1361.3457252862545","3","960","0"
"21:37:47:878 (H:m:s:ms)","21:37:49:0 (H:m:s:ms)","BESTFIT","GENERIC","1","124.179","0.04980128774218904","1121","0","4758","1405.7557555736407","3","1148","0"
"21:23:26:666 (H:m:s:ms)","21:23:27:0 (H:m:s:ms)","BESTFIT","GENERIC","1","124.11","0.020019033676865135","333","0","1423","1361.3457252862545","3","961","0"
"21:37:47:88 (H:m:s:ms)","21:37:48:0 (H:m:s:ms)","BESTFIT","OPERA","1","124.124","0.04252480455258711","911","0","3049","6022.24227692596","3","1147","0"
"21:4:43:30 (H:m:s:ms)","21:4:44:0 (H:m:s:ms)","BESTFIT","GENERIC","1","124.214","0.04355564406206408","970","1","1211","6022.24227692596","3","720","0"
"21:23:30:379 (H:m:s:ms)","21:23:31:0 (H:m:s:ms)","BESTFIT","OPERA","1","124.05799999999999","0.029988006300874198","620","0","2796","1372.238928860163","3","962","0"
"21:37:46:60 (H:m:s:ms)","21:37:47:0 (H:m:s:ms)","BESTFIT","GENERIC","1","124.142","0.0424158436964051","939","0","4682","1372.238928860163","3","1146","0"
"21:4:43:636 (H:m:s:ms)","21:4:44:0 (H:m:s:ms)","BESTFIT","GENERIC","1","124.131","0.04836484525287085","364","0","3846","1405.7557555736407","3","721","0"
"21:23:33:333 (H:m:s:ms)","21:23:34:0 (H:m:s:ms)","BESTFIT","GENERIC","1","124.098","0.02908319242577426","666","0","4760","1361.3457252862545","3","963","0"
"21:37:44:50 (H:m:s:ms)","21:37:45:0 (H:m:s:ms)","BESTFIT","OPERA","1","124.042","0.029416968671355643","956","0","1398","1361.3457252862545","3","1145","0"
"21:4:50:909 (H:m:s:ms)","21:4:52:0 (H:m:s:ms)","BESTFIT","GENERIC","1","124.154","0.032111322781534765","1091","0","2327","1361.3457252862545","3","722","0"
"21:23:34:545 (H:m:s:ms)","21:23:35:0 (H:m:s:ms)","BESTFIT","GENERIC","1","124.162","0.03891539104841185","459","0","3277","6022.24227692596","3","964","0"
"21:37:41:212 (H:m:s:ms)","21:37:42:0 (H:m:s:ms)","BESTFIT","GENERIC","1","124.149","0.04565033771289707","788","0","1923","1405.7557555736407","3","1144","0"
"21:4:53:684 (H:m:s:ms)","21:4:54:0 (H:m:s:ms)","BESTFIT","AMBULANCE","1","93.076","0.05434749182025244","315","0","591","1372.238928860163","3","723","0"
"21:23:40:253 (H:m:s:ms)","21:23:41:0 (H:m:s:ms)","BESTFIT","OPERA","1","124.042","0.028896714513682774","746","0","1552","1361.3457252862545","3","965","0"
"21:4:54:545 (H:m:s:ms)","21:4:55:0 (H:m:s:ms)","BESTFIT","GENERIC","1","124.19800000000001","0.059477950432459896","460","0","2045","6022.24227692596","3","724","0"
"21:23:45:454 (H:m:s:ms)","21:23:46:0 (H:m:s:ms)","BESTFIT","GENERIC","1","124.134","0.036426751159113535","545","0","3808","1372.238928860163","3","966","0"
"21:5:4:848 (H:m:s:ms)","21:5:5:0 (H:m:s:ms)","BESTFIT","GENERIC","1","124.138","0.018848453979820136","153","0","1124","1361.3457252862545","3","725","0"
"21:23:46:666 (H:m:s:ms)","21:23:47:0 (H:m:s:ms)","BESTFIT","GENERIC","1","124.122","0.035378052804827115","333","0","3981","1361.3457252862545","3","967","0"
"21:5:9:696 (H:m:s:ms)","21:5:10:0 (H:m:s:ms)","BESTFIT","GENERIC","1","124.122","0.030762465090933663","331","0","2356","1372.238928860163","3","726","0"
"21:23:55:757 (H:m:s:ms)","21:23:56:0 (H:m:s:ms)","BESTFIT","GENERIC","1","124.158","0.026568261149637916","242","0","2960","1361.3457252862545","3","968","0"
"21:5:13:939 (H:m:s:ms)","21:5:15:0 (H:m:s:ms)","BESTFIT","GENERIC","1","124.158","0.03888395372475417","1064","0","1483","1361.3457252862545","3","727","0"
"21:23:57:575 (H:m:s:ms)","21:23:58:0 (H:m:s:ms)","BESTFIT","GENERIC","1","124.112","0.036592006050477056","424","0","1634","1372.238928860163","3","969","0"
"21:5:14:545 (H:m:s:ms)","21:5:15:0 (H:m:s:ms)","BESTFIT","GENERIC","1","124.176","0.04196072658069048","458","0","2395","6022.24227692596","3","728","0"
"21:5:19:393 (H:m:s:ms)","21:5:20:0 (H:m:s:ms)","BESTFIT","GENERIC","1","124.076","0.046044632789171834","659","0","3674","1372.238928860163","3","729","0"
"21:39:10:303 (H:m:s:ms)","21:39:11:0 (H:m:s:ms)","BESTFIT","GENERIC","1","124.124","0.02325170537416513","697","0","4103","1361.3457252862545","3","1165","0"
"21:39:4:848 (H:m:s:ms)","21:39:5:0 (H:m:s:ms)","BESTFIT","GENERIC","1","124.22","0.03740737007326608","155","0","3046","6022.24227692596","3","1164","0"
"21:39:3:636 (H:m:s:ms)","21:39:4:0 (H:m:s:ms)","BESTFIT","GENERIC","1","124.132","0.03101347089359779","363","0","4258","1372.238928860163","3","1163","0"
"21:39:1:818 (H:m:s:ms)","21:39:2:0 (H:m:s:ms)","BESTFIT","GENERIC","1","124.104","0.027801969727294096","181","0","2987","1361.3457252862545","3","1162","0"
"21:38:52:727 (H:m:s:ms)","21:38:53:0 (H:m:s:ms)","BESTFIT","GENERIC","1","124.078","0.030949745512986043","272","0","1165","1361.3457252862545","3","1161","0"
"21:38:51:515 (H:m:s:ms)","21:38:52:0 (H:m:s:ms)","BESTFIT","GENERIC","1","124.128","0.0324239684918464","484","0","4958","1372.238928860163","3","1160","0"
"21:23:58:787 (H:m:s:ms)","21:23:59:0 (H:m:s:ms)","BESTFIT","GENERIC","1","124.22","0.03846076753988115","212","0","1324","6022.24227692596","3","970","0"
"21:24:0:606 (H:m:s:ms)","21:24:1:0 (H:m:s:ms)","BESTFIT","GENERIC","1","124.149","0.04724420441388378","393","0","4665","1405.7557555736407","3","971","0"
"21:38:46:666 (H:m:s:ms)","21:38:47:0 (H:m:s:ms)","BESTFIT","GENERIC","1","124.122","0.020202600494461556","333","0","4849","1361.3457252862545","3","1159","0"
"21:5:23:30 (H:m:s:ms)","21:5:24:0 (H:m:s:ms)","BESTFIT","GENERIC","1","124.15","0.04584376062963873","970","0","4729","1361.3457252862545","3","730","0"
"21:24:2:424 (H:m:s:ms)","21:24:3:0 (H:m:s:ms)","BESTFIT","GENERIC","1","124.134","0.04830960823355013","575","0","1027","1361.3457252862545","3","972","0"
"21:38:34:545 (H:m:s:ms)","21:38:35:0 (H:m:s:ms)","BESTFIT","GENERIC","1","124.08","0.035126884390397885","458","0","3010","1361.3457252862545","3","1158","0"
"21:5:27:878 (H:m:s:ms)","21:5:29:0 (H:m:s:ms)","BESTFIT","GENERIC","1","124.168","0.04156776060327343","1121","0","3801","1372.238928860163","3","731","0"
"21:24:9:696 (H:m:s:ms)","21:24:10:0 (H:m:s:ms)","BESTFIT","GENERIC","1","124.106","0.01396738281095574","356","0","4715","1361.3457252862545","3","973","0"
"21:38:29:90 (H:m:s:ms)","21:38:30:0 (H:m:s:ms)","BESTFIT","GENERIC","1","124.164","0.045860792469714085","952","0","3500","6022.24227692596","3","1157","0"
"21:5:28:421 (H:m:s:ms)","0","BESTFIT","AMBULANCE","0","0","0","578","0","570","0","0","732","0"
"21:24:15:757 (H:m:s:ms)","21:24:16:0 (H:m:s:ms)","BESTFIT","GENERIC","1","124.084","0.028029887868331244","242","0","2320","1361.3457252862545","3","974","0"
"21:38:26:666 (H:m:s:ms)","21:38:27:0 (H:m:s:ms)","BESTFIT","GENERIC","1","124.126","0.03796387298454394","333","0","3052","1372.238928860163","3","1156","0"
"21:5:34:545 (H:m:s:ms)","21:5:35:0 (H:m:s:ms)","BESTFIT","GENERIC","1","124.08","0.021791017705436063","460","0","3751","1361.3457252862545","3","733","0"
"21:24:17:575 (H:m:s:ms)","21:24:18:0 (H:m:s:ms)","BESTFIT","GENERIC","1","124.15199999999999","0.04473765892029284","424","0","2407","1372.238928860163","3","975","0"
"21:38:25:63 (H:m:s:ms)","21:38:26:0 (H:m:s:ms)","BESTFIT","OPERA","1","124.042","0.021818713721642378","936","0","3189","1361.3457252862545","3","1155","0"
"21:5:42:424 (H:m:s:ms)","21:5:43:0 (H:m:s:ms)","BESTFIT","GENERIC","1","124.09","0.027116227863152785","575","0","4194","1361.3457252862545","3","734","0"
"21:24:19:393 (H:m:s:ms)","21:24:20:0 (H:m:s:ms)","BESTFIT","GENERIC","1","124.142","0.05004048195201747","643","0","2832","6022.24227692596","3","976","0"
"21:5:45:454 (H:m:s:ms)","21:5:46:0 (H:m:s:ms)","BESTFIT","GENERIC","1","124.134","0.03665682652643714","545","0","5000","1372.238928860163","3","735","0"
"21:24:22:784 (H:m:s:ms)","21:24:23:0 (H:m:s:ms)","BESTFIT","OPERA","1","124.042","0.05012611223460272","215","0","3279","1361.3457252862545","3","977","0"
"21:5:49:696 (H:m:s:ms)","21:5:50:0 (H:m:s:ms)","BESTFIT","GENERIC","1","124.06","0.03310770260029333","339","0","3189","1361.3457252862545","3","736","0"
"21:24:28:484 (H:m:s:ms)","21:24:29:0 (H:m:s:ms)","BESTFIT","GENERIC","1","124.112","0.021791017705436063","516","0","2539","1361.3457252862545","3","978","0"
"21:5:53:333 (H:m:s:ms)","21:5:54:0 (H:m:s:ms)","BESTFIT","GENERIC","1","124.12","0.042309527692104464","666","0","1944","1372.238928860163","3","737","0"
"21:24:33:939 (H:m:s:ms)","21:24:35:0 (H:m:s:ms)","BESTFIT","GENERIC","1","124.094","0.024611929969397525","1062","0","2175","1361.3457252862545","3","979","0"
"21:6:3:636 (H:m:s:ms)","21:6:4:0 (H:m:s:ms)","BESTFIT","GENERIC","1","124.116","0.021791017705436063","363","0","4282","1361.3457252862545","3","738","0"
"21:6:11:515 (H:m:s:ms)","21:6:12:0 (H:m:s:ms)","BESTFIT","GENERIC","1","124.098","0.028809845240774325","485","0","4580","1361.3457252862545","3","739","0"
"21:40:0:606 (H:m:s:ms)","21:40:1:0 (H:m:s:ms)","BESTFIT","GENERIC","1","124.149","0.05339817395871427","402","0","3201","1405.7557555736407","3","1176","0"
"21:39:58:181 (H:m:s:ms)","21:39:59:0 (H:m:s:ms)","BESTFIT","GENERIC","1","124.17","0.0488394862148894","818","0","4083","6022.24227692596","3","1175","0"
"21:39:56:842 (H:m:s:ms)","21:39:57:0 (H:m:s:ms)","BESTFIT","AMBULANCE","1","124.066","0.04625618242744452","157","0","958","1372.238928860163","3","1174","0"
"21:39:56:363 (H:m:s:ms)","21:39:57:0 (H:m:s:ms)","BESTFIT","GENERIC","1","124.132","0.016774077012052437","636","0","2785","1361.3457252862545","3","1173","0"
"21:39:50:303 (H:m:s:ms)","21:39:51:0 (H:m:s:ms)","BESTFIT","GENERIC","1","124.088","0.03882363021652463","696","0","4032","1372.238928860163","3","1172","0"
"21:39:49:696 (H:m:s:ms)","21:39:50:0 (H:m:s:ms)","BESTFIT","GENERIC","1","124.06","0.023111811091863582","355","0","4046","1361.3457252862545","3","1171","0"
"21:39:43:636 (H:m:s:ms)","21:39:44:0 (H:m:s:ms)","BESTFIT","GENERIC","1","124.084","0.024255473773374683","363","0","2650","1361.3457252862545","3","1170","0"
"21:24:36:969 (H:m:s:ms)","21:24:38:0 (H:m:s:ms)","BESTFIT","GENERIC","1","124.074","0.032054522275378056","1031","0","1151","1372.238928860163","3","980","0"
"21:24:38:787 (H:m:s:ms)","21:24:39:0 (H:m:s:ms)","BESTFIT","GENERIC","1","124.148","0.04148990723674068","212","0","4183","6022.24227692596","3","981","0"
"21:6:18:181 (H:m:s:ms)","21:6:19:0 (H:m:s:ms)","BESTFIT","GENERIC","1","124.088","0.023256340943794192","819","0","3070","1361.3457252862545","3","740","0"
"21:24:40:606 (H:m:s:ms)","21:24:41:0 (H:m:s:ms)","BESTFIT","GENERIC","1","124.136","0.039976429871886536","393","0","1262","1361.3457252862545","3","982","0"
"21:6:20:0 (H:m:s:ms)","21:6:21:0 (H:m:s:ms)","BESTFIT","GENERIC","1","124.144","0.0303405740963493","1034","1","2338","1372.238928860163","3","741","0"
"21:25:4:556 (H:m:s:ms)","21:25:5:0 (H:m:s:ms)","BESTFIT","OPERA","1","124.042","0.02818002026048596","453","1","4850","1361.3457252862545","3","983","0"
"21:39:29:696 (H:m:s:ms)","21:39:30:0 (H:m:s:ms)","BESTFIT","GENERIC","1","124.136","0.026051271992285456","346","0","4361","1372.238928860163","3","1169","0"
"20:45:53:164 (H:m:s:ms)","20:45:54:0 (H:m:s:ms)","BESTFIT","OPERA","1","93.117","0.04872258990397537","836","0","4426","6022.24227692596","3","500","0"
"21:6:20:606 (H:m:s:ms)","21:6:21:0 (H:m:s:ms)","BESTFIT","GENERIC","1","124.158","0.03417825966365101","394","0","1198","6022.24227692596","3","742","0"
"21:25:13:333 (H:m:s:ms)","21:25:14:0 (H:m:s:ms)","BESTFIT","GENERIC","1","124.122","0.023090989822525755","667","0","4830","1361.3457252862545","3","984","0"
"21:39:27:878 (H:m:s:ms)","21:39:29:0 (H:m:s:ms)","BESTFIT","GENERIC","1","124.152","0.012273116170724317","1121","0","4402","1361.3457252862545","3","1168","0"
"20:45:55:443 (H:m:s:ms)","20:45:56:0 (H:m:s:ms)","BESTFIT","OPERA","1","93.035","0.04633485662529453","557","0","2433","1361.3457252862545","3","501","0"
"21:6:30:303 (H:m:s:ms)","21:6:31:0 (H:m:s:ms)","BESTFIT","GENERIC","1","124.08","0.02490083317520422","696","0","2746","1361.3457252862545","3","743","0"
"21:25:16:363 (H:m:s:ms)","21:25:17:0 (H:m:s:ms)","BESTFIT","GENERIC","1","124.118","0.03409265403551614","637","0","3132","1372.238928860163","3","985","0"
"21:39:21:212 (H:m:s:ms)","21:39:22:0 (H:m:s:ms)","BESTFIT","GENERIC","1","124.074","0.030131864541037723","787","0","4330","1361.3457252862545","3","1167","0"
"20:46:17:575 (H:m:s:ms)","20:46:18:0 (H:m:s:ms)","BESTFIT","GENERIC","1","124.136","0.02601599693409716","425","0","2787","1361.3457252862545","3","502","0"
"21:6:36:363 (H:m:s:ms)","21:6:37:0 (H:m:s:ms)","BESTFIT","GENERIC","1","124.094","0.027514458423447203","636","0","3783","1361.3457252862545","3","744","0"
"21:25:22:424 (H:m:s:ms)","21:25:23:0 (H:m:s:ms)","BESTFIT","GENERIC","1","124.08","0.027421874808820922","575","0","4334","1361.3457252862545","3","986","0"
"21:39:12:911 (H:m:s:ms)","21:39:14:0 (H:m:s:ms)","BESTFIT","OPERA","1","124.05799999999999","0.03438546853162007","1088","0","2512","1372.238928860163","3","1166","0"
"20:46:18:181 (H:m:s:ms)","20:46:19:0 (H:m:s:ms)","BESTFIT","GENERIC","1","124.104","0.03769687192884755","818","0","2756","1372.238928860163","3","503","0"
"21:6:44:242 (H:m:s:ms)","21:6:45:0 (H:m:s:ms)","BESTFIT","GENERIC","1","124.096","0.022695843704584464","761","0","4539","1361.3457252862545","3","745","0"
"21:25:25:454 (H:m:s:ms)","21:25:26:0 (H:m:s:ms)","BESTFIT","GENERIC","1","124.184","0.034084780639514436","545","0","2511","1372.238928860163","3","987","0"
"20:46:22:424 (H:m:s:ms)","20:46:23:0 (H:m:s:ms)","BESTFIT","GENERIC","1","124.162","0.039199688983322815","575","0","1124","6022.24227692596","3","504","0"
"21:6:44:848 (H:m:s:ms)","21:6:45:0 (H:m:s:ms)","BESTFIT","GENERIC","1","124.076","0.036108139524577906","155","0","3238","1372.238928860163","3","746","0"
"21:25:33:417 (H:m:s:ms)","21:25:34:0 (H:m:s:ms)","BESTFIT","OPERA","1","124.042","0.021234086162868603","582","0","1926","1361.3457252862545","3","988","0"
"20:46:25:454 (H:m:s:ms)","20:46:26:0 (H:m:s:ms)","BESTFIT","GENERIC","1","124.168","0.025544119601103202","545","0","3981","1361.3457252862545","3","505","0"
"21:6:46:60 (H:m:s:ms)","21:6:47:0 (H:m:s:ms)","BESTFIT","GENERIC","1","124.208","0.04103182216066681","939","0","1136","6022.24227692596","3","747","0"
"21:25:43:636 (H:m:s:ms)","21:25:44:0 (H:m:s:ms)","BESTFIT","GENERIC","1","124.084","0.02250603674829137","363","0","4789","1361.3457252862545","3","989","0"
"20:46:28:101 (H:m:s:ms)","20:46:29:0 (H:m:s:ms)","BESTFIT","OPERA","1","93.051","0.031561616919565175","898","0","4936","1372.238928860163","3","506","0"
"21:6:49:367 (H:m:s:ms)","21:6:50:0 (H:m:s:ms)","BESTFIT","OPERA","1","124.089","0.04937607850619702","672","0","3811","1405.7557555736407","3","748","0"
"20:46:28:860 (H:m:s:ms)","20:46:29:0 (H:m:s:ms)","BESTFIT","OPERA","1","93.117","0.0353072421570748","139","0","1497","6022.24227692596","3","507","0"
"21:6:51:515 (H:m:s:ms)","21:6:52:0 (H:m:s:ms)","BESTFIT","GENERIC","1","124.112","0.04226518272691812","484","0","3645","1361.3457252862545","3","749","0"
"20:46:35:757 (H:m:s:ms)","20:46:36:0 (H:m:s:ms)","BESTFIT","GENERIC","1","124.148","0.02458416531615213","242","0","1269","1361.3457252862545","3","508","0"
"20:46:47:272 (H:m:s:ms)","20:46:48:0 (H:m:s:ms)","BESTFIT","GENERIC","1","124.068","0.02228950338405222","728","0","4065","1361.3457252862545","3","509","0"
"21:41:17:575 (H:m:s:ms)","21:41:18:0 (H:m:s:ms)","BESTFIT","GENERIC","1","124.18299999999999","0.0463292031611859","424","0","1298","1405.7557555736407","3","1187","0"
"21:41:13:939 (H:m:s:ms)","21:41:15:0 (H:m:s:ms)","BESTFIT","GENERIC","1","124.24000000000001","0.03912256858830518","1063","0","1072","6022.24227692596","3","1186","0"
"21:41:13:333 (H:m:s:ms)","21:41:14:0 (H:m:s:ms)","BESTFIT","GENERIC","1","124.138","0.03736828943442716","666","0","2569","1372.238928860163","3","1185","0"
"21:41:12:121 (H:m:s:ms)","21:41:13:0 (H:m:s:ms)","BESTFIT","GENERIC","1","124.148","0.021242958138161894","878","0","3877","1361.3457252862545","3","1184","0"
"21:40:44:810 (H:m:s:ms)","21:40:45:0 (H:m:s:ms)","BESTFIT","OPERA","1","124.05799999999999","0.031977958718705006","193","0","1910","1372.238928860163","3","1183","0"
"21:40:39:393 (H:m:s:ms)","21:40:40:0 (H:m:s:ms)","BESTFIT","GENERIC","1","124.15","0.023958436964812136","638","0","3280","1361.3457252862545","3","1182","0"
"21:40:32:121 (H:m:s:ms)","21:40:33:0 (H:m:s:ms)","BESTFIT","GENERIC","1","124.1","0.027634728810793385","879","0","1176","1361.3457252862545","3","1181","0"
"21:40:22:25 (H:m:s:ms)","21:40:23:0 (H:m:s:ms)","BESTFIT","OPERA","1","124.124","0.0381976266002247","974","0","3652","6022.24227692596","3","1180","0"
"21:25:46:60 (H:m:s:ms)","21:25:47:0 (H:m:s:ms)","BESTFIT","GENERIC","1","124.142","0.030483508070848594","939","0","2094","1372.238928860163","3","990","0"
"21:25:59:393 (H:m:s:ms)","21:26:0:0 (H:m:s:ms)","BESTFIT","GENERIC","1","124.156","0.02250603674829137","638","0","3667","1361.3457252862545","3","991","0"
"21:6:55:757 (H:m:s:ms)","21:6:56:0 (H:m:s:ms)","BESTFIT","GENERIC","1","124.174","0.043046843070708836","242","0","2326","1372.238928860163","3","750","0"
"21:26:3:636 (H:m:s:ms)","21:26:4:0 (H:m:s:ms)","BESTFIT","GENERIC","1","124.132","0.029037986422349338","363","0","2201","1372.238928860163","3","992","0"
"21:6:57:575 (H:m:s:ms)","21:6:58:0 (H:m:s:ms)","BESTFIT","GENERIC","1","124.096","0.04029507072320541","424","0","4797","1361.3457252862545","3","751","0"
"21:26:4:242 (H:m:s:ms)","21:26:5:0 (H:m:s:ms)","BESTFIT","GENERIC","1","124.19800000000001","0.03407551423400366","761","0","1883","6022.24227692596","3","993","0"
"20:46:48:607 (H:m:s:ms)","20:46:49:0 (H:m:s:ms)","BESTFIT","OPERA","1","93.051","0.040140910793626076","392","0","1035","1372.238928860163","3","510","0"
"21:7:0:0 (H:m:s:ms)","21:7:1:0 (H:m:s:ms)","BESTFIT","GENERIC","1","124.124","0.04450722676194516","1041","0","2646","6022.24227692596","3","752","0"
"21:26:12:727 (H:m:s:ms)","21:26:13:0 (H:m:s:ms)","BESTFIT","GENERIC","1","124.106","0.02097754662440036","272","0","4697","1361.3457252862545","3","994","0"
"20:46:50:126 (H:m:s:ms)","20:46:51:0 (H:m:s:ms)","BESTFIT","OPERA","1","93.117","0.0472911691738983","873","0","4301","6022.24227692596","3","511","0"
"21:7:12:121 (H:m:s:ms)","21:7:13:0 (H:m:s:ms)","BESTFIT","GENERIC","1","124.146","0.030380296322762117","879","0","4477","1361.3457252862545","3","753","0"
"21:26:13:939 (H:m:s:ms)","21:26:15:0 (H:m:s:ms)","BESTFIT","GENERIC","1","124.174","0.0373988919078418","1064","0","2381","1372.238928860163","3","995","0"
"21:40:20:606 (H:m:s:ms)","21:40:21:0 (H:m:s:ms)","BESTFIT","GENERIC","1","124.092","0.02814105294151024","393","0","1240","1372.238928860163","3","1179","0"
"20:46:53:333 (H:m:s:ms)","20:46:54:0 (H:m:s:ms)","BESTFIT","GENERIC","1","124.104","0.04947354889999668","667","0","3864","1361.3457252862545","3","512","0"
"21:7:21:212 (H:m:s:ms)","21:7:22:0 (H:m:s:ms)","BESTFIT","GENERIC","1","124.074","0.029878627534700847","787","0","3563","1361.3457252862545","3","754","0"
"21:26:21:212 (H:m:s:ms)","21:26:22:0 (H:m:s:ms)","BESTFIT","GENERIC","1","124.074","0.024255473773374683","788","1","3769","1361.3457252862545","3","996","0"
"21:40:20:0 (H:m:s:ms)","21:40:21:0 (H:m:s:ms)","BESTFIT","GENERIC","1","124.128","0.016703956171817747","1038","0","3363","1361.3457252862545","3","1178","0"
"20:46:56:363 (H:m:s:ms)","20:46:57:0 (H:m:s:ms)","BESTFIT","GENERIC","1","124.148","0.030706278035476167","637","0","1407","1372.238928860163","3","513","0"
"21:7:22:105 (H:m:s:ms)","0","BESTFIT","AMBULANCE","0","0","0","894","0","884","0","0","755","0"
"21:26:23:30 (H:m:s:ms)","21:26:24:0 (H:m:s:ms)","BESTFIT","GENERIC","1","124.166","0.03760599222279662","969","0","4832","1372.238928860163","3","997","0"
"21:40:12:727 (H:m:s:ms)","21:40:13:0 (H:m:s:ms)","BESTFIT","GENERIC","1","124.106","0.026403762259276112","272","0","4696","1361.3457252862545","3","1177","0"
"20:46:56:962 (H:m:s:ms)","20:46:58:0 (H:m:s:ms)","BESTFIT","OPERA","1","93.117","0.036333794946320865","1037","0","2768","6022.24227692596","3","514","0"
"21:7:39:393 (H:m:s:ms)","21:7:40:0 (H:m:s:ms)","BESTFIT","GENERIC","1","124.15","0.016258273348602546","637","0","1085","1361.3457252862545","3","756","0"
"21:26:26:582 (H:m:s:ms)","21:26:27:0 (H:m:s:ms)","BESTFIT","OPERA","1","124.124","0.046260779566802995","417","0","2026","6022.24227692596","3","998","0"
"20:46:59:240 (H:m:s:ms)","20:47:0:0 (H:m:s:ms)","BESTFIT","OPERA","1","93.035","0.031300306479131755","878","0","2811","1361.3457252862545","3","515","0"
"21:7:46:666 (H:m:s:ms)","21:7:47:0 (H:m:s:ms)","BESTFIT","GENERIC","1","124.122","0.02473703431762958","333","0","1622","1361.3457252862545","3","757","0"
"21:26:30:909 (H:m:s:ms)","21:26:32:0 (H:m:s:ms)","BESTFIT","GENERIC","1","124.05799999999999","0.03431685143856703","1090","0","1772","1361.3457252862545","3","999","0"
"20:47:1:212 (H:m:s:ms)","20:47:2:0 (H:m:s:ms)","BESTFIT","GENERIC","1","124.159","0.032861384522934696","787","0","4235","1405.7557555736407","3","516","0"
"21:7:47:272 (H:m:s:ms)","21:7:48:0 (H:m:s:ms)","BESTFIT","GENERIC","1","124.084","0.03502223212984549","727","0","3039","1372.238928860163","3","758","0"
"20:47:6:666 (H:m:s:ms)","20:47:7:0 (H:m:s:ms)","BESTFIT","GENERIC","1","124.12","0.023178903019495507","333","0","3217","1361.3457252862545","3","517","0"
"21:7:56:969 (H:m:s:ms)","21:7:58:0 (H:m:s:ms)","BESTFIT","GENERIC","1","124.086","0.031565244096460034","1030","0","4483","1361.3457252862545","3","759","0"
"20:47:6:835 (H:m:s:ms)","20:47:7:0 (H:m:s:ms)","BESTFIT","OPERA","1","93.051","0.03393170272162477","164","0","4699","1372.238928860163","3","518","0"
"20:47:7:878 (H:m:s:ms)","20:47:9:0 (H:m:s:ms)","BESTFIT","GENERIC","1","124.19200000000001","0.03700347482173289","1122","0","3288","6022.24227692596","3","519","0"
"21:41:27:272 (H:m:s:ms)","21:41:28:0 (H:m:s:ms)","BESTFIT","GENERIC","1","124.15799999999999","0.03765242328614473","727","0","4887","1372.238928860163","3","1190","0"
"21:42:3:30 (H:m:s:ms)","21:42:4:0 (H:m:s:ms)","BESTFIT","GENERIC","1","124.23599999999999","0.03783307554678451","969","0","2128","6022.24227692596","3","1198","0"
"21:42:0:0 (H:m:s:ms)","21:42:1:0 (H:m:s:ms)","BESTFIT","GENERIC","1","124.05799999999999","0.029925550192199796","1043","1","3231","1372.238928860163","3","1197","0"
"21:41:59:393 (H:m:s:ms)","21:42:0:0 (H:m:s:ms)","BESTFIT","GENERIC","1","124.156","0.023741406890797387","648","0","2777","1361.3457252862545","3","1196","0"
"21:41:50:909 (H:m:s:ms)","21:41:52:0 (H:m:s:ms)","BESTFIT","GENERIC","1","124.16999999999999","0.03904329311217019","1090","0","4236","1372.238928860163","3","1195","0"
"21:41:50:126 (H:m:s:ms)","21:41:51:0 (H:m:s:ms)","BESTFIT","OPERA","1","124.042","0.03686628631324711","874","0","1933","1361.3457252862545","3","1194","0"
"21:41:47:272 (H:m:s:ms)","21:41:48:0 (H:m:s:ms)","BESTFIT","GENERIC","1","124.15","0.038921660059934624","727","0","1458","6022.24227692596","3","1193","0"
"21:41:44:242 (H:m:s:ms)","21:41:45:0 (H:m:s:ms)","BESTFIT","GENERIC","1","124.112","0.030508543732577546","760","0","2960","1372.238928860163","3","1192","0"
"21:41:43:30 (H:m:s:ms)","21:41:44:0 (H:m:s:ms)","BESTFIT","GENERIC","1","124.13","0.022132672330697968","970","1","1816","1361.3457252862545","3","1191","0"
"21:8:0:606 (H:m:s:ms)","21:8:1:0 (H:m:s:ms)","BESTFIT","GENERIC","1","124.118","0.04249435538256763","393","0","4282","1372.238928860163","3","760","0"
"21:8:15:789 (H:m:s:ms)","21:8:16:0 (H:m:s:ms)","BESTFIT","AMBULANCE","1","124.056","0.03937436500062231","210","0","1160","1361.3457252862545","3","761","0"
"20:47:9:873 (H:m:s:ms)","20:47:10:0 (H:m:s:ms)","BESTFIT","OPERA","1","93.08200000000001","0.04579388793301486","217","0","2427","1405.7557555736407","3","520","0"
"21:8:16:969 (H:m:s:ms)","21:8:18:0 (H:m:s:ms)","BESTFIT","GENERIC","1","124.13999999999999","0.04681669884382473","1030","0","4500","1372.238928860163","3","762","0"
"20:47:13:670 (H:m:s:ms)","20:47:14:0 (H:m:s:ms)","BESTFIT","OPERA","1","93.035","0.04666291547283351","329","0","4201","1361.3457252862545","3","521","0"
"21:8:24:242 (H:m:s:ms)","21:8:25:0 (H:m:s:ms)","BESTFIT","GENERIC","1","124.092","0.019942487137729503","762","0","4046","1361.3457252862545","3","763","0"
"20:47:16:363 (H:m:s:ms)","20:47:17:0 (H:m:s:ms)","BESTFIT","GENERIC","1","124.118","0.04438235224279166","637","0","1745","1372.238928860163","3","522","0"
"21:8:31:515 (H:m:s:ms)","21:8:32:0 (H:m:s:ms)","BESTFIT","GENERIC","1","124.06","0.024188414082282984","485","1","4497","1361.3457252862545","3","764","0"
"20:47:21:818 (H:m:s:ms)","20:47:22:0 (H:m:s:ms)","BESTFIT","GENERIC","1","124.092","0.0377986532164624","181","0","1269","1361.3457252862545","3","523","0"
"21:8:36:969 (H:m:s:ms)","21:8:38:0 (H:m:s:ms)","BESTFIT","GENERIC","1","124.05799999999999","0.027545798437533017","1030","0","3849","1361.3457252862545","3","765","0"
"21:41:26:60 (H:m:s:ms)","21:41:27:0 (H:m:s:ms)","BESTFIT","GENERIC","1","124.12","0.017467188812553665","939","0","2239","1361.3457252862545","3","1189","0"
"20:47:24:242 (H:m:s:ms)","20:47:25:0 (H:m:s:ms)","BESTFIT","GENERIC","1","124.108","0.038124158720051635","774","0","3228","1372.238928860163","3","524","0"
"21:8:41:12 (H:m:s:ms)","21:8:42:0 (H:m:s:ms)","BESTFIT","OPERA","1","124.05799999999999","0.046243213097816836","987","0","3707","1372.238928860163","3","766","0"
"21:41:18:181 (H:m:s:ms)","21:41:19:0 (H:m:s:ms)","BESTFIT","GENERIC","1","124.088","0.04550626199095983","819","0","2606","1361.3457252862545","3","1188","0"
"20:47:25:63 (H:m:s:ms)","20:47:26:0 (H:m:s:ms)","BESTFIT","OPERA","1","93.117","0.043146820363086445","936","0","1239","6022.24227692596","3","525","0"
"21:8:41:212 (H:m:s:ms)","21:8:42:0 (H:m:s:ms)","BESTFIT","GENERIC","1","124.182","0.05129463073068271","787","0","4827","6022.24227692596","3","767","0"
"20:47:26:666 (H:m:s:ms)","20:47:27:0 (H:m:s:ms)","BESTFIT","GENERIC","1","124.15700000000001","0.04803802657730449","334","0","4577","1405.7557555736407","3","526","0"
"21:8:47:368 (H:m:s:ms)","21:8:48:0 (H:m:s:ms)","BESTFIT","AMBULANCE","1","93.081","0.03751171110566545","631","0","1018","1361.3457252862545","3","768","0"
"20:48:0:0 (H:m:s:ms)","20:48:1:0 (H:m:s:ms)","BESTFIT","GENERIC","1","124.042","0.016231580390358356","1118","0","1663","1361.3457252862545","3","527","0"
"21:8:49:90 (H:m:s:ms)","21:8:50:0 (H:m:s:ms)","BESTFIT","GENERIC","1","124.124","0.04774285501351786","948","0","4633","1372.238928860163","3","769","0"
"20:48:8:484 (H:m:s:ms)","20:48:9:0 (H:m:s:ms)","BESTFIT","GENERIC","1","124.096","0.02091605921337113","516","0","3343","1361.3457252862545","3","528","0"
"20:48:9:113 (H:m:s:ms)","20:48:10:0 (H:m:s:ms)","BESTFIT","OPERA","1","93.051","0.03541121905834421","1014","0","1014","1372.238928860163","3","529","0"
"21:8:50:303 (H:m:s:ms)","21:8:51:0 (H:m:s:ms)","BESTFIT","GENERIC","1","124.154","0.05053025852307193","696","0","2841","6022.24227692596","3","770","0"
"21:8:58:787 (H:m:s:ms)","21:8:59:0 (H:m:s:ms)","BESTFIT","GENERIC","1","124.138","0.01854252292233058","212","0","3078","1361.3457252862545","3","771","0"
"20:48:10:632 (H:m:s:ms)","20:48:11:0 (H:m:s:ms)","BESTFIT","OPERA","1","93.117","0.04347113161970782","368","0","3198","6022.24227692596","3","530","0"
"21:9:1:212 (H:m:s:ms)","21:9:2:0 (H:m:s:ms)","BESTFIT","GENERIC","1","124.126","0.03411102141031519","787","0","4972","1372.238928860163","3","772","0"
"20:48:12:727 (H:m:s:ms)","20:48:13:0 (H:m:s:ms)","BESTFIT","GENERIC","1","124.153","0.04863681369262691","272","0","4669","1405.7557555736407","3","531","0"
"21:9:1:818 (H:m:s:ms)","21:9:2:0 (H:m:s:ms)","BESTFIT","GENERIC","1","124.186","0.0412619686426254","181","0","1697","6022.24227692596","3","773","0"
"20:48:14:545 (H:m:s:ms)","20:48:15:0 (H:m:s:ms)","BESTFIT","GENERIC","1","124.094","0.05183348221135776","460","0","4842","1361.3457252862545","3","532","0"
"21:9:3:30 (H:m:s:ms)","21:9:4:0 (H:m:s:ms)","BESTFIT","GENERIC","1","124.201","0.04677830889658827","970","0","4073","1405.7557555736407","3","774","0"
"20:48:26:582 (H:m:s:ms)","20:48:27:0 (H:m:s:ms)","BESTFIT","OPERA","1","93.035","0.017459313069629237","418","0","1096","1361.3457252862545","3","533","0"
"21:9:3:157 (H:m:s:ms)","0","BESTFIT","AMBULANCE","0","0","0","843","0","832","0","0","775","0"
"20:48:34:177 (H:m:s:ms)","20:48:35:0 (H:m:s:ms)","BESTFIT","OPERA","1","93.035","0.026749599872358358","827","0","3274","1361.3457252862545","3","534","0"
"21:9:6:315 (H:m:s:ms)","21:9:7:0 (H:m:s:ms)","BESTFIT","AMBULANCE","1","124.152","0.05257023291044484","684","0","841","1361.3457252862545","3","776","0"
"20:48:38:181 (H:m:s:ms)","20:48:39:0 (H:m:s:ms)","BESTFIT","GENERIC","1","124.15","0.03435242794254402","818","0","1675","1372.238928860163","3","535","0"
"21:9:10:909 (H:m:s:ms)","21:9:12:0 (H:m:s:ms)","BESTFIT","GENERIC","1","124.088","0.03875199699352345","1090","0","2952","1372.238928860163","3","777","0"
"21:42:9:696 (H:m:s:ms)","21:42:10:0 (H:m:s:ms)","BESTFIT","GENERIC","1","124.106","0.02676933120910578","348","0","3232","1361.3457252862545","3","1199","0"
"20:48:38:787 (H:m:s:ms)","20:48:39:0 (H:m:s:ms)","BESTFIT","GENERIC","1","124.148","0.040280946593371246","212","0","4886","6022.24227692596","3","536","0"
"21:9:12:727 (H:m:s:ms)","21:9:13:0 (H:m:s:ms)","BESTFIT","GENERIC","1","124.106","0.03148774104116317","272","0","3409","1361.3457252862545","3","778","0"
"20:48:39:393 (H:m:s:ms)","20:48:40:0 (H:m:s:ms)","BESTFIT","GENERIC","1","124.197","0.04241576372265192","749","0","2162","1405.7557555736407","3","537","0"
"21:9:15:949 (H:m:s:ms)","21:9:17:0 (H:m:s:ms)","BESTFIT","OPERA","1","124.124","0.03791334305451006","1051","0","4487","6022.24227692596","3","779","0"
"20:48:40:0 (H:m:s:ms)","20:48:41:0 (H:m:s:ms)","BESTFIT","GENERIC","1","124.16","0.041146795581546096","1144","0","2804","1361.3457252862545","3","538","0"
"20:48:41:772 (H:m:s:ms)","20:48:42:0 (H:m:s:ms)","BESTFIT","OPERA","1","93.09700000000001","0.045860496700626543","227","0","3406","1099.945747445902","3","539","0"
"21:9:25:263 (H:m:s:ms)","0","BESTFIT","AMBULANCE","0","0","0","736","0","656","0","0","780","0"
"21:9:26:666 (H:m:s:ms)","21:9:27:0 (H:m:s:ms)","BESTFIT","GENERIC","1","124.11","0.01910717516731139","333","0","1980","1361.3457252862545","3","781","0"
"20:48:43:636 (H:m:s:ms)","20:48:44:0 (H:m:s:ms)","BESTFIT","GENERIC","1","124.199","0.053742403074596046","364","0","2054","5264.745271947242","3","540","0"
"21:9:27:272 (H:m:s:ms)","21:9:28:0 (H:m:s:ms)","BESTFIT","GENERIC","1","124.15799999999999","0.031768979805173944","727","0","2327","1372.238928860163","3","782","0"
"20:48:51:515 (H:m:s:ms)","20:48:52:0 (H:m:s:ms)","BESTFIT","GENERIC","1","124.112","0.032906183340116156","484","0","1778","1361.3457252862545","3","541","0"
"21:9:33:333 (H:m:s:ms)","21:9:34:0 (H:m:s:ms)","BESTFIT","GENERIC","1","124.098","0.021234086162868603","666","0","4451","1361.3457252862545","3","783","0"
"20:29:10:303 (H:m:s:ms)","20:29:11:0 (H:m:s:ms)","BESTFIT","GENERIC","1","124.124","0.016868489172318927","697","0","1182","1361.3457252862545","3","300","0"
"20:48:53:924 (H:m:s:ms)","20:48:55:0 (H:m:s:ms)","BESTFIT","OPERA","1","93.051","0.04128175994061088","1091","0","2979","1372.238928860163","3","542","0"
"21:9:35:151 (H:m:s:ms)","21:9:36:0 (H:m:s:ms)","BESTFIT","GENERIC","1","124.108","0.031436871248756826","848","0","1892","1372.238928860163","3","784","0"
"20:29:24:242 (H:m:s:ms)","20:29:25:0 (H:m:s:ms)","BESTFIT","GENERIC","1","124.092","0.02627532415764059","768","0","3335","1361.3457252862545","3","301","0"
"20:48:58:181 (H:m:s:ms)","20:48:59:0 (H:m:s:ms)","BESTFIT","GENERIC","1","124.088","0.03301322352840664","819","0","3824","1361.3457252862545","3","543","0"
"21:9:38:181 (H:m:s:ms)","21:9:39:0 (H:m:s:ms)","BESTFIT","GENERIC","1","124.21600000000001","0.03670067946390742","818","0","4043","6022.24227692596","3","785","0"
"20:29:25:454 (H:m:s:ms)","20:29:26:0 (H:m:s:ms)","BESTFIT","GENERIC","1","124.184","0.039388764177654044","546","0","1252","1372.238928860163","3","302","0"
"20:49:7:272 (H:m:s:ms)","20:49:8:0 (H:m:s:ms)","BESTFIT","GENERIC","1","124.124","0.02815408119949935","727","0","2687","1361.3457252862545","3","544","0"
"21:9:45:454 (H:m:s:ms)","21:9:46:0 (H:m:s:ms)","BESTFIT","GENERIC","1","124.118","0.022625816608859737","545","0","1439","1361.3457252862545","3","786","0"
"20:29:32:727 (H:m:s:ms)","20:29:33:0 (H:m:s:ms)","BESTFIT","GENERIC","1","124.08","0.027872570683793306","273","0","3440","1361.3457252862545","3","303","0"
"20:49:12:911 (H:m:s:ms)","20:49:14:0 (H:m:s:ms)","BESTFIT","OPERA","1","93.035","0.021282066924272917","1089","0","2654","1361.3457252862545","3","545","0"
"21:9:46:329 (H:m:s:ms)","21:9:47:0 (H:m:s:ms)","BESTFIT","OPERA","1","93.051","0.033059203824691595","670","0","1435","1372.238928860163","3","787","0"
"20:30:6:60 (H:m:s:ms)","20:30:7:0 (H:m:s:ms)","BESTFIT","GENERIC","1","124.094","0.03022867733487188","940","0","2051","1361.3457252862545","3","304","0"
"20:49:20:506 (H:m:s:ms)","20:49:21:0 (H:m:s:ms)","BESTFIT","OPERA","1","93.035","0.029123330624653092","493","0","1152","1361.3457252862545","3","546","0"
"21:9:47:878 (H:m:s:ms)","21:9:48:0 (H:m:s:ms)","BESTFIT","GENERIC","1","124.214","0.039537199078669504","121","0","2075","6022.24227692596","3","788","0"
"20:30:18:227 (H:m:s:ms)","20:30:19:0 (H:m:s:ms)","BESTFIT","OPERA","1","93.035","0.028859478710484995","773","0","1446","1361.3457252862545","3","305","0"
"20:49:24:848 (H:m:s:ms)","20:49:25:0 (H:m:s:ms)","BESTFIT","GENERIC","1","124.124","0.03454409618198519","162","0","2891","1372.238928860163","3","547","0"
"21:9:52:121 (H:m:s:ms)","21:9:53:0 (H:m:s:ms)","BESTFIT","GENERIC","1","124.11","0.027937887651609594","878","0","3308","1361.3457252862545","3","789","0"
"20:30:21:818 (H:m:s:ms)","20:30:22:0 (H:m:s:ms)","BESTFIT","GENERIC","1","124.108","0.040591966116991327","182","0","4209","1372.238928860163","3","306","0"
"20:49:29:696 (H:m:s:ms)","20:49:30:0 (H:m:s:ms)","BESTFIT","GENERIC","1","124.12","0.035433176791186016","452","0","1126","1361.3457252862545","3","548","0"
"20:30:33:333 (H:m:s:ms)","20:30:34:0 (H:m:s:ms)","BESTFIT","GENERIC","1","124.098","0.023858490412498393","666","0","4971","1361.3457252862545","3","307","0"
"20:49:35:696 (H:m:s:ms)","20:49:36:0 (H:m:s:ms)","BESTFIT","OPERA","1","93.035","0.02122827692904796","303","0","4681","1361.3457252862545","3","549","0"
"20:30:35:757 (H:m:s:ms)","20:30:36:0 (H:m:s:ms)","BESTFIT","GENERIC","1","124.16399999999999","0.04200889190736946","242","0","1671","1372.238928860163","3","308","0"
"20:30:47:272 (H:m:s:ms)","20:30:48:0 (H:m:s:ms)","BESTFIT","GENERIC","1","124.068","0.030920521398880848","727","0","2287","1361.3457252862545","3","309","0"
"21:9:56:363 (H:m:s:ms)","21:9:57:0 (H:m:s:ms)","BESTFIT","GENERIC","1","124.148","0.022767035975615187","639","3","1896","1372.238928860163","3","790","0"
"21:9:59:393 (H:m:s:ms)","21:10:0:0 (H:m:s:ms)","BESTFIT","GENERIC","1","124.156","0.028739830623770914","646","0","2230","1361.3457252862545","3","791","0"
"20:49:40:253 (H:m:s:ms)","20:49:41:0 (H:m:s:ms)","BESTFIT","OPERA","1","93.051","0.030458019203569588","747","0","2023","1372.238928860163","3","550","0"
"21:10:6:60 (H:m:s:ms)","21:10:7:0 (H:m:s:ms)","BESTFIT","GENERIC","1","124.094","0.022623543498277835","939","0","4286","1361.3457252862545","3","792","0"
"20:49:42:424 (H:m:s:ms)","20:49:43:0 (H:m:s:ms)","BESTFIT","GENERIC","1","124.09","0.029732272408533805","575","0","4517","1361.3457252862545","3","551","0"
"21:10:15:757 (H:m:s:ms)","21:10:16:0 (H:m:s:ms)","BESTFIT","GENERIC","1","124.084","0.02900544883999928","242","0","2940","1361.3457252862545","3","793","0"
"20:30:52:727 (H:m:s:ms)","20:30:53:0 (H:m:s:ms)","BESTFIT","GENERIC","1","124.094","0.03824764579861072","273","1","4702","1372.238928860163","3","310","0"
"20:49:57:721 (H:m:s:ms)","20:49:58:0 (H:m:s:ms)","BESTFIT","OPERA","1","93.035","0.029777683407564627","278","0","3102","1361.3457252862545","3","552","0"
"21:10:18:227 (H:m:s:ms)","21:10:19:0 (H:m:s:ms)","BESTFIT","OPERA","1","124.05799999999999","0.03458115967314142","772","0","4119","1372.238928860163","3","794","0"
"20:30:53:939 (H:m:s:ms)","20:30:55:0 (H:m:s:ms)","BESTFIT","GENERIC","1","124.116","0.03128310465673076","1066","1","1647","1361.3457252862545","3","311","0"
"20:50:1:518 (H:m:s:ms)","20:50:2:0 (H:m:s:ms)","BESTFIT","OPERA","1","93.051","0.032351936711905296","482","0","2949","1372.238928860163","3","553","0"
"21:10:18:947 (H:m:s:ms)","21:10:20:0 (H:m:s:ms)","BESTFIT","AMBULANCE","1","93.163","0.04334877869407638","1089","0","1227","6022.24227692596","3","795","0"
"20:31:0:0 (H:m:s:ms)","20:31:1:0 (H:m:s:ms)","BESTFIT","GENERIC","1","124.114","0.024149178163048596","1135","0","1292","1361.3457252862545","3","312","0"
"20:50:1:818 (H:m:s:ms)","20:50:2:0 (H:m:s:ms)","BESTFIT","GENERIC","1","124.186","0.03570059698122221","181","0","3676","6022.24227692596","3","554","0"
"21:10:23:636 (H:m:s:ms)","21:10:24:0 (H:m:s:ms)","BESTFIT","GENERIC","1","124.124","0.04575185888863557","363","0","2841","1361.3457252862545","3","796","0"
"20:31:0:606 (H:m:s:ms)","20:31:1:0 (H:m:s:ms)","BESTFIT","GENERIC","1","124.118","0.033056008065461204","393","0","3229","1372.238928860163","3","313","0"
"20:50:10:303 (H:m:s:ms)","20:50:11:0 (H:m:s:ms)","BESTFIT","GENERIC","1","124.124","0.022458280578431276","696","0","2388","1361.3457252862545","3","555","0"
"21:10:29:90 (H:m:s:ms)","21:10:30:0 (H:m:s:ms)","BESTFIT","GENERIC","1","124.082","0.025720977931741527","956","0","2736","1361.3457252862545","3","797","0"
"20:31:5:454 (H:m:s:ms)","20:31:6:0 (H:m:s:ms)","BESTFIT","GENERIC","1","124.174","0.036930385138916444","546","0","1416","6022.24227692596","3","314","0"
"20:50:19:393 (H:m:s:ms)","20:50:20:0 (H:m:s:ms)","BESTFIT","GENERIC","1","124.06","0.02409381144930388","727","0","1937","1361.3457252862545","3","556","0"
"21:10:30:909 (H:m:s:ms)","21:10:32:0 (H:m:s:ms)","BESTFIT","GENERIC","1","124.074","0.04330349154835073","1090","0","3446","1372.238928860163","3","798","0"
"20:31:18:787 (H:m:s:ms)","20:31:19:0 (H:m:s:ms)","BESTFIT","GENERIC","1","124.12","0.01117246255159428","213","0","1166","1361.3457252862545","3","315","0"
"20:50:20:0 (H:m:s:ms)","20:50:21:0 (H:m:s:ms)","BESTFIT","GENERIC","1","124.144","0.029062747727973882","1121","0","2815","1372.238928860163","3","557","0"
"21:10:37:575 (H:m:s:ms)","21:10:38:0 (H:m:s:ms)","BESTFIT","GENERIC","1","124.098","0.027470488723746852","424","0","4002","1361.3457252862545","3","799","0"
"20:31:23:636 (H:m:s:ms)","20:31:24:0 (H:m:s:ms)","BESTFIT","GENERIC","1","124.13999999999999","0.03144223335662384","364","1","4907","1372.238928860163","3","316","0"
"20:50:22:784 (H:m:s:ms)","20:50:23:0 (H:m:s:ms)","BESTFIT","OPERA","1","93.117","0.037498341252855574","215","0","1906","6022.24227692596","3","558","0"
"20:31:27:878 (H:m:s:ms)","20:31:29:0 (H:m:s:ms)","BESTFIT","GENERIC","1","124.152","0.04305282613954877","1122","0","3819","1361.3457252862545","3","317","0"
"20:50:33:333 (H:m:s:ms)","20:50:34:0 (H:m:s:ms)","BESTFIT","GENERIC","1","124.098","0.026827068445658176","667","0","4905","1361.3457252862545","3","559","0"
"20:31:32:121 (H:m:s:ms)","20:31:33:0 (H:m:s:ms)","BESTFIT","GENERIC","1","124.116","0.036284058370180707","878","0","3112","1372.238928860163","3","318","0"
"20:31:56:969 (H:m:s:ms)","20:31:58:0 (H:m:s:ms)","BESTFIT","GENERIC","1","124.086","0.01321347521986952","1030","0","1398","1361.3457252862545","3","319","0"
"20:50:33:939 (H:m:s:ms)","20:50:35:0 (H:m:s:ms)","BESTFIT","GENERIC","1","124.11","0.03261285966548312","1080","0","4181","1372.238928860163","3","560","0"
"20:50:36:363 (H:m:s:ms)","20:50:37:0 (H:m:s:ms)","BESTFIT","GENERIC","1","124.176","0.03708805144683967","637","0","4298","6022.24227692596","3","561","0"
"20:32:6:666 (H:m:s:ms)","20:32:7:0 (H:m:s:ms)","BESTFIT","GENERIC","1","124.12","0.022448353662689522","333","0","1697","1361.3457252862545","3","320","0"
"20:50:37:575 (H:m:s:ms)","20:50:38:0 (H:m:s:ms)","BESTFIT","GENERIC","1","124.14500000000001","0.04797630583970491","424","0","3072","1405.7557555736407","3","562","0"
"20:32:12:727 (H:m:s:ms)","20:32:13:0 (H:m:s:ms)","BESTFIT","GENERIC","1","124.106","0.019238353576926864","273","0","2807","1361.3457252862545","3","321","0"
"20:50:49:90 (H:m:s:ms)","20:50:50:0 (H:m:s:ms)","BESTFIT","GENERIC","1","124.108","0.029064258327743828","1045","0","3652","1361.3457252862545","3","563","0"
"20:32:15:949 (H:m:s:ms)","20:32:17:0 (H:m:s:ms)","BESTFIT","OPERA","1","93.051","0.026173381211961867","1051","0","1059","1372.238928860163","3","322","0"
"20:50:54:545 (H:m:s:ms)","20:50:55:0 (H:m:s:ms)","BESTFIT","GENERIC","1","124.132","0.04058975209674274","475","0","1885","1372.238928860163","3","564","0"
"20:32:20:606 (H:m:s:ms)","20:32:21:0 (H:m:s:ms)","BESTFIT","GENERIC","1","124.076","0.03010506349183749","393","0","4443","1361.3457252862545","3","323","0"
"20:50:56:969 (H:m:s:ms)","20:50:58:0 (H:m:s:ms)","BESTFIT","GENERIC","1","124.086","0.0348142326857423","1031","0","4586","1361.3457252862545","3","565","0"
"20:32:35:151 (H:m:s:ms)","20:32:36:0 (H:m:s:ms)","BESTFIT","GENERIC","1","124.092","0.02533721754391057","849","0","2207","1361.3457252862545","3","324","0"
"20:50:58:787 (H:m:s:ms)","20:50:59:0 (H:m:s:ms)","BESTFIT","GENERIC","1","124.22","0.038312746437948776","212","0","1034","6022.24227692596","3","566","0"
"20:32:42:424 (H:m:s:ms)","20:32:43:0 (H:m:s:ms)","BESTFIT","GENERIC","1","124.09","0.023741406890797387","576","1","3402","1361.3457252862545","3","325","0"
"20:51:4:848 (H:m:s:ms)","20:51:5:0 (H:m:s:ms)","BESTFIT","GENERIC","1","124.138","0.02494530796921747","169","0","4927","1361.3457252862545","3","567","0"
"20:32:43:636 (H:m:s:ms)","20:32:44:0 (H:m:s:ms)","BESTFIT","GENERIC","1","124.1","0.03111910059883916","363","0","3470","1372.238928860163","3","326","0"
"20:51:6:60 (H:m:s:ms)","20:51:7:0 (H:m:s:ms)","BESTFIT","GENERIC","1","124.11","0.04323782190112839","940","0","4232","1372.238928860163","3","568","0"
"20:32:46:60 (H:m:s:ms)","20:32:47:0 (H:m:s:ms)","BESTFIT","GENERIC","1","124.208","0.0355702471068615","939","0","2168","6022.24227692596","3","327","0"
"20:51:9:90 (H:m:s:ms)","20:51:10:0 (H:m:s:ms)","BESTFIT","GENERIC","1","124.226","0.0495400810339574","1034","0","1699","6022.24227692596","3","569","0"
"20:32:47:878 (H:m:s:ms)","20:32:49:0 (H:m:s:ms)","BESTFIT","GENERIC","1","124.132","0.03900696080551506","1122","0","4754","1361.3457252862545","3","328","0"
"20:32:51:515 (H:m:s:ms)","20:32:52:0 (H:m:s:ms)","BESTFIT","GENERIC","1","124.128","0.03550348857136507","485","1","4059","1372.238928860163","3","329","0"
"20:51:16:969 (H:m:s:ms)","20:51:18:0 (H:m:s:ms)","BESTFIT","GENERIC","1","124.124","0.029887541456877345","1030","0","4376","1361.3457252862545","3","570","0"
"20:51:18:787 (H:m:s:ms)","20:51:19:0 (H:m:s:ms)","BESTFIT","GENERIC","1","124.136","0.03734296686070934","212","0","1095","1372.238928860163","3","571","0"
"20:32:54:545 (H:m:s:ms)","20:32:55:0 (H:m:s:ms)","BESTFIT","GENERIC","1","124.116","0.028174914063777413","464","1","3960","1361.3457252862545","3","330","0"
"20:51:20:606 (H:m:s:ms)","20:51:21:0 (H:m:s:ms)","BESTFIT","GENERIC","1","124.158","0.04447274090770175","394","1","2273","6022.24227692596","3","572","0"
"20:32:56:363 (H:m:s:ms)","20:32:57:0 (H:m:s:ms)","BESTFIT","GENERIC","1","124.214","0.02991657561370546","636","0","4463","6022.24227692596","3","331","0"
"20:51:23:636 (H:m:s:ms)","20:51:24:0 (H:m:s:ms)","BESTFIT","GENERIC","1","124.124","0.04086454589143093","364","0","4222","1361.3457252862545","3","573","0"
"20:33:1:818 (H:m:s:ms)","20:33:2:0 (H:m:s:ms)","BESTFIT","GENERIC","1","124.104","0.021895432867963766","181","0","4894","1361.3457252862545","3","332","0"
"20:51:36:969 (H:m:s:ms)","20:51:38:0 (H:m:s:ms)","BESTFIT","GENERIC","1","124.05799999999999","0.025810381409371252","1031","0","1521","1361.3457252862545","3","574","0"
"20:33:4:242 (H:m:s:ms)","20:33:5:0 (H:m:s:ms)","BESTFIT","GENERIC","1","124.132","0.03250389728148694","767","0","3547","1372.238928860163","3","333","0"
"20:51:41:212 (H:m:s:ms)","20:51:42:0 (H:m:s:ms)","BESTFIT","GENERIC","1","124.116","0.03089850496791985","788","0","4662","1372.238928860163","3","575","0"
"20:33:7:272 (H:m:s:ms)","20:33:8:0 (H:m:s:ms)","BESTFIT","GENERIC","1","124.124","0.03068716680760065","727","0","4207","1361.3457252862545","3","334","0"
"20:51:50:303 (H:m:s:ms)","20:51:51:0 (H:m:s:ms)","BESTFIT","GENERIC","1","124.072","0.021003388867811876","696","0","1199","1361.3457252862545","3","576","0"
"20:33:13:939 (H:m:s:ms)","20:33:15:0 (H:m:s:ms)","BESTFIT","GENERIC","1","124.158","0.027383791182282933","1078","1","1536","1361.3457252862545","3","335","0"
"20:51:52:727 (H:m:s:ms)","20:51:53:0 (H:m:s:ms)","BESTFIT","GENERIC","1","124.094","0.037304225677330084","272","0","1490","1372.238928860163","3","577","0"
"20:33:15:151 (H:m:s:ms)","20:33:16:0 (H:m:s:ms)","BESTFIT","GENERIC","1","124.124","0.032770955349906955","848","0","2607","1372.238928860163","3","336","0"
"20:51:55:757 (H:m:s:ms)","20:51:56:0 (H:m:s:ms)","BESTFIT","GENERIC","1","124.24000000000001","0.04120695693563096","242","0","4529","6022.24227692596","3","578","0"
"20:33:15:757 (H:m:s:ms)","20:33:16:0 (H:m:s:ms)","BESTFIT","GENERIC","1","124.166","0.03677266214922958","242","0","4110","6022.24227692596","3","337","0"
"20:51:59:393 (H:m:s:ms)","20:52:0:0 (H:m:s:ms)","BESTFIT","GENERIC","1","124.156","0.02678097894672678","712","0","3044","1361.3457252862545","3","579","0"
"20:33:21:212 (H:m:s:ms)","20:33:22:0 (H:m:s:ms)","BESTFIT","GENERIC","1","124.074","0.023350031618513577","787","0","1557","1361.3457252862545","3","338","0"
"20:33:27:341 (H:m:s:ms)","20:33:28:0 (H:m:s:ms)","BESTFIT","OPERA","1","93.035","0.014693781405783955","658","0","4626","1361.3457252862545","3","339","0"
"20:52:0:606 (H:m:s:ms)","20:52:1:0 (H:m:s:ms)","BESTFIT","GENERIC","1","124.118","0.03454822258964064","394","0","3785","1372.238928860163","3","580","0"
"20:52:3:30 (H:m:s:ms)","20:52:4:0 (H:m:s:ms)","BESTFIT","GENERIC","1","124.23599999999999","0.03439902302818255","970","0","1918","6022.24227692596","3","581","0"
"20:33:36:363 (H:m:s:ms)","20:33:37:0 (H:m:s:ms)","BESTFIT","GENERIC","1","124.094","0.018988608367450872","636","0","3689","1361.3457252862545","3","340","0"
"20:52:15:151 (H:m:s:ms)","20:52:16:0 (H:m:s:ms)","BESTFIT","GENERIC","1","124.108","0.018145844449612345","848","0","1315","1361.3457252862545","3","582","0"
"20:33:36:969 (H:m:s:ms)","20:33:38:0 (H:m:s:ms)","BESTFIT","GENERIC","1","124.074","0.03152715045480722","1031","0","1989","1372.238928860163","3","341","0"
"20:52:26:60 (H:m:s:ms)","20:52:27:0 (H:m:s:ms)","BESTFIT","GENERIC","1","124.12","0.02315769919086838","940","0","2137","1361.3457252862545","3","583","0"
"20:9:6:60 (H:m:s:ms)","20:9:7:0 (H:m:s:ms)","BESTFIT","GENERIC","1","124.11","0.035382901265465026","945","0","3169","1372.238928860163","3","100","0"
"20:33:44:848 (H:m:s:ms)","20:33:45:0 (H:m:s:ms)","BESTFIT","GENERIC","1","124.06","0.018217975368780233","162","1","3477","1361.3457252862545","3","342","0"
"20:52:32:121 (H:m:s:ms)","20:52:33:0 (H:m:s:ms)","BESTFIT","GENERIC","1","124.1","0.030682830667943715","878","0","1900","1361.3457252862545","3","584","0"
"20:9:11:515 (H:m:s:ms)","20:9:12:0 (H:m:s:ms)","BESTFIT","GENERIC","1","93.063","0.03344838664959112","484","0","1605","1361.3457252862545","3","101","0"
"20:33:50:909 (H:m:s:ms)","20:33:52:0 (H:m:s:ms)","BESTFIT","GENERIC","1","124.154","0.01208752210964049","1091","0","4629","1361.3457252862545","3","343","0"
"20:52:45:454 (H:m:s:ms)","20:52:46:0 (H:m:s:ms)","BESTFIT","GENERIC","1","124.118","0.029446652863665556","545","0","4437","1361.3457252862545","3","585","0"
"20:9:17:575 (H:m:s:ms)","20:9:18:0 (H:m:s:ms)","BESTFIT","GENERIC","1","93.082","0.023189926910064617","424","0","2239","1361.3457252862545","3","102","0"
"20:33:55:151 (H:m:s:ms)","20:33:56:0 (H:m:s:ms)","BESTFIT","GENERIC","1","124.108","0.03527364271083431","849","1","1270","1372.238928860163","3","344","0"
"20:52:46:666 (H:m:s:ms)","20:52:47:0 (H:m:s:ms)","BESTFIT","GENERIC","1","124.138","0.039286531150268394","333","0","3255","1372.238928860163","3","586","0"
"20:9:18:181 (H:m:s:ms)","20:9:19:0 (H:m:s:ms)","BESTFIT","GENERIC","1","124.104","0.036689774289670254","820","2","1551","1372.238928860163","3","103","0"
"20:33:58:181 (H:m:s:ms)","20:33:59:0 (H:m:s:ms)","BESTFIT","GENERIC","1","124.088","0.04097554574419334","818","0","1614","1361.3457252862545","3","345","0"
"20:52:47:878 (H:m:s:ms)","0","BESTFIT","GENERIC","0","0","0","1122","0","1075","0","0","587","0"
"20:9:23:636 (H:m:s:ms)","20:9:24:0 (H:m:s:ms)","BESTFIT","GENERIC","1","93.076","0.03682699676680232","363","0","4544","1361.3457252862545","3","104","0"
"20:34:0:0 (H:m:s:ms)","20:34:1:0 (H:m:s:ms)","BESTFIT","GENERIC","1","124.124","0.0428049341501691","1157","0","3618","6022.24227692596","3","346","0"
"20:52:58:481 (H:m:s:ms)","20:52:59:0 (H:m:s:ms)","BESTFIT","OPERA","1","93.035","0.023389421500679873","519","0","2518","1361.3457252862545","3","588","0"
"20:9:24:242 (H:m:s:ms)","20:9:25:0 (H:m:s:ms)","BESTFIT","GENERIC","1","124.108","0.029595576927313922","760","0","1490","1372.238928860163","3","105","0"
"20:34:2:424 (H:m:s:ms)","20:34:3:0 (H:m:s:ms)","BESTFIT","GENERIC","1","124.15","0.03411903263178881","575","0","2148","1372.238928860163","3","347","0"
"20:53:0:0 (H:m:s:ms)","20:53:1:0 (H:m:s:ms)","BESTFIT","OPERA","1","93.051","0.032897482588934025","1123","0","2231","1372.238928860163","3","589","0"
"20:9:24:848 (H:m:s:ms)","20:9:25:0 (H:m:s:ms)","BESTFIT","GENERIC","1","124.19","0.035707195571861416","155","1","1028","6022.24227692596","3","106","0"
"20:34:7:878 (H:m:s:ms)","20:34:9:0 (H:m:s:ms)","BESTFIT","GENERIC","1","124.11","0.018967896893733193","1121","0","1284","1361.3457252862545","3","348","0"
"20:9:29:696 (H:m:s:ms)","20:9:30:0 (H:m:s:ms)","BESTFIT","GENERIC","1","93.074","0.033082197944092846","370","1","4165","1361.3457252862545","3","107","0"
"20:34:9:90 (H:m:s:ms)","20:34:10:0 (H:m:s:ms)","BESTFIT","GENERIC","1","124.16","0.037072768673315035","1054","1","2486","1372.238928860163","3","349","0"
"20:9:30:303 (H:m:s:ms)","20:9:31:0 (H:m:s:ms)","BESTFIT","GENERIC","1","124.096","0.037919331736475256","696","0","4061","1372.238928860163","3","108","0"
"20:9:35:757 (H:m:s:ms)","20:9:36:0 (H:m:s:ms)","BESTFIT","GENERIC","1","93.088","0.03569303162529928","243","1","3116","1361.3457252862545","3","109","0"
"20:53:0:0 (H:m:s:ms)","20:53:1:0 (H:m:s:ms)","BESTFIT","GENERIC","1","124.196","0.03647477315858428","1123","0","1819","6022.24227692596","3","590","0"
"20:53:2:424 (H:m:s:ms)","20:53:3:0 (H:m:s:ms)","BESTFIT","GENERIC","1","124.18100000000001","0.047335640504047836","575","0","4608","1405.7557555736407","3","591","0"
"20:34:29:696 (H:m:s:ms)","20:34:30:0 (H:m:s:ms)","BESTFIT","GENERIC","1","124.12","0.022289822501006275","414","0","2974","1361.3457252862545","3","350","0"
"20:53:5:316 (H:m:s:ms)","20:53:6:0 (H:m:s:ms)","BESTFIT","OPERA","1","93.035","0.04658357223641475","684","0","2801","1361.3457252862545","3","592","0"
"20:34:37:974 (H:m:s:ms)","20:34:39:0 (H:m:s:ms)","BESTFIT","OPERA","1","93.035","0.02857312423569767","1025","0","1240","1361.3457252862545","3","351","0"
"20:53:15:757 (H:m:s:ms)","20:53:16:0 (H:m:s:ms)","BESTFIT","GENERIC","1","124.084","0.02642199849526164","243","0","1971","1361.3457252862545","3","593","0"
"20:9:41:818 (H:m:s:ms)","20:9:42:0 (H:m:s:ms)","BESTFIT","GENERIC","1","93.059","0.02494530796921747","181","0","2908","1361.3457252862545","3","110","0"
"20:34:41:12 (H:m:s:ms)","20:34:42:0 (H:m:s:ms)","BESTFIT","OPERA","1","93.051","0.03663250312729866","987","0","2864","1372.238928860163","3","352","0"
"20:53:30:303 (H:m:s:ms)","20:53:31:0 (H:m:s:ms)","BESTFIT","GENERIC","1","124.078","0.03168151108225044","696","0","2020","1361.3457252862545","3","594","0"
"20:9:42:424 (H:m:s:ms)","20:9:43:0 (H:m:s:ms)","BESTFIT","GENERIC","1","124.106","0.03616809008652664","576","1","1183","1372.238928860163","3","111","0"
"20:34:49:90 (H:m:s:ms)","20:34:50:0 (H:m:s:ms)","BESTFIT","GENERIC","1","124.108","0.025141217144193977","1048","1","3858","1361.3457252862545","3","353","0"
"20:53:32:727 (H:m:s:ms)","20:53:33:0 (H:m:s:ms)","BESTFIT","GENERIC","1","124.096","0.03399626883349688","272","0","4780","1372.238928860163","3","595","0"
"20:9:47:878 (H:m:s:ms)","20:9:48:0 (H:m:s:ms)","BESTFIT","GENERIC","1","93.08","0.03932266484463126","122","0","1440","1361.3457252862545","3","112","0"
"20:34:49:696 (H:m:s:ms)","20:34:50:0 (H:m:s:ms)","BESTFIT","GENERIC","1","124.076","0.03838122641078481","442","0","1006","1372.238928860163","3","354","0"
"20:53:39:393 (H:m:s:ms)","20:53:40:0 (H:m:s:ms)","BESTFIT","GENERIC","1","124.15","0.016290197732263888","722","0","3211","1361.3457252862545","3","596","0"
"20:9:49:696 (H:m:s:ms)","20:9:50:0 (H:m:s:ms)","BESTFIT","GENERIC","1","124.076","0.043136013113738415","465","0","1012","1372.238928860163","3","113","0"
"20:34:50:303 (H:m:s:ms)","20:34:51:0 (H:m:s:ms)","BESTFIT","GENERIC","1","124.154","0.04305366246583999","696","0","1560","6022.24227692596","3","355","0"
"20:53:41:818 (H:m:s:ms)","20:53:42:0 (H:m:s:ms)","BESTFIT","GENERIC","1","124.106","0.029972143113083858","181","0","2035","1372.238928860163","3","597","0"
"20:9:53:939 (H:m:s:ms)","20:9:55:0 (H:m:s:ms)","BESTFIT","GENERIC","1","93.072","0.03824210887142512","1065","0","1858","1361.3457252862545","3","114","0"
"20:34:58:787 (H:m:s:ms)","20:34:59:0 (H:m:s:ms)","BESTFIT","GENERIC","1","124.138","0.019994394699982154","212","0","1786","1361.3457252862545","3","356","0"
"20:53:43:291 (H:m:s:ms)","20:53:44:0 (H:m:s:ms)","BESTFIT","OPERA","1","93.117","0.031592540508391484","708","0","4149","6022.24227692596","3","598","0"
"20:9:55:151 (H:m:s:ms)","20:9:56:0 (H:m:s:ms)","BESTFIT","GENERIC","1","124.108","0.03284727811088354","848","0","4574","1372.238928860163","3","115","0"
"20:35:4:848 (H:m:s:ms)","20:35:5:0 (H:m:s:ms)","BESTFIT","GENERIC","1","124.138","0.03141481139266637","154","0","3544","1361.3457252862545","3","357","0"
"20:53:49:696 (H:m:s:ms)","20:53:50:0 (H:m:s:ms)","BESTFIT","GENERIC","1","124.06","0.014392989850039332","427","0","4495","1361.3457252862545","3","599","0"
"20:10:0:0 (H:m:s:ms)","20:10:1:0 (H:m:s:ms)","BESTFIT","GENERIC","1","93.071","0.03247716479100204","1001","0","4770","1361.3457252862545","3","116","0"
"20:35:6:315 (H:m:s:ms)","20:35:7:0 (H:m:s:ms)","BESTFIT","AMBULANCE","1","93.08699999999999","0.04176293708771345","685","0","894","1372.238928860163","3","358","0"
"20:10:13:333 (H:m:s:ms)","20:10:14:0 (H:m:s:ms)","BESTFIT","GENERIC","1","124.122","0.031719752324132384","666","0","2279","1361.3457252862545","3","117","0"
"20:35:15:789 (H:m:s:ms)","20:35:16:0 (H:m:s:ms)","BESTFIT","AMBULANCE","1","93.054","0.03684875655455117","210","0","1384","1361.3457252862545","3","359","0"
"20:10:18:787 (H:m:s:ms)","20:10:19:0 (H:m:s:ms)","BESTFIT","GENERIC","1","124.136","0.045683648244673566","212","0","1080","1372.238928860163","3","118","0"
"20:10:36:363 (H:m:s:ms)","20:10:37:0 (H:m:s:ms)","BESTFIT","GENERIC","1","124.094","0.02852744329514782","637","0","4845","1361.3457252862545","3","119","0"
"20:0:54:545 (H:m:s:ms)","20:0:55:0 (H:m:s:ms)","BESTFIT","GENERIC","1","93.072","0.025322874881270073","457","0","1849","1361.3457252862545","3","10","0"
"20:1:0:606 (H:m:s:ms)","20:1:1:0 (H:m:s:ms)","BESTFIT","GENERIC","1","93.065","0.0245694868397856","397","0","1176","1361.3457252862545","3","11","0"
"20:1:6:666 (H:m:s:ms)","20:1:7:0 (H:m:s:ms)","BESTFIT","GENERIC","1","93.075","0.031719752324132384","333","0","4059","1361.3457252862545","3","12","0"
"20:1:12:727 (H:m:s:ms)","20:1:13:0 (H:m:s:ms)","BESTFIT","GENERIC","1","93.06700000000001","0.025401921893483486","272","0","1977","1361.3457252862545","3","13","0"
"20:1:18:787 (H:m:s:ms)","20:1:19:0 (H:m:s:ms)","BESTFIT","GENERIC","1","93.074","0.03070418514075411","212","0","3561","1361.3457252862545","3","14","0"
"20:1:24:848 (H:m:s:ms)","20:1:25:0 (H:m:s:ms)","BESTFIT","GENERIC","1","93.068","0.024891394042352726","183","25","4471","1361.3457252862545","3","15","0"
"20:1:30:909 (H:m:s:ms)","20:1:32:0 (H:m:s:ms)","BESTFIT","GENERIC","1","93.043","0.027766669599193893","1090","0","4905","1361.3457252862545","3","16","0"
"20:1:36:969 (H:m:s:ms)","20:1:38:0 (H:m:s:ms)","BESTFIT","GENERIC","1","93.043","0.026515780520118257","1031","0","2192","1361.3457252862545","3","17","0"
"20:1:43:30 (H:m:s:ms)","20:1:44:0 (H:m:s:ms)","BESTFIT","GENERIC","1","93.079","0.02049888865136461","970","0","1897","1361.3457252862545","3","18","0"
"20:1:49:90 (H:m:s:ms)","20:1:50:0 (H:m:s:ms)","BESTFIT","GENERIC","1","93.068","0.022448353662689522","927","1","3345","1361.3457252862545","3","19","0"
"20:35:17:575 (H:m:s:ms)","20:35:18:0 (H:m:s:ms)","BESTFIT","GENERIC","1","124.15199999999999","0.040028381403352166","424","0","4039","1372.238928860163","3","360","0"
"20:35:22:424 (H:m:s:ms)","20:35:23:0 (H:m:s:ms)","BESTFIT","GENERIC","1","124.08","0.027151254232556037","575","0","4155","1361.3457252862545","3","361","0"
"20:10:54:545 (H:m:s:ms)","20:10:55:0 (H:m:s:ms)","BESTFIT","GENERIC","1","124.116","0.02002879233119841","460","0","2224","1361.3457252862545","3","120","0"
"20:35:23:30 (H:m:s:ms)","20:35:24:0 (H:m:s:ms)","BESTFIT","GENERIC","1","124.166","0.0375823344404069","969","0","4721","1372.238928860163","3","362","0"
"20:11:0:0 (H:m:s:ms)","20:11:1:0 (H:m:s:ms)","BESTFIT","GENERIC","1","124.042","0.031565244096460034","1213","0","3779","1361.3457252862545","3","121","0"
"20:35:24:848 (H:m:s:ms)","20:35:25:0 (H:m:s:ms)","BESTFIT","GENERIC","1","124.19","0.04242350825009563","160","0","2402","6022.24227692596","3","363","0"
"20:11:0:606 (H:m:s:ms)","20:11:1:0 (H:m:s:ms)","BESTFIT","GENERIC","1","124.118","0.037059134975379555","393","0","2343","1372.238928860163","3","122","0"
"20:35:30:909 (H:m:s:ms)","20:35:32:0 (H:m:s:ms)","BESTFIT","GENERIC","1","124.05799999999999","0.02160427306142167","1091","1","3956","1361.3457252862545","3","364","0"
"20:11:19:393 (H:m:s:ms)","20:11:20:0 (H:m:s:ms)","BESTFIT","GENERIC","1","124.06","0.02347932218229854","840","0","2104","1361.3457252862545","3","123","0"
"20:35:33:939 (H:m:s:ms)","20:35:35:0 (H:m:s:ms)","BESTFIT","GENERIC","1","124.11","0.028394904329980524","1076","0","3975","1372.238928860163","3","365","0"
"20:11:39:393 (H:m:s:ms)","20:11:40:0 (H:m:s:ms)","BESTFIT","GENERIC","1","124.15","0.02848970696119631","832","0","3534","1361.3457252862545","3","124","0"
"20:35:37:575 (H:m:s:ms)","20:35:38:0 (H:m:s:ms)","BESTFIT","GENERIC","1","124.098","0.02820657908690449","425","0","1142","1361.3457252862545","3","366","0"
"20:11:43:30 (H:m:s:ms)","20:11:44:0 (H:m:s:ms)","BESTFIT","GENERIC","1","124.14599999999999","0.03603521618056678","969","0","1780","1372.238928860163","3","125","0"
"20:35:41:212 (H:m:s:ms)","20:35:42:0 (H:m:s:ms)","BESTFIT","GENERIC","1","124.116","0.036606342161049056","787","0","2404","1372.238928860163","3","367","0"
"20:11:50:909 (H:m:s:ms)","20:11:52:0 (H:m:s:ms)","BESTFIT","GENERIC","1","124.154","0.023521321200570502","1091","0","4092","1361.3457252862545","3","126","0"
"20:35:44:210 (H:m:s:ms)","0","BESTFIT","AMBULANCE","0","0","0","799","0","506","0","0","368","0"
"20:11:56:363 (H:m:s:ms)","20:11:57:0 (H:m:s:ms)","BESTFIT","GENERIC","1","124.148","0.03147182427008118","636","0","1301","1372.238928860163","3","127","0"
"20:35:49:367 (H:m:s:ms)","20:35:50:0 (H:m:s:ms)","BESTFIT","OPERA","1","93.035","0.02435590281233185","773","0","4605","1361.3457252862545","3","369","0"
"20:12:1:818 (H:m:s:ms)","20:12:2:0 (H:m:s:ms)","BESTFIT","GENERIC","1","124.104","0.03361490457414117","181","0","2052","1361.3457252862545","3","128","0"
"20:12:8:484 (H:m:s:ms)","20:12:9:0 (H:m:s:ms)","BESTFIT","GENERIC","1","124.096","0.0153168551607948","515","0","4918","1361.3457252862545","3","129","0"
"20:1:55:151 (H:m:s:ms)","20:1:56:0 (H:m:s:ms)","BESTFIT","GENERIC","1","93.059","0.021193831359217558","848","0","1574","1361.3457252862545","3","20","0"
"20:2:1:212 (H:m:s:ms)","20:2:2:0 (H:m:s:ms)","BESTFIT","GENERIC","1","93.069","0.02561739891840855","787","0","3186","1361.3457252862545","3","21","0"
"20:2:7:272 (H:m:s:ms)","20:2:8:0 (H:m:s:ms)","BESTFIT","GENERIC","1","93.076","0.028896714513682774","727","0","4984","1361.3457252862545","3","22","0"
"20:2:13:333 (H:m:s:ms)","20:2:14:0 (H:m:s:ms)","BESTFIT","GENERIC","1","93.075","0.023366164286798035","666","0","3013","1361.3457252862545","3","23","0"
"20:2:19:393 (H:m:s:ms)","20:2:20:0 (H:m:s:ms)","BESTFIT","GENERIC","1","93.044","0.027843936301989648","636","0","3683","1361.3457252862545","3","24","0"
"20:2:25:454 (H:m:s:ms)","20:2:26:0 (H:m:s:ms)","BESTFIT","GENERIC","1","93.098","0.019276342520104243","546","1","3983","1361.3457252862545","3","25","0"
"20:2:31:515 (H:m:s:ms)","20:2:32:0 (H:m:s:ms)","BESTFIT","GENERIC","1","93.044","0.023255804253076946","485","0","3330","1361.3457252862545","3","26","0"
"20:2:37:575 (H:m:s:ms)","20:2:38:0 (H:m:s:ms)","BESTFIT","GENERIC","1","93.063","0.02307188443773678","424","0","4875","1361.3457252862545","3","27","0"
"20:2:43:636 (H:m:s:ms)","20:2:44:0 (H:m:s:ms)","BESTFIT","GENERIC","1","93.056","0.025284980078434348","363","0","2818","1361.3457252862545","3","28","0"
"20:2:49:696 (H:m:s:ms)","20:2:50:0 (H:m:s:ms)","BESTFIT","GENERIC","1","93.044","0.024038598596779297","339","0","2696","1361.3457252862545","3","29","0"
"20:36:3:157 (H:m:s:ms)","20:36:4:0 (H:m:s:ms)","BESTFIT","AMBULANCE","1","93.081","0.0339693054381368","842","0","1463","1361.3457252862545","3","370","0"
"20:36:9:473 (H:m:s:ms)","20:36:10:0 (H:m:s:ms)","BESTFIT","AMBULANCE","1","93.057","0.02265511762874363","670","0","679","1361.3457252862545","3","371","0"
"20:12:12:727 (H:m:s:ms)","20:12:13:0 (H:m:s:ms)","BESTFIT","GENERIC","1","124.122","0.0272284854071299","274","0","1771","1372.238928860163","3","130","0"
"20:36:9:696 (H:m:s:ms)","20:36:10:0 (H:m:s:ms)","BESTFIT","GENERIC","1","124.122","0.03575547916227142","447","0","1153","1372.238928860163","3","372","0"
"20:12:20:606 (H:m:s:ms)","20:12:21:0 (H:m:s:ms)","BESTFIT","GENERIC","1","124.076","0.01798433537754546","394","0","4179","1361.3457252862545","3","131","0"
"20:36:12:151 (H:m:s:ms)","20:36:13:0 (H:m:s:ms)","BESTFIT","OPERA","1","93.117","0.0394696854615992","849","0","3142","6022.24227692596","3","373","0"
"20:12:27:272 (H:m:s:ms)","20:12:28:0 (H:m:s:ms)","BESTFIT","GENERIC","1","124.142","0.02347932218229854","728","0","4479","1361.3457252862545","3","132","0"
"20:36:13:333 (H:m:s:ms)","20:36:14:0 (H:m:s:ms)","BESTFIT","GENERIC","1","124.16900000000001","0.042944110481076575","666","0","3798","1405.7557555736407","3","374","0"
"20:12:33:939 (H:m:s:ms)","20:12:35:0 (H:m:s:ms)","BESTFIT","GENERIC","1","124.094","0.02049888865136461","1062","0","1757","1361.3457252862545","3","133","0"
"20:36:18:181 (H:m:s:ms)","20:36:19:0 (H:m:s:ms)","BESTFIT","GENERIC","1","124.088","0.029921335802090984","819","0","3574","1361.3457252862545","3","375","0"
"20:12:38:181 (H:m:s:ms)","20:12:39:0 (H:m:s:ms)","BESTFIT","GENERIC","1","124.15","0.03241568103474108","819","0","3550","1372.238928860163","3","134","0"
"20:36:34:936 (H:m:s:ms)","20:36:36:0 (H:m:s:ms)","BESTFIT","OPERA","1","93.035","0.026517010418685965","1076","0","3292","1361.3457252862545","3","376","0"
"20:12:38:787 (H:m:s:ms)","20:12:39:0 (H:m:s:ms)","BESTFIT","GENERIC","1","124.148","0.04088149794618691","213","0","3651","6022.24227692596","3","135","0"
"20:36:38:787 (H:m:s:ms)","20:36:39:0 (H:m:s:ms)","BESTFIT","GENERIC","1","124.082","0.0367183283572178","213","0","1618","1372.238928860163","3","377","0"
"20:12:40:0 (H:m:s:ms)","20:12:41:0 (H:m:s:ms)","BESTFIT","GENERIC","1","124.16","0.04709272957261343","1206","0","3045","1361.3457252862545","3","136","0"
"20:36:39:493 (H:m:s:ms)","20:36:40:0 (H:m:s:ms)","BESTFIT","OPERA","1","93.117","0.040043635980056655","649","0","1009","6022.24227692596","3","378","0"
"20:12:45:454 (H:m:s:ms)","20:12:46:0 (H:m:s:ms)","BESTFIT","GENERIC","1","124.134","0.042845330461125396","546","1","4366","1372.238928860163","3","137","0"
"20:36:45:454 (H:m:s:ms)","20:36:46:0 (H:m:s:ms)","BESTFIT","GENERIC","1","124.118","0.02217054705737632","545","0","3694","1361.3457252862545","3","379","0"
"20:12:48:484 (H:m:s:ms)","20:12:49:0 (H:m:s:ms)","BESTFIT","GENERIC","1","124.114","0.038847042315592356","515","0","4422","1361.3457252862545","3","138","0"
"20:12:52:121 (H:m:s:ms)","20:12:53:0 (H:m:s:ms)","BESTFIT","GENERIC","1","124.126","0.03689056416932932","878","0","4815","1372.238928860163","3","139","0"
"20:2:55:757 (H:m:s:ms)","20:2:56:0 (H:m:s:ms)","BESTFIT","GENERIC","1","93.093","0.028076808560307916","243","1","2373","1361.3457252862545","3","30","0"
"20:3:1:818 (H:m:s:ms)","20:3:2:0 (H:m:s:ms)","BESTFIT","GENERIC","1","93.066","0.021331807135613116","181","0","2440","1361.3457252862545","3","31","0"
"20:3:7:878 (H:m:s:ms)","20:3:8:0 (H:m:s:ms)","BESTFIT","GENERIC","1","93.069","0.01853603668761626","122","0","2419","1361.3457252862545","3","32","0"
"20:3:13:939 (H:m:s:ms)","20:3:15:0 (H:m:s:ms)","BESTFIT","GENERIC","1","93.093","0.0204311901170419","1061","0","1491","1361.3457252862545","3","33","0"
"20:3:20:0 (H:m:s:ms)","20:3:21:0 (H:m:s:ms)","BESTFIT","GENERIC","1","93.078","0.017344963630626705","1000","0","3418","1361.3457252862545","3","34","0"
"20:3:26:60 (H:m:s:ms)","20:3:27:0 (H:m:s:ms)","BESTFIT","GENERIC","1","93.074","0.02490083317520422","940","1","2900","1361.3457252862545","3","35","0"
"20:3:32:121 (H:m:s:ms)","20:3:33:0 (H:m:s:ms)","BESTFIT","GENERIC","1","93.064","0.027995602856332527","879","0","2505","1361.3457252862545","3","36","0"
"20:3:38:181 (H:m:s:ms)","20:3:39:0 (H:m:s:ms)","BESTFIT","GENERIC","1","93.081","0.022188330938176244","818","0","2164","1361.3457252862545","3","37","0"
"20:3:44:242 (H:m:s:ms)","20:3:45:0 (H:m:s:ms)","BESTFIT","GENERIC","1","93.062","0.02945177157834953","760","0","1574","1361.3457252862545","3","38","0"
"20:3:50:303 (H:m:s:ms)","20:3:51:0 (H:m:s:ms)","BESTFIT","GENERIC","1","93.05","0.02033888090865634","696","0","2265","1361.3457252862545","3","39","0"
"20:36:47:272 (H:m:s:ms)","20:36:48:0 (H:m:s:ms)","BESTFIT","GENERIC","1","124.084","0.03042083431421012","728","0","1426","1372.238928860163","3","380","0"
"20:37:0:0 (H:m:s:ms)","20:37:1:0 (H:m:s:ms)","BESTFIT","OPERA","1","93.035","0.02517076888645762","1146","0","4537","1361.3457252862545","3","381","0"
"20:13:9:696 (H:m:s:ms)","20:13:10:0 (H:m:s:ms)","BESTFIT","GENERIC","1","124.106","0.024148783581247394","515","0","1767","1361.3457252862545","3","140","0"
"20:37:0:606 (H:m:s:ms)","20:37:1:0 (H:m:s:ms)","BESTFIT","GENERIC","1","124.118","0.03773335017380489","394","0","2968","1372.238928860163","3","382","0"
"20:13:15:757 (H:m:s:ms)","20:13:16:0 (H:m:s:ms)","BESTFIT","GENERIC","1","124.084","0.0193077656274987","242","0","1858","1361.3457252862545","3","141","0"
"20:37:1:212 (H:m:s:ms)","20:37:2:0 (H:m:s:ms)","BESTFIT","GENERIC","1","124.194","0.042477346662073","787","0","4907","6022.24227692596","3","383","0"
"20:13:21:818 (H:m:s:ms)","20:13:22:0 (H:m:s:ms)","BESTFIT","GENERIC","1","124.092","0.03129892583131544","181","0","2353","1361.3457252862545","3","142","0"
"20:37:12:121 (H:m:s:ms)","20:37:13:0 (H:m:s:ms)","BESTFIT","GENERIC","1","124.148","0.03305026378384217","879","0","2065","1361.3457252862545","3","384","0"
"20:13:27:878 (H:m:s:ms)","20:13:29:0 (H:m:s:ms)","BESTFIT","GENERIC","1","124.152","0.0244331709582197","1121","0","1300","1361.3457252862545","3","143","0"
"20:37:24:242 (H:m:s:ms)","20:37:25:0 (H:m:s:ms)","BESTFIT","GENERIC","1","124.092","0.018734067247409284","763","0","4605","1361.3457252862545","3","385","0"
"20:13:56:969 (H:m:s:ms)","20:13:58:0 (H:m:s:ms)","BESTFIT","GENERIC","1","124.086","0.019842205515455767","1031","1","2377","1361.3457252862545","3","144","0"
"20:37:24:303 (H:m:s:ms)","20:37:25:0 (H:m:s:ms)","BESTFIT","OPERA","1","93.051","0.027897729711835944","703","0","2367","1372.238928860163","3","386","0"
"20:14:1:212 (H:m:s:ms)","20:14:2:0 (H:m:s:ms)","BESTFIT","GENERIC","1","124.126","0.04029479598854633","788","0","2252","1372.238928860163","3","145","0"
"20:37:25:822 (H:m:s:ms)","20:37:26:0 (H:m:s:ms)","BESTFIT","OPERA","1","93.117","0.03758899652337957","177","0","3543","6022.24227692596","3","387","0"
"20:14:5:454 (H:m:s:ms)","20:14:6:0 (H:m:s:ms)","BESTFIT","GENERIC","1","124.092","0.04456255310934599","546","1","3696","1361.3457252862545","3","146","0"
"20:37:29:90 (H:m:s:ms)","20:37:30:0 (H:m:s:ms)","BESTFIT","GENERIC","1","124.129","0.04025338677608175","1046","0","2089","1405.7557555736407","3","388","0"
"20:14:7:878 (H:m:s:ms)","20:14:9:0 (H:m:s:ms)","BESTFIT","GENERIC","1","124.126","0.037887971852863564","1121","0","2087","1372.238928860163","3","147","0"
"20:37:30:303 (H:m:s:ms)","20:37:31:0 (H:m:s:ms)","BESTFIT","GENERIC","1","124.08","0.03819786676973701","697","0","3990","1361.3457252862545","3","389","0"
"20:14:9:90 (H:m:s:ms)","20:14:10:0 (H:m:s:ms)","BESTFIT","GENERIC","1","124.226","0.04084789808717144","1104","0","3720","6022.24227692596","3","148","0"
"20:14:23:30 (H:m:s:ms)","20:14:24:0 (H:m:s:ms)","BESTFIT","GENERIC","1","124.15","0.023937557091827388","969","0","4794","1361.3457252862545","3","149","0"
"20:3:56:363 (H:m:s:ms)","20:3:57:0 (H:m:s:ms)","BESTFIT","GENERIC","1","93.08","0.024492614767002468","636","0","2527","1361.3457252862545","3","40","0"
"20:4:2:424 (H:m:s:ms)","20:4:3:0 (H:m:s:ms)","BESTFIT","GENERIC","1","93.081","0.02686735993525871","575","0","2958","1361.3457252862545","3","41","0"
"20:4:6:60 (H:m:s:ms)","20:4:7:0 (H:m:s:ms)","BESTFIT","GENERIC","1","124.11","0.036051124963782155","939","0","3820","1372.238928860163","3","42","0"
"20:4:8:484 (H:m:s:ms)","20:4:9:0 (H:m:s:ms)","BESTFIT","GENERIC","1","93.062","0.03716975144365323","515","0","1950","1361.3457252862545","3","43","0"
"20:4:14:545 (H:m:s:ms)","20:4:15:0 (H:m:s:ms)","BESTFIT","GENERIC","1","93.061","0.02506637156099185","457","0","4541","1361.3457252862545","3","44","0"
"20:4:20:606 (H:m:s:ms)","20:4:21:0 (H:m:s:ms)","BESTFIT","GENERIC","1","93.05199999999999","0.02380573111928194","393","0","1701","1361.3457252862545","3","45","0"
"20:4:26:666 (H:m:s:ms)","20:4:27:0 (H:m:s:ms)","BESTFIT","GENERIC","1","93.069","0.019217603984629624","334","1","4978","1361.3457252862545","3","46","0"
"20:4:32:727 (H:m:s:ms)","20:4:33:0 (H:m:s:ms)","BESTFIT","GENERIC","1","93.054","0.02137082994291471","273","1","4651","1361.3457252862545","3","47","0"
"20:4:38:787 (H:m:s:ms)","20:4:39:0 (H:m:s:ms)","BESTFIT","GENERIC","1","93.047","0.03192302975754742","213","0","2867","1361.3457252862545","3","48","0"
"20:4:44:848 (H:m:s:ms)","20:4:45:0 (H:m:s:ms)","BESTFIT","GENERIC","1","93.044","0.01869083234189765","156","0","2964","1361.3457252862545","3","49","0"
"20:37:38:181 (H:m:s:ms)","20:37:39:0 (H:m:s:ms)","BESTFIT","GENERIC","1","124.134","0.028864951696166874","819","0","3612","1361.3457252862545","3","390","0"
"20:37:48:484 (H:m:s:ms)","20:37:49:0 (H:m:s:ms)","BESTFIT","GENERIC","1","124.114","0.023661926398567564","515","0","4196","1361.3457252862545","3","391","0"
"20:14:25:454 (H:m:s:ms)","20:14:26:0 (H:m:s:ms)","BESTFIT","GENERIC","1","124.184","0.03998606252595546","546","1","3663","1372.238928860163","3","150","0"
"20:38:0:759 (H:m:s:ms)","20:38:1:0 (H:m:s:ms)","BESTFIT","OPERA","1","93.035","0.02627532415764059","241","0","2421","1361.3457252862545","3","392","0"
"20:14:30:909 (H:m:s:ms)","20:14:32:0 (H:m:s:ms)","BESTFIT","GENERIC","1","124.05799999999999","0.02228950338405222","1091","1","3109","1361.3457252862545","3","151","0"
"20:38:10:303 (H:m:s:ms)","20:38:11:0 (H:m:s:ms)","BESTFIT","GENERIC","1","124.122","0.026323742876597014","697","0","4685","1361.3457252862545","3","393","0"
"20:14:36:969 (H:m:s:ms)","20:14:38:0 (H:m:s:ms)","BESTFIT","GENERIC","1","124.05799999999999","0.02109748660854397","1030","0","3020","1361.3457252862545","3","152","0"
"20:38:11:515 (H:m:s:ms)","20:38:12:0 (H:m:s:ms)","BESTFIT","GENERIC","1","124.114","0.038916179522860916","484","0","2403","1372.238928860163","3","394","0"
"20:14:37:575 (H:m:s:ms)","20:14:38:0 (H:m:s:ms)","BESTFIT","GENERIC","1","124.114","0.029392304778173776","425","0","2592","1372.238928860163","3","153","0"
"20:38:16:969 (H:m:s:ms)","0","BESTFIT","GENERIC","0","0","0","1030","0","1007","0","0","395","0"
"20:14:48:484 (H:m:s:ms)","20:14:49:0 (H:m:s:ms)","BESTFIT","GENERIC","1","124.114","0.029644773114480077","515","0","4827","1361.3457252862545","3","154","0"
"20:38:20:0 (H:m:s:ms)","20:38:21:0 (H:m:s:ms)","BESTFIT","GENERIC","1","124.128","0.02172914793367947","1124","0","1183","1361.3457252862545","3","396","0"
"20:15:14:545 (H:m:s:ms)","20:15:15:0 (H:m:s:ms)","BESTFIT","GENERIC","1","124.094","0.02362909176270655","455","0","4799","1361.3457252862545","3","155","0"
"20:38:23:544 (H:m:s:ms)","20:38:24:0 (H:m:s:ms)","BESTFIT","OPERA","1","93.051","0.02887521561623188","456","0","4921","1372.238928860163","3","397","0"
"20:15:15:151 (H:m:s:ms)","20:15:16:0 (H:m:s:ms)","BESTFIT","GENERIC","1","124.124","0.0331870045589689","849","1","2894","1372.238928860163","3","156","0"
"20:38:26:666 (H:m:s:ms)","20:38:27:0 (H:m:s:ms)","BESTFIT","GENERIC","1","124.11","0.03253176111915259","333","0","3658","1361.3457252862545","3","398","0"
"20:15:16:363 (H:m:s:ms)","20:15:17:0 (H:m:s:ms)","BESTFIT","GENERIC","1","124.184","0.038541615694633845","636","0","2003","6022.24227692596","3","157","0"
"20:38:31:515 (H:m:s:ms)","20:38:32:0 (H:m:s:ms)","BESTFIT","GENERIC","1","124.076","0.04167954468588594","484","0","1589","1372.238928860163","3","399","0"
"20:15:19:393 (H:m:s:ms)","20:15:20:0 (H:m:s:ms)","BESTFIT","GENERIC","1","124.107","0.04342573266206134","824","0","3196","1405.7557555736407","3","158","0"
"20:15:20:0 (H:m:s:ms)","20:15:21:0 (H:m:s:ms)","BESTFIT","GENERIC","1","124.128","0.0416467570156314","1218","0","4009","1361.3457252862545","3","159","0"
"20:4:50:909 (H:m:s:ms)","20:4:52:0 (H:m:s:ms)","BESTFIT","GENERIC","1","93.091","0.02945177157834953","1091","0","4938","1361.3457252862545","3","50","0"
"20:4:56:969 (H:m:s:ms)","20:4:58:0 (H:m:s:ms)","BESTFIT","GENERIC","1","93.057","0.017459313069629237","1031","1","3198","1361.3457252862545","3","51","0"
"20:5:3:30 (H:m:s:ms)","20:5:4:0 (H:m:s:ms)","BESTFIT","GENERIC","1","93.091","0.023111811091863582","970","1","3094","1361.3457252862545","3","52","0"
"20:5:9:90 (H:m:s:ms)","20:5:10:0 (H:m:s:ms)","BESTFIT","GENERIC","1","93.086","0.030256479573657746","964","0","3760","1361.3457252862545","3","53","0"
"20:5:15:151 (H:m:s:ms)","20:5:16:0 (H:m:s:ms)","BESTFIT","GENERIC","1","93.068","0.024281444367932635","848","0","2958","1361.3457252862545","3","54","0"
"20:5:21:212 (H:m:s:ms)","20:5:22:0 (H:m:s:ms)","BESTFIT","GENERIC","1","93.051","0.015477890072065294","788","1","3462","1361.3457252862545","3","55","0"
"20:5:27:272 (H:m:s:ms)","20:5:28:0 (H:m:s:ms)","BESTFIT","GENERIC","1","93.085","0.026195870492627095","728","1","3264","1361.3457252862545","3","56","0"
"20:5:33:333 (H:m:s:ms)","20:5:34:0 (H:m:s:ms)","BESTFIT","GENERIC","1","93.062","0.02473703431762958","667","1","2187","1361.3457252862545","3","57","0"
"20:5:39:393 (H:m:s:ms)","20:5:40:0 (H:m:s:ms)","BESTFIT","GENERIC","1","93.089","0.022016130052255767","666","0","3225","1361.3457252862545","3","58","0"
"20:5:45:454 (H:m:s:ms)","20:5:46:0 (H:m:s:ms)","BESTFIT","GENERIC","1","93.073","0.02494216580527965","545","0","4209","1361.3457252862545","3","59","0"
"20:15:28:484 (H:m:s:ms)","20:15:29:0 (H:m:s:ms)","BESTFIT","GENERIC","1","124.114","0.02128054835124304","516","1","4165","1361.3457252862545","3","160","0"
"20:15:50:303 (H:m:s:ms)","20:15:51:0 (H:m:s:ms)","BESTFIT","GENERIC","1","124.072","0.021969167277821774","697","0","2173","1361.3457252862545","3","161","0"
"20:15:58:181 (H:m:s:ms)","20:15:59:0 (H:m:s:ms)","BESTFIT","GENERIC","1","124.088","0.025837198226658968","818","0","4667","1361.3457252862545","3","162","0"
"20:16:4:242 (H:m:s:ms)","20:16:5:0 (H:m:s:ms)","BESTFIT","GENERIC","1","124.118","0.03178101877970587","759","0","2713","1361.3457252862545","3","163","0"
"20:16:10:303 (H:m:s:ms)","20:16:11:0 (H:m:s:ms)","BESTFIT","GENERIC","1","124.124","0.030792889535896165","696","0","2502","1361.3457252862545","3","164","0"
"20:16:12:121 (H:m:s:ms)","20:16:13:0 (H:m:s:ms)","BESTFIT","GENERIC","1","124.162","0.0377283866074081","879","0","2282","1372.238928860163","3","165","0"
"20:16:13:939 (H:m:s:ms)","20:16:15:0 (H:m:s:ms)","BESTFIT","GENERIC","1","124.24000000000001","0.04477330743936322","1063","0","4267","6022.24227692596","3","166","0"
"20:16:24:848 (H:m:s:ms)","20:16:25:0 (H:m:s:ms)","BESTFIT","GENERIC","1","124.108","0.01910717516731139","155","1","1691","1361.3457252862545","3","167","0"
"20:16:32:121 (H:m:s:ms)","20:16:33:0 (H:m:s:ms)","BESTFIT","GENERIC","1","124.1","0.022764452748900356","879","0","3442","1361.3457252862545","3","168","0"
"20:16:43:636 (H:m:s:ms)","20:16:44:0 (H:m:s:ms)","BESTFIT","GENERIC","1","124.084","0.01948182715668674","363","0","3603","1361.3457252862545","3","169","0"
"20:5:51:515 (H:m:s:ms)","20:5:52:0 (H:m:s:ms)","BESTFIT","GENERIC","1","93.07","0.025857515771004088","484","0","3288","1361.3457252862545","3","60","0"
"20:5:57:575 (H:m:s:ms)","20:5:58:0 (H:m:s:ms)","BESTFIT","GENERIC","1","93.062","0.023572804119789226","425","0","2020","1361.3457252862545","3","61","0"
"20:6:3:636 (H:m:s:ms)","20:6:4:0 (H:m:s:ms)","BESTFIT","GENERIC","1","93.072","0.023773720600576097","363","0","2668","1361.3457252862545","3","62","0"
"20:6:9:696 (H:m:s:ms)","20:6:10:0 (H:m:s:ms)","BESTFIT","GENERIC","1","93.06700000000001","0.03162420256054204","380","0","1125","1361.3457252862545","3","63","0"
"20:6:15:757 (H:m:s:ms)","20:6:16:0 (H:m:s:ms)","BESTFIT","GENERIC","1","93.056","0.029154682138903362","242","0","2007","1361.3457252862545","3","64","0"
"20:6:19:393 (H:m:s:ms)","20:6:20:0 (H:m:s:ms)","BESTFIT","GENERIC","1","124.076","0.045362504582602436","694","0","4026","1372.238928860163","3","65","0"
"20:6:21:818 (H:m:s:ms)","20:6:22:0 (H:m:s:ms)","BESTFIT","GENERIC","1","93.06","0.04264409660954592","182","0","1786","1361.3457252862545","3","66","0"
"20:6:27:878 (H:m:s:ms)","20:6:28:0 (H:m:s:ms)","BESTFIT","GENERIC","1","93.09","0.019362644793944866","122","1","2810","1361.3457252862545","3","67","0"
"20:6:31:515 (H:m:s:ms)","20:6:32:0 (H:m:s:ms)","BESTFIT","GENERIC","1","124.076","0.02641692631147715","486","2","3450","1372.238928860163","3","68","0"
"20:6:33:939 (H:m:s:ms)","20:6:35:0 (H:m:s:ms)","BESTFIT","GENERIC","1","93.061","0.030968227636204017","1064","1","1472","1361.3457252862545","3","69","0"
"20:16:47:272 (H:m:s:ms)","20:16:48:0 (H:m:s:ms)","BESTFIT","GENERIC","1","124.084","0.02283028751037815","727","0","1264","1372.238928860163","3","170","0"
"20:16:51:515 (H:m:s:ms)","20:16:52:0 (H:m:s:ms)","BESTFIT","GENERIC","1","124.112","0.023633506094851854","485","0","1795","1361.3457252862545","3","171","0"
"20:16:53:939 (H:m:s:ms)","20:16:55:0 (H:m:s:ms)","BESTFIT","GENERIC","1","124.132","0.03690468328172243","1061","0","4850","1372.238928860163","3","172","0"
"20:16:59:393 (H:m:s:ms)","20:17:0:0 (H:m:s:ms)","BESTFIT","GENERIC","1","124.156","0.04268985904006106","811","0","4555","1361.3457252862545","3","173","0"
"20:17:3:636 (H:m:s:ms)","20:17:4:0 (H:m:s:ms)","BESTFIT","GENERIC","1","124.132","0.04370094102305819","363","0","4539","1372.238928860163","3","174","0"
"20:17:6:666 (H:m:s:ms)","20:17:7:0 (H:m:s:ms)","BESTFIT","GENERIC","1","124.12","0.03943199871616299","333","0","4119","1361.3457252862545","3","175","0"
"20:17:7:272 (H:m:s:ms)","20:17:8:0 (H:m:s:ms)","BESTFIT","GENERIC","1","124.20599999999999","0.042880469336573364","728","1","3569","6022.24227692596","3","176","0"
"20:17:10:909 (H:m:s:ms)","20:17:12:0 (H:m:s:ms)","BESTFIT","GENERIC","1","124.088","0.03586417276354261","1090","0","2351","1372.238928860163","3","177","0"
"20:17:18:787 (H:m:s:ms)","20:17:19:0 (H:m:s:ms)","BESTFIT","GENERIC","1","124.12","0.02708306574245804","212","0","2353","1361.3457252862545","3","178","0"
"20:17:21:212 (H:m:s:ms)","20:17:22:0 (H:m:s:ms)","BESTFIT","GENERIC","1","124.09","0.036417157009432786","788","0","2123","1372.238928860163","3","179","0"
"20:6:40:0 (H:m:s:ms)","20:6:41:0 (H:m:s:ms)","BESTFIT","GENERIC","1","93.094","0.015653621658911248","1001","0","1963","1361.3457252862545","3","70","0"
"20:6:43:30 (H:m:s:ms)","20:6:44:0 (H:m:s:ms)","BESTFIT","GENERIC","1","124.14599999999999","0.033501832217307945","969","0","1064","1372.238928860163","3","71","0"
"20:6:46:60 (H:m:s:ms)","20:6:47:0 (H:m:s:ms)","BESTFIT","GENERIC","1","93.077","0.04039511171872701","939","0","1153","1361.3457252862545","3","72","0"
"20:6:52:121 (H:m:s:ms)","20:6:53:0 (H:m:s:ms)","BESTFIT","GENERIC","1","93.069","0.02182693487955909","879","0","2893","1361.3457252862545","3","73","0"
"20:6:58:181 (H:m:s:ms)","20:6:59:0 (H:m:s:ms)","BESTFIT","GENERIC","1","93.05799999999999","0.023661926398567564","818","0","1270","1361.3457252862545","3","74","0"
"20:7:4:242 (H:m:s:ms)","20:7:5:0 (H:m:s:ms)","BESTFIT","GENERIC","1","93.072","0.024591222935528324","759","0","3326","1361.3457252862545","3","75","0"
"20:7:7:272 (H:m:s:ms)","20:7:8:0 (H:m:s:ms)","BESTFIT","GENERIC","1","124.13999999999999","0.036200390982099366","732","2","3637","1372.238928860163","3","76","0"
"20:7:10:303 (H:m:s:ms)","20:7:11:0 (H:m:s:ms)","BESTFIT","GENERIC","1","93.076","0.04013690556416234","697","1","1922","1361.3457252862545","3","77","0"
"20:7:16:363 (H:m:s:ms)","20:7:17:0 (H:m:s:ms)","BESTFIT","GENERIC","1","93.066","0.023818450707472745","637","0","3784","1361.3457252862545","3","78","0"
"20:7:22:424 (H:m:s:ms)","20:7:23:0 (H:m:s:ms)","BESTFIT","GENERIC","1","93.054","0.014392989850039332","576","1","3284","1361.3457252862545","3","79","0"
"20:17:26:60 (H:m:s:ms)","20:17:27:0 (H:m:s:ms)","BESTFIT","GENERIC","1","124.12","0.03487194732213358","939","0","1401","1361.3457252862545","3","180","0"
"20:17:27:272 (H:m:s:ms)","20:17:28:0 (H:m:s:ms)","BESTFIT","GENERIC","1","124.15799999999999","0.02950670918321993","727","0","1788","1372.238928860163","3","181","0"
"20:17:30:303 (H:m:s:ms)","20:17:31:0 (H:m:s:ms)","BESTFIT","GENERIC","1","124.162","0.033288789877496054","697","0","3192","6022.24227692596","3","182","0"
"20:17:32:727 (H:m:s:ms)","20:17:33:0 (H:m:s:ms)","BESTFIT","GENERIC","1","124.08","0.03322451019748063","273","0","1414","1361.3457252862545","3","183","0"
"20:17:35:757 (H:m:s:ms)","20:17:36:0 (H:m:s:ms)","BESTFIT","GENERIC","1","124.16399999999999","0.04516772688334732","243","0","4945","1372.238928860163","3","184","0"
"20:17:55:757 (H:m:s:ms)","20:17:56:0 (H:m:s:ms)","BESTFIT","GENERIC","1","124.158","0.02459549582260631","243","0","3118","1361.3457252862545","3","185","0"
"20:17:57:575 (H:m:s:ms)","20:17:58:0 (H:m:s:ms)","BESTFIT","GENERIC","1","124.112","0.033603283014619546","425","1","1272","1372.238928860163","3","186","0"
"20:18:2:424 (H:m:s:ms)","20:18:3:0 (H:m:s:ms)","BESTFIT","GENERIC","1","124.134","0.036011203872973255","576","0","3571","1361.3457252862545","3","187","0"
"20:18:8:484 (H:m:s:ms)","20:18:9:0 (H:m:s:ms)","BESTFIT","GENERIC","1","124.096","0.030670611559834776","516","0","3731","1361.3457252862545","3","188","0"
"20:18:11:515 (H:m:s:ms)","20:18:12:0 (H:m:s:ms)","BESTFIT","GENERIC","1","124.114","0.03687462681604602","484","0","4389","1372.238928860163","3","189","0"
"20:7:28:484 (H:m:s:ms)","20:7:29:0 (H:m:s:ms)","BESTFIT","GENERIC","1","93.071","0.015653621658911248","515","0","4292","1361.3457252862545","3","80","0"
"20:7:34:545 (H:m:s:ms)","20:7:35:0 (H:m:s:ms)","BESTFIT","GENERIC","1","93.054","0.029083258244591875","455","0","1040","1361.3457252862545","3","81","0"
"20:7:40:606 (H:m:s:ms)","20:7:41:0 (H:m:s:ms)","BESTFIT","GENERIC","1","93.082","0.02865048230205418","393","0","2493","1361.3457252862545","3","82","0"
"20:7:46:666 (H:m:s:ms)","20:7:47:0 (H:m:s:ms)","BESTFIT","GENERIC","1","93.075","0.026323742876597014","333","0","2361","1361.3457252862545","3","83","0"
"20:7:52:727 (H:m:s:ms)","20:7:53:0 (H:m:s:ms)","BESTFIT","GENERIC","1","93.053","0.024804647358120453","273","1","4813","1361.3457252862545","3","84","0"
"20:7:58:787 (H:m:s:ms)","20:7:59:0 (H:m:s:ms)","BESTFIT","GENERIC","1","93.083","0.033017793782234156","212","0","4816","1361.3457252862545","3","85","0"
"20:8:4:848 (H:m:s:ms)","20:8:5:0 (H:m:s:ms)","BESTFIT","GENERIC","1","93.083","0.026284447054172242","152","0","1991","1361.3457252862545","3","86","0"
"20:8:6:666 (H:m:s:ms)","20:8:7:0 (H:m:s:ms)","BESTFIT","GENERIC","1","124.136","0.03162738169249831","334","0","2766","1372.238928860163","3","87","0"
"20:8:10:909 (H:m:s:ms)","20:8:12:0 (H:m:s:ms)","BESTFIT","GENERIC","1","93.05","0.026252029062847","1091","0","3075","1361.3457252862545","3","88","0"
"20:8:14:545 (H:m:s:ms)","20:8:15:0 (H:m:s:ms)","BESTFIT","GENERIC","1","124.11","0.030538578756637447","456","0","2852","1372.238928860163","3","89","0"
"20:18:29:90 (H:m:s:ms)","20:18:30:0 (H:m:s:ms)","BESTFIT","GENERIC","1","124.082","0.024149178163048596","1109","0","1952","1361.3457252862545","3","190","0"
"20:18:36:363 (H:m:s:ms)","20:18:37:0 (H:m:s:ms)","BESTFIT","GENERIC","1","124.094","0.030682830667943715","636","0","3724","1361.3457252862545","3","191","0"
"20:18:44:848 (H:m:s:ms)","20:18:45:0 (H:m:s:ms)","BESTFIT","GENERIC","1","124.062","0.02766467129129616","153","0","2579","1361.3457252862545","3","192","0"
"20:18:47:878 (H:m:s:ms)","20:18:49:0 (H:m:s:ms)","BESTFIT","GENERIC","1","124.15","0.040908670073734645","1121","0","4413","1372.238928860163","3","193","0"
"20:19:10:303 (H:m:s:ms)","20:19:11:0 (H:m:s:ms)","BESTFIT","GENERIC","1","124.124","0.020539236527933963","697","1","2891","1361.3457252862545","3","194","0"
"20:19:17:575 (H:m:s:ms)","20:19:18:0 (H:m:s:ms)","BESTFIT","GENERIC","1","124.136","0.03284277505465605","425","0","1151","1361.3457252862545","3","195","0"
"20:19:23:30 (H:m:s:ms)","20:19:24:0 (H:m:s:ms)","BESTFIT","GENERIC","1","124.15","0.029533344049106253","969","0","3129","1361.3457252862545","3","196","0"
"20:19:24:242 (H:m:s:ms)","20:19:25:0 (H:m:s:ms)","BESTFIT","GENERIC","1","124.108","0.03735506056526939","758","0","2121","1372.238928860163","3","197","0"
"20:19:31:515 (H:m:s:ms)","20:19:32:0 (H:m:s:ms)","BESTFIT","GENERIC","1","124.06","0.02825693466195636","484","0","3693","1361.3457252862545","3","198","0"
"20:19:33:333 (H:m:s:ms)","20:19:34:0 (H:m:s:ms)","BESTFIT","GENERIC","1","124.114","0.03893923034221982","667","0","1288","1372.238928860163","3","199","0"
"20:8:16:969 (H:m:s:ms)","20:8:18:0 (H:m:s:ms)","BESTFIT","GENERIC","1","93.076","0.03547454770579287","1031","0","4704","1361.3457252862545","3","90","0"
"20:8:23:30 (H:m:s:ms)","20:8:24:0 (H:m:s:ms)","BESTFIT","GENERIC","1","93.089","0.025869221353048904","970","0","3669","1361.3457252862545","3","91","0"
"20:8:29:90 (H:m:s:ms)","20:8:30:0 (H:m:s:ms)","BESTFIT","GENERIC","1","93.055","0.03131696425893024","985","0","1013","1361.3457252862545","3","92","0"
"20:8:35:151 (H:m:s:ms)","20:8:36:0 (H:m:s:ms)","BESTFIT","GENERIC","1","93.06","0.026471497548053675","848","0","2379","1361.3457252862545","3","93","0"
"20:8:41:212 (H:m:s:ms)","20:8:42:0 (H:m:s:ms)","BESTFIT","GENERIC","1","93.064","0.025883707187272807","787","0","3855","1361.3457252862545","3","94","0"
"20:8:47:272 (H:m:s:ms)","20:8:48:0 (H:m:s:ms)","BESTFIT","GENERIC","1","93.048","0.027777780354565948","727","0","1194","1361.3457252862545","3","95","0"
"20:8:49:90 (H:m:s:ms)","20:8:50:0 (H:m:s:ms)","BESTFIT","GENERIC","1","124.124","0.03510926830884022","975","0","2160","1372.238928860163","3","96","0"
"20:8:53:333 (H:m:s:ms)","20:8:54:0 (H:m:s:ms)","BESTFIT","GENERIC","1","93.066","0.03097872746500901","666","0","1781","1361.3457252862545","3","97","0"
"20:8:59:393 (H:m:s:ms)","20:9:0:0 (H:m:s:ms)","BESTFIT","GENERIC","1","93.092","0.01907913186198535","722","0","1828","1361.3457252862545","3","98","0"
"20:9:5:454 (H:m:s:ms)","20:9:6:0 (H:m:s:ms)","BESTFIT","GENERIC","1","93.06","0.022339904570890978","546","1","3881","1361.3457252862545","3","99","0"
"21:42:44:848 (H:m:s:ms)","21:42:45:0 (H:m:s:ms)","BESTFIT","GENERIC","1","124.078","0.04323820333353975","156","0","4439","1372.238928860163","3","1206","0"
"21:42:41:818 (H:m:s:ms)","21:42:42:0 (H:m:s:ms)","BESTFIT","GENERIC","1","124.09","0.03590402536805062","181","0","1325","1361.3457252862545","3","1205","0"
"21:42:40:606 (H:m:s:ms)","21:42:41:0 (H:m:s:ms)","BESTFIT","GENERIC","1","124.21799999999999","0.039987929124734645","394","1","2019","6022.24227692596","3","1204","0"
"21:42:35:757 (H:m:s:ms)","21:42:36:0 (H:m:s:ms)","BESTFIT","GENERIC","1","124.16399999999999","0.03411740968778708","242","0","3352","1372.238928860163","3","1203","0"
"21:42:35:151 (H:m:s:ms)","21:42:36:0 (H:m:s:ms)","BESTFIT","GENERIC","1","124.092","0.02459549582260631","848","0","1131","1361.3457252862545","3","1202","0"
"21:42:28:484 (H:m:s:ms)","21:42:29:0 (H:m:s:ms)","BESTFIT","GENERIC","1","124.112","0.019002754251433714","515","0","2990","1361.3457252862545","3","1201","0"
"21:42:15:151 (H:m:s:ms)","21:42:16:0 (H:m:s:ms)","BESTFIT","GENERIC","1","124.108","0.027622512043565618","848","0","1482","1361.3457252862545","3","1200","0"
"21:43:15:757 (H:m:s:ms)","21:43:16:0 (H:m:s:ms)","BESTFIT","GENERIC","1","124.084","0.0278567198587167","242","0","3609","1361.3457252862545","3","1209","0"
"21:43:4:242 (H:m:s:ms)","21:43:5:0 (H:m:s:ms)","BESTFIT","GENERIC","1","124.132","0.04133184184705247","761","0","4736","1372.238928860163","3","1208","0"
"21:43:3:797 (H:m:s:ms)","21:43:4:0 (H:m:s:ms)","BESTFIT","OPERA","1","124.042","0.024738739997180802","202","0","1255","1361.3457252862545","3","1207","0"
