"requestTime","placementTime","approach","type","solved","latency","utilisation","waiting","execution","maxResponseTime","totalDistance","numberServers","jobId","episode"
"21:41:54:545 (H:m:s:ms)","21:41:55:0 (H:m:s:ms)","BESTFIT","GENERIC","1","62.049","0.010962724404325285","457","0","4266","0.0","1","1220","0"
"21:41:14:545 (H:m:s:ms)","21:41:15:0 (H:m:s:ms)","BESTFIT","GENERIC","1","62.145","0.020204955111744097","457","0","2756","0.0","1","1217","0"
"21:41:12:727 (H:m:s:ms)","21:41:13:0 (H:m:s:ms)","BESTFIT","GENERIC","1","62.039","0.009820927516479816","273","0","4747","0.0","1","1216","0"
"21:41:4:848 (H:m:s:ms)","21:41:5:0 (H:m:s:ms)","BESTFIT","GENERIC","1","62.103","0.02553883394886086","155","0","3276","0.0","1","1215","0"
"21:41:1:818 (H:m:s:ms)","21:41:2:0 (H:m:s:ms)","BESTFIT","GENERIC","1","62.115","0.021454202036389886","181","0","2843","0.0","1","1214","0"
"21:40:57:575 (H:m:s:ms)","21:40:58:0 (H:m:s:ms)","BESTFIT","GENERIC","1","62.031","0.026284071471801312","424","0","3452","0.0","1","1213","0"
"21:40:52:727 (H:m:s:ms)","21:40:53:0 (H:m:s:ms)","BESTFIT","GENERIC","1","62.091","0.02666692488649899","272","0","3197","0.0","1","1212","0"
"21:40:52:405 (H:m:s:ms)","21:40:53:0 (H:m:s:ms)","BESTFIT","OPERA","1","62.015","0.02192544880865057","594","0","1226","0.0","1","1211","0"
"21:40:50:909 (H:m:s:ms)","21:40:52:0 (H:m:s:ms)","BESTFIT","GENERIC","1","62.137","0.01289665581220754","1090","0","4021","0.0","1","1210","0"
"21:41:49:696 (H:m:s:ms)","21:41:50:0 (H:m:s:ms)","BESTFIT","GENERIC","1","62.135","0.00644832790610377","329","0","4657","0.0","1","1219","0"
"21:41:33:939 (H:m:s:ms)","21:41:35:0 (H:m:s:ms)","BESTFIT","GENERIC","1","62.025","0.00644832790610377","1063","0","1425","0.0","1","1218","0"
"21:42:38:181 (H:m:s:ms)","21:42:39:0 (H:m:s:ms)","BESTFIT","GENERIC","1","62.039","0.021892506179849263","818","0","4143","0.0","1","1231","0"
"21:42:36:969 (H:m:s:ms)","21:42:38:0 (H:m:s:ms)","BESTFIT","GENERIC","1","62.085","0.026554167288052814","1031","0","2945","0.0","1","1230","0"
"21:42:26:60 (H:m:s:ms)","21:42:27:0 (H:m:s:ms)","BESTFIT","GENERIC","1","62.111","0.019134409544302535","939","0","3952","0.0","1","1228","0"
"20:0:0:0 (H:m:s:ms)","20:0:1:0 (H:m:s:ms)","BESTFIT","GENERIC","1","31.082","0.01289665581220754","1085","2","4849","0.0","1","1","0"
"21:42:23:30 (H:m:s:ms)","21:42:24:0 (H:m:s:ms)","BESTFIT","GENERIC","1","62.113","0.00644832790610377","969","0","4656","0.0","1","1227","0"
"20:0:6:60 (H:m:s:ms)","20:0:7:0 (H:m:s:ms)","BESTFIT","GENERIC","1","31.04","0.01576795033882078","943","1","3827","0.0","1","2","0"
"21:42:12:121 (H:m:s:ms)","21:42:13:0 (H:m:s:ms)","BESTFIT","GENERIC","1","62.029","0.012072597046671591","878","0","4727","0.0","1","1226","0"
"20:0:12:121 (H:m:s:ms)","20:0:13:0 (H:m:s:ms)","BESTFIT","GENERIC","1","31.017","0.017870610245943306","879","1","2757","0.0","1","3","0"
"21:42:6:60 (H:m:s:ms)","21:42:7:0 (H:m:s:ms)","BESTFIT","GENERIC","1","62.077","0.022428715468547345","939","0","2619","0.0","1","1225","0"
"20:0:18:181 (H:m:s:ms)","20:0:19:0 (H:m:s:ms)","BESTFIT","GENERIC","1","31.011","0.01289665581220754","818","0","2183","0.0","1","4","0"
"21:42:3:636 (H:m:s:ms)","21:42:4:0 (H:m:s:ms)","BESTFIT","GENERIC","1","62.145","0.030657525770899936","363","0","1917","0.0","1","1224","0"
"20:0:24:242 (H:m:s:ms)","20:0:25:0 (H:m:s:ms)","BESTFIT","GENERIC","1","31.032","0.018437321992351735","759","0","4863","0.0","1","5","0"
"21:42:0:0 (H:m:s:ms)","21:42:1:0 (H:m:s:ms)","BESTFIT","GENERIC","1","62.161","0.026350454973777474","1024","0","2967","0.0","1","1223","0"
"20:0:30:303 (H:m:s:ms)","20:0:31:0 (H:m:s:ms)","BESTFIT","GENERIC","1","31.047","0.00644832790610377","697","0","2316","0.0","1","6","0"
"21:42:0:0 (H:m:s:ms)","21:42:1:0 (H:m:s:ms)","BESTFIT","GENERIC","1","62.095","0.025135423589527334","1024","0","1595","0.0","1","1222","0"
"20:0:36:363 (H:m:s:ms)","20:0:37:0 (H:m:s:ms)","BESTFIT","GENERIC","1","31.056","0.009820927516479816","636","0","4060","0.0","1","7","0"
"21:42:0:0 (H:m:s:ms)","21:42:1:0 (H:m:s:ms)","BESTFIT","OPERA","1","62.015","0.017870610245943306","1024","0","1906","0.0","1","1221","0"
"20:0:42:424 (H:m:s:ms)","20:0:43:0 (H:m:s:ms)","BESTFIT","GENERIC","1","31.053","0.012072597046671591","575","0","4533","0.0","1","8","0"
"21:8:55:757 (H:m:s:ms)","21:8:56:0 (H:m:s:ms)","BESTFIT","GENERIC","1","62.061","0.025292185595122387","242","0","4197","0.0","1","800","0"
"20:0:48:484 (H:m:s:ms)","20:0:49:0 (H:m:s:ms)","BESTFIT","GENERIC","1","31.038","0.00644832790610377","516","0","2146","0.0","1","9","0"
"21:8:59:393 (H:m:s:ms)","21:9:0:0 (H:m:s:ms)","BESTFIT","GENERIC","1","62.095","0.025292185595122387","626","0","2134","0.0","1","801","0"
"21:9:9:696 (H:m:s:ms)","21:9:10:0 (H:m:s:ms)","BESTFIT","GENERIC","1","62.099","0.00788397516941039","327","0","3061","0.0","1","802","0"
"21:9:13:939 (H:m:s:ms)","21:9:15:0 (H:m:s:ms)","BESTFIT","GENERIC","1","62.093","0.012055712523557234","1063","0","3816","0.0","1","803","0"
"21:9:16:708 (H:m:s:ms)","21:9:17:0 (H:m:s:ms)","BESTFIT","OPERA","1","62.015","0.015100071593294247","291","0","1495","0.0","1","804","0"
"21:9:22:424 (H:m:s:ms)","21:9:23:0 (H:m:s:ms)","BESTFIT","GENERIC","1","62.081","0.00644832790610377","575","0","3264","0.0","1","805","0"
"21:9:24:242 (H:m:s:ms)","21:9:25:0 (H:m:s:ms)","BESTFIT","GENERIC","1","62.061","0.01117576324051892","761","0","1885","0.0","1","806","0"
"21:9:34:545 (H:m:s:ms)","21:9:35:0 (H:m:s:ms)","BESTFIT","GENERIC","1","62.053","0.02054846390849274","457","0","2873","0.0","1","807","0"
"21:42:31:898 (H:m:s:ms)","21:42:33:0 (H:m:s:ms)","BESTFIT","OPERA","1","62.015","0.019344983718311257","1101","0","3142","0.0","1","1229","0"
"21:9:38:787 (H:m:s:ms)","21:9:39:0 (H:m:s:ms)","BESTFIT","GENERIC","1","62.099","0.03360717920856363","212","0","4534","0.0","1","808","0"
"21:9:56:842 (H:m:s:ms)","21:9:57:0 (H:m:s:ms)","BESTFIT","AMBULANCE","1","31.048","0.01289665581220754","157","0","1367","0.0","1","809","0"
"21:25:8:484 (H:m:s:ms)","21:25:9:0 (H:m:s:ms)","BESTFIT","GENERIC","1","62.077","0.02237423587363376","515","0","2900","0.0","1","1000","0"
"21:43:9:90 (H:m:s:ms)","21:43:10:0 (H:m:s:ms)","BESTFIT","GENERIC","1","62.031","0.021227124164454752","931","0","2397","0.0","1","1242","0"
"21:43:7:272 (H:m:s:ms)","21:43:8:0 (H:m:s:ms)","BESTFIT","GENERIC","1","62.035","0.019344983718311257","727","0","2394","0.0","1","1241","0"
"21:42:59:393 (H:m:s:ms)","21:43:0:0 (H:m:s:ms)","BESTFIT","GENERIC","1","62.095","0.0365407246805081","627","0","3767","0.0","1","1240","0"
"21:42:58:787 (H:m:s:ms)","21:42:59:0 (H:m:s:ms)","BESTFIT","GENERIC","1","62.115","0.03329699393268157","212","0","1694","0.0","1","1239","0"
"21:42:58:181 (H:m:s:ms)","21:42:59:0 (H:m:s:ms)","BESTFIT","GENERIC","1","62.097","0.020106799990966182","818","0","3428","0.0","1","1238","0"
"21:42:55:151 (H:m:s:ms)","21:42:56:0 (H:m:s:ms)","BESTFIT","GENERIC","1","62.177","0.022878799697754883","848","0","4016","0.0","1","1237","0"
"21:42:52:121 (H:m:s:ms)","21:42:53:0 (H:m:s:ms)","BESTFIT","GENERIC","1","62.083","0.022878799697754883","879","0","2953","0.0","1","1236","0"
"21:42:51:645 (H:m:s:ms)","21:42:52:0 (H:m:s:ms)","BESTFIT","OPERA","1","62.015","0.026350454973777474","354","0","4194","0.0","1","1235","0"
"21:42:47:878 (H:m:s:ms)","21:42:49:0 (H:m:s:ms)","BESTFIT","GENERIC","1","62.089","0.03299476006100175","1121","0","4513","0.0","1","1234","0"
"21:42:46:666 (H:m:s:ms)","21:42:47:0 (H:m:s:ms)","BESTFIT","GENERIC","1","62.025","0.0320493851192429","333","0","1284","0.0","1","1233","0"
"21:9:58:181 (H:m:s:ms)","21:9:59:0 (H:m:s:ms)","BESTFIT","GENERIC","1","62.097","0.029482976924937277","819","0","4084","0.0","1","810","0"
"21:42:43:30 (H:m:s:ms)","21:42:44:0 (H:m:s:ms)","BESTFIT","GENERIC","1","62.089","0.029269583889543295","969","0","4253","0.0","1","1232","0"
"21:10:0:0 (H:m:s:ms)","21:10:1:0 (H:m:s:ms)","BESTFIT","GENERIC","1","62.095","0.03168256055533436","1024","0","4467","0.0","1","811","0"
"21:10:0:0 (H:m:s:ms)","21:10:1:0 (H:m:s:ms)","BESTFIT","GENERIC","1","62.163","0.035624116766719796","1025","0","4178","0.0","1","812","0"
"21:10:1:212 (H:m:s:ms)","21:10:2:0 (H:m:s:ms)","BESTFIT","GENERIC","1","62.051","0.03595572029330564","787","0","4943","0.0","1","813","0"
"21:10:2:424 (H:m:s:ms)","21:10:3:0 (H:m:s:ms)","BESTFIT","GENERIC","1","62.121","0.03595572029330564","575","0","3491","0.0","1","814","0"
"21:10:3:636 (H:m:s:ms)","21:10:4:0 (H:m:s:ms)","BESTFIT","GENERIC","1","62.145","0.04427848142833211","363","0","2491","0.0","1","815","0"
"21:10:4:848 (H:m:s:ms)","21:10:5:0 (H:m:s:ms)","BESTFIT","GENERIC","1","62.103","0.044480476632103305","153","0","3943","0.0","1","816","0"
"21:10:20:606 (H:m:s:ms)","21:10:21:0 (H:m:s:ms)","BESTFIT","GENERIC","1","62.035","0.014163943093313295","393","0","3332","0.0","1","817","0"
"21:10:32:121 (H:m:s:ms)","21:10:33:0 (H:m:s:ms)","BESTFIT","GENERIC","1","62.025","0.019344983718311257","880","0","3814","0.0","1","818","0"
"21:10:32:727 (H:m:s:ms)","21:10:33:0 (H:m:s:ms)","BESTFIT","GENERIC","1","62.079","0.032699811451750695","272","0","3764","0.0","1","819","0"
"21:25:30:303 (H:m:s:ms)","21:25:31:0 (H:m:s:ms)","BESTFIT","GENERIC","1","62.091","0.025135423589527334","696","0","3905","0.0","1","1011","0"
"21:44:32:121 (H:m:s:ms)","21:44:33:0 (H:m:s:ms)","BESTFIT","GENERIC","1","62.025","0.02054846390849274","878","0","2516","0.0","1","1253","0"
"21:25:27:341 (H:m:s:ms)","21:25:28:0 (H:m:s:ms)","BESTFIT","OPERA","1","62.015","0.021454202036389886","658","0","3665","0.0","1","1010","0"
"21:44:8:484 (H:m:s:ms)","21:44:9:0 (H:m:s:ms)","BESTFIT","GENERIC","1","62.077","0.021642667036297986","515","0","4901","0.0","1","1252","0"
"21:44:7:878 (H:m:s:ms)","21:44:9:0 (H:m:s:ms)","BESTFIT","GENERIC","1","62.049","0.012019217579395567","1121","0","1155","0.0","1","1251","0"
"21:44:2:424 (H:m:s:ms)","21:44:3:0 (H:m:s:ms)","BESTFIT","GENERIC","1","62.121","0.00788397516941039","575","0","2350","0.0","1","1250","0"
"21:25:21:212 (H:m:s:ms)","21:25:22:0 (H:m:s:ms)","BESTFIT","GENERIC","1","62.031","0.022340205341036912","787","0","4356","0.0","1","1008","0"
"21:25:20:506 (H:m:s:ms)","21:25:21:0 (H:m:s:ms)","BESTFIT","OPERA","1","62.015","0.016942729531970974","493","0","4218","0.0","1","1007","0"
"21:43:56:363 (H:m:s:ms)","21:43:57:0 (H:m:s:ms)","BESTFIT","GENERIC","1","62.061","0.030992954542303438","636","0","1473","0.0","1","1249","0"
"21:25:18:987 (H:m:s:ms)","21:25:20:0 (H:m:s:ms)","BESTFIT","OPERA","1","62.015","0.01615150100343535","1046","0","3063","0.0","1","1006","0"
"21:43:53:333 (H:m:s:ms)","21:43:54:0 (H:m:s:ms)","BESTFIT","GENERIC","1","62.131","0.029980378975681916","666","0","1305","0.0","1","1248","0"
"21:25:17:575 (H:m:s:ms)","21:25:18:0 (H:m:s:ms)","BESTFIT","GENERIC","1","62.135","0.020226123752718133","424","0","3430","0.0","1","1005","0"
"21:43:50:886 (H:m:s:ms)","21:43:52:0 (H:m:s:ms)","BESTFIT","OPERA","1","62.015","0.014163943093313295","1113","0","3055","0.0","1","1247","0"
"21:25:15:949 (H:m:s:ms)","21:25:17:0 (H:m:s:ms)","BESTFIT","OPERA","1","62.015","0.025439162588127173","1050","0","4595","0.0","1","1004","0"
"21:43:40:0 (H:m:s:ms)","21:43:41:0 (H:m:s:ms)","BESTFIT","GENERIC","1","62.091","0.014163943093313295","1030","0","2414","0.0","1","1246","0"
"21:25:13:670 (H:m:s:ms)","21:25:14:0 (H:m:s:ms)","BESTFIT","OPERA","1","62.015","0.02543209364948683","329","0","4843","0.0","1","1003","0"
"21:43:20:0 (H:m:s:ms)","21:43:21:0 (H:m:s:ms)","BESTFIT","GENERIC","1","62.087","0.029980378975681916","1028","0","4375","0.0","1","1245","0"
"21:10:53:333 (H:m:s:ms)","21:10:54:0 (H:m:s:ms)","BESTFIT","GENERIC","1","62.131","0.018437321992351735","666","0","3939","0.0","1","820","0"
"21:25:12:151 (H:m:s:ms)","21:25:13:0 (H:m:s:ms)","BESTFIT","OPERA","1","62.015","0.023961026484014495","848","0","2966","0.0","1","1002","0"
"21:43:15:757 (H:m:s:ms)","21:43:16:0 (H:m:s:ms)","BESTFIT","GENERIC","1","62.077","0.031851869579750794","243","1","1126","0.0","1","1244","0"
"21:11:0:0 (H:m:s:ms)","21:11:1:0 (H:m:s:ms)","BESTFIT","OPERA","1","31.009","0.01289665581220754","1019","0","3886","0.0","1","821","0"
"21:25:11:515 (H:m:s:ms)","21:25:12:0 (H:m:s:ms)","BESTFIT","GENERIC","1","62.081","0.02237423587363376","484","0","1872","0.0","1","1001","0"
"21:43:13:333 (H:m:s:ms)","21:43:14:0 (H:m:s:ms)","BESTFIT","GENERIC","1","62.067","0.019896098286814604","666","0","1134","0.0","1","1243","0"
"21:11:0:0 (H:m:s:ms)","21:11:1:0 (H:m:s:ms)","BESTFIT","AMBULANCE","1","62.017","0.02192544880865057","1019","0","1272","0.0","1","822","0"
"21:11:0:759 (H:m:s:ms)","21:11:1:0 (H:m:s:ms)","BESTFIT","OPERA","1","62.015","0.02666692488649899","240","0","4088","0.0","1","823","0"
"21:11:1:818 (H:m:s:ms)","21:11:2:0 (H:m:s:ms)","BESTFIT","GENERIC","1","62.115","0.028406799867635127","181","0","3457","0.0","1","824","0"
"21:11:7:272 (H:m:s:ms)","21:11:8:0 (H:m:s:ms)","BESTFIT","GENERIC","1","62.035","0.00788397516941039","727","0","3796","0.0","1","825","0"
"21:11:16:969 (H:m:s:ms)","21:11:18:0 (H:m:s:ms)","BESTFIT","GENERIC","1","62.053","0.012072597046671591","1030","0","3826","0.0","1","826","0"
"21:11:19:393 (H:m:s:ms)","21:11:20:0 (H:m:s:ms)","BESTFIT","GENERIC","1","62.077","0.021637650477151743","628","0","2223","0.0","1","827","0"
"21:11:25:822 (H:m:s:ms)","21:11:26:0 (H:m:s:ms)","BESTFIT","OPERA","1","62.015","0.012072597046671591","178","0","1920","0.0","1","828","0"
"21:11:27:878 (H:m:s:ms)","21:11:29:0 (H:m:s:ms)","BESTFIT","GENERIC","1","62.067","0.014943085507339743","1121","0","2296","0.0","1","829","0"
"21:25:23:636 (H:m:s:ms)","21:25:24:0 (H:m:s:ms)","BESTFIT","GENERIC","1","62.059","0.020525889183813557","363","0","3296","0.0","1","1009","0"
"21:26:19:746 (H:m:s:ms)","21:26:20:0 (H:m:s:ms)","BESTFIT","OPERA","1","62.015","0.01576795033882078","284","0","4227","0.0","1","1022","0"
"21:45:45:454 (H:m:s:ms)","21:45:46:0 (H:m:s:ms)","BESTFIT","GENERIC","1","62.047","0.01289665581220754","545","0","1466","0.0","1","1264","0"
"21:26:10:909 (H:m:s:ms)","21:26:12:0 (H:m:s:ms)","BESTFIT","GENERIC","1","62.019","0.03334309394516351","1090","0","1578","0.0","1","1021","0"
"21:45:38:734 (H:m:s:ms)","21:45:39:0 (H:m:s:ms)","BESTFIT","OPERA","1","62.015","0.009820927516479816","265","0","1522","0.0","1","1263","0"
"21:26:10:632 (H:m:s:ms)","21:26:11:0 (H:m:s:ms)","BESTFIT","OPERA","1","62.017","0.031486876313260345","367","0","1925","0.0","1","1020","0"
"21:45:27:272 (H:m:s:ms)","21:45:28:0 (H:m:s:ms)","BESTFIT","GENERIC","1","62.057","0.014163943093313295","727","0","4297","0.0","1","1262","0"
"21:45:13:939 (H:m:s:ms)","21:45:15:0 (H:m:s:ms)","BESTFIT","GENERIC","1","62.093","0.03828051082697728","1062","0","2328","0.0","1","1261","0"
"21:45:11:515 (H:m:s:ms)","21:45:12:0 (H:m:s:ms)","BESTFIT","GENERIC","1","62.081","0.03499405823657279","484","0","1601","0.0","1","1260","0"
"21:26:10:303 (H:m:s:ms)","21:26:11:0 (H:m:s:ms)","BESTFIT","GENERIC","1","62.109","0.029269583889543295","697","0","1000","0.0","1","1019","0"
"21:26:7:594 (H:m:s:ms)","21:26:8:0 (H:m:s:ms)","BESTFIT","OPERA","1","62.015","0.012072597046671591","405","0","3190","0.0","1","1018","0"
"21:25:50:909 (H:m:s:ms)","21:25:52:0 (H:m:s:ms)","BESTFIT","GENERIC","1","62.137","0.00788397516941039","1090","0","1574","0.0","1","1017","0"
"21:45:10:909 (H:m:s:ms)","21:45:12:0 (H:m:s:ms)","BESTFIT","GENERIC","1","62.019","0.03360717920856363","1090","0","4313","0.0","1","1259","0"
"21:25:44:848 (H:m:s:ms)","21:25:45:0 (H:m:s:ms)","BESTFIT","GENERIC","1","62.067","0.017510044443383242","153","0","3187","0.0","1","1016","0"
"21:45:9:696 (H:m:s:ms)","21:45:10:0 (H:m:s:ms)","BESTFIT","GENERIC","1","62.099","0.02054846390849274","326","0","3253","0.0","1","1258","0"
"21:25:41:818 (H:m:s:ms)","21:25:42:0 (H:m:s:ms)","BESTFIT","GENERIC","1","62.147","0.03019356543419312","181","0","2554","0.0","1","1015","0"
"21:45:1:212 (H:m:s:ms)","21:45:2:0 (H:m:s:ms)","BESTFIT","GENERIC","1","62.053","0.009820927516479816","787","0","4190","0.0","1","1257","0"
"21:11:28:421 (H:m:s:ms)","21:11:29:0 (H:m:s:ms)","BESTFIT","AMBULANCE","1","31.025","0.01962304471320104","578","0","1382","0.0","1","830","0"
"21:25:38:181 (H:m:s:ms)","21:25:39:0 (H:m:s:ms)","BESTFIT","GENERIC","1","62.039","0.02785810752504684","818","0","2142","0.0","1","1014","0"
"21:44:53:164 (H:m:s:ms)","21:44:54:0 (H:m:s:ms)","BESTFIT","OPERA","1","62.015","0.00788397516941039","836","0","3863","0.0","1","1256","0"
"21:11:33:333 (H:m:s:ms)","21:11:34:0 (H:m:s:ms)","BESTFIT","GENERIC","1","62.109","0.01741367584059844","666","0","3801","0.0","1","831","0"
"21:25:36:363 (H:m:s:ms)","21:25:37:0 (H:m:s:ms)","BESTFIT","GENERIC","1","62.109","0.010478533655996462","636","0","2359","0.0","1","1013","0"
"21:44:47:272 (H:m:s:ms)","21:44:48:0 (H:m:s:ms)","BESTFIT","GENERIC","1","62.059","0.012072597046671591","727","0","2700","0.0","1","1255","0"
"21:11:44:242 (H:m:s:ms)","21:11:45:0 (H:m:s:ms)","BESTFIT","GENERIC","1","62.143","0.018437321992351735","758","0","1746","0.0","1","832","0"
"21:25:30:909 (H:m:s:ms)","21:25:32:0 (H:m:s:ms)","BESTFIT","GENERIC","1","62.159","0.026008363635267064","1090","0","1290","0.0","1","1012","0"
"21:44:39:393 (H:m:s:ms)","21:44:40:0 (H:m:s:ms)","BESTFIT","GENERIC","1","62.047","0.014163943093313295","630","0","4961","0.0","1","1254","0"
"21:11:45:569 (H:m:s:ms)","21:11:46:0 (H:m:s:ms)","BESTFIT","OPERA","1","62.015","0.02553883394886086","430","0","4601","0.0","1","833","0"
"21:11:47:878 (H:m:s:ms)","21:11:49:0 (H:m:s:ms)","BESTFIT","GENERIC","1","62.089","0.026152652631561277","1121","0","1325","0.0","1","834","0"
"21:11:51:645 (H:m:s:ms)","21:11:52:0 (H:m:s:ms)","BESTFIT","OPERA","1","62.015","0.013379869973703981","354","0","2133","0.0","1","835","0"
"21:11:55:151 (H:m:s:ms)","21:11:56:0 (H:m:s:ms)","BESTFIT","GENERIC","1","62.177","0.021642667036297986","848","0","1383","0.0","1","836","0"
"21:11:58:787 (H:m:s:ms)","21:11:59:0 (H:m:s:ms)","BESTFIT","GENERIC","1","62.115","0.021637650477151743","212","0","3193","0.0","1","837","0"
"21:12:11:515 (H:m:s:ms)","21:12:12:0 (H:m:s:ms)","BESTFIT","GENERIC","1","62.081","0.01576795033882078","484","0","1315","0.0","1","838","0"
"21:12:13:333 (H:m:s:ms)","21:12:14:0 (H:m:s:ms)","BESTFIT","GENERIC","1","62.067","0.031142919591750647","666","0","3628","0.0","1","839","0"
"21:26:52:727 (H:m:s:ms)","21:26:53:0 (H:m:s:ms)","BESTFIT","GENERIC","1","62.091","0.012019217579395567","272","0","4595","0.0","1","1033","0"
"21:47:0:0 (H:m:s:ms)","21:47:1:0 (H:m:s:ms)","BESTFIT","GENERIC","1","62.095","0.012019217579395567","1021","0","4808","0.0","1","1275","0"
"21:26:44:810 (H:m:s:ms)","21:26:45:0 (H:m:s:ms)","BESTFIT","OPERA","1","62.015","0.026896372736791987","195","0","1789","0.0","1","1032","0"
"21:46:52:727 (H:m:s:ms)","21:46:53:0 (H:m:s:ms)","BESTFIT","GENERIC","1","62.091","0.027460610474954093","273","0","3383","0.0","1","1274","0"
"21:26:44:242 (H:m:s:ms)","21:26:45:0 (H:m:s:ms)","BESTFIT","GENERIC","1","62.143","0.02341586256104983","763","0","2227","0.0","1","1031","0"
"21:46:49:90 (H:m:s:ms)","21:46:50:0 (H:m:s:ms)","BESTFIT","GENERIC","1","62.111","0.023144756690145124","931","0","3310","0.0","1","1273","0"
"21:26:43:291 (H:m:s:ms)","21:26:44:0 (H:m:s:ms)","BESTFIT","OPERA","1","62.015","0.02680403961405622","708","0","4726","0.0","1","1030","0"
"21:46:47:878 (H:m:s:ms)","21:46:49:0 (H:m:s:ms)","BESTFIT","GENERIC","1","62.089","0.027872007787826697","1121","0","4245","0.0","1","1272","0"
"21:46:44:848 (H:m:s:ms)","21:46:45:0 (H:m:s:ms)","BESTFIT","GENERIC","1","62.067","0.023628047075653153","157","0","3918","0.0","1","1271","0"
"21:46:43:636 (H:m:s:ms)","21:46:44:0 (H:m:s:ms)","BESTFIT","GENERIC","1","62.045","0.02310015295090409","363","0","4076","0.0","1","1270","0"
"21:26:41:212 (H:m:s:ms)","21:26:42:0 (H:m:s:ms)","BESTFIT","GENERIC","1","62.045","0.026351875539482983","787","0","1393","0.0","1","1029","0"
"21:26:40:0 (H:m:s:ms)","21:26:41:0 (H:m:s:ms)","BESTFIT","GENERIC","1","62.091","0.021227124164454752","1024","0","3554","0.0","1","1028","0"
"21:26:37:974 (H:m:s:ms)","21:26:39:0 (H:m:s:ms)","BESTFIT","OPERA","1","62.015","0.019344983718311257","1025","0","4005","0.0","1","1027","0"
"21:46:42:424 (H:m:s:ms)","21:46:43:0 (H:m:s:ms)","BESTFIT","GENERIC","1","62.103","0.014163943093313295","575","0","3753","0.0","1","1269","0"
"21:12:14:545 (H:m:s:ms)","21:12:15:0 (H:m:s:ms)","BESTFIT","GENERIC","1","62.145","0.03276321748771173","456","0","3329","0.0","1","840","0"
"21:26:32:658 (H:m:s:ms)","21:26:33:0 (H:m:s:ms)","BESTFIT","OPERA","1","62.015","0.015079042035559867","341","0","3274","0.0","1","1026","0"
"21:46:35:151 (H:m:s:ms)","21:46:36:0 (H:m:s:ms)","BESTFIT","GENERIC","1","62.051","0.00644832790610377","848","0","3374","0.0","1","1268","0"
"21:12:27:272 (H:m:s:ms)","21:12:28:0 (H:m:s:ms)","BESTFIT","GENERIC","1","62.057","0.017870610245943306","727","0","2040","0.0","1","841","0"
"21:26:32:121 (H:m:s:ms)","21:26:33:0 (H:m:s:ms)","BESTFIT","GENERIC","1","62.025","0.012019217579395567","878","0","3191","0.0","1","1025","0"
"21:46:21:818 (H:m:s:ms)","21:46:22:0 (H:m:s:ms)","BESTFIT","GENERIC","1","62.155","0.018390125152122388","181","0","3988","0.0","1","1267","0"
"20:52:40:606 (H:m:s:ms)","20:52:41:0 (H:m:s:ms)","BESTFIT","GENERIC","1","62.049","0.032172207288128925","393","0","1589","0.0","1","600","0"
"21:12:39:393 (H:m:s:ms)","21:12:40:0 (H:m:s:ms)","BESTFIT","GENERIC","1","62.047","0.012072597046671591","632","0","4770","0.0","1","842","0"
"21:26:26:60 (H:m:s:ms)","21:26:27:0 (H:m:s:ms)","BESTFIT","GENERIC","1","62.111","0.0320493851192429","939","0","3946","0.0","1","1024","0"
"21:46:16:708 (H:m:s:ms)","21:46:17:0 (H:m:s:ms)","BESTFIT","OPERA","1","62.015","0.01576795033882078","291","0","3675","0.0","1","1266","0"
"20:52:41:212 (H:m:s:ms)","20:52:42:0 (H:m:s:ms)","BESTFIT","GENERIC","1","62.045","0.033622084686882915","787","0","4784","0.0","1","601","0"
"21:12:41:212 (H:m:s:ms)","21:12:42:0 (H:m:s:ms)","BESTFIT","GENERIC","1","62.045","0.02134400214053801","787","0","2874","0.0","1","843","0"
"21:26:24:242 (H:m:s:ms)","21:26:25:0 (H:m:s:ms)","BESTFIT","GENERIC","1","62.061","0.030967530558667022","759","0","1723","0.0","1","1023","0"
"21:45:57:721 (H:m:s:ms)","21:45:58:0 (H:m:s:ms)","BESTFIT","OPERA","1","62.015","0.012019217579395567","279","0","2245","0.0","1","1265","0"
"20:52:44:242 (H:m:s:ms)","20:52:45:0 (H:m:s:ms)","BESTFIT","GENERIC","1","62.143","0.029925351401185636","761","0","1730","0.0","1","602","0"
"21:12:46:666 (H:m:s:ms)","21:12:47:0 (H:m:s:ms)","BESTFIT","GENERIC","1","62.025","0.02134400214053801","333","0","3312","0.0","1","844","0"
"20:52:47:272 (H:m:s:ms)","20:52:48:0 (H:m:s:ms)","BESTFIT","GENERIC","1","62.059","0.020318045119199244","727","0","1979","0.0","1","603","0"
"21:12:47:272 (H:m:s:ms)","21:12:48:0 (H:m:s:ms)","BESTFIT","GENERIC","1","62.059","0.02945848688799826","727","0","1637","0.0","1","845","0"
"20:52:50:303 (H:m:s:ms)","20:52:51:0 (H:m:s:ms)","BESTFIT","GENERIC","1","62.061","0.02553883394886086","696","0","1538","0.0","1","604","0"
"21:12:48:607 (H:m:s:ms)","21:12:49:0 (H:m:s:ms)","BESTFIT","OPERA","1","62.015","0.029987282268784443","393","1","2191","0.0","1","846","0"
"20:52:53:939 (H:m:s:ms)","20:52:55:0 (H:m:s:ms)","BESTFIT","GENERIC","1","62.069","0.03253560978962433","1063","0","3486","0.0","1","605","0"
"21:12:50:909 (H:m:s:ms)","21:12:52:0 (H:m:s:ms)","BESTFIT","GENERIC","1","62.137","0.033443192615025964","1090","0","3594","0.0","1","847","0"
"20:52:56:969 (H:m:s:ms)","20:52:58:0 (H:m:s:ms)","BESTFIT","GENERIC","1","62.083","0.03376886119123329","1030","0","3232","0.0","1","606","0"
"21:12:54:545 (H:m:s:ms)","21:12:55:0 (H:m:s:ms)","BESTFIT","GENERIC","1","62.049","0.024523631649884706","457","0","4650","0.0","1","848","0"
"20:53:0:0 (H:m:s:ms)","20:53:1:0 (H:m:s:ms)","BESTFIT","GENERIC","1","62.161","0.022327896645401184","1028","0","3601","0.0","1","607","0"
"21:13:9:696 (H:m:s:ms)","21:13:10:0 (H:m:s:ms)","BESTFIT","GENERIC","1","62.099","0.014163943093313295","328","0","2600","0.0","1","849","0"
"20:53:4:848 (H:m:s:ms)","20:53:5:0 (H:m:s:ms)","BESTFIT","GENERIC","1","62.103","0.0132256341859202","153","0","1260","0.0","1","608","0"
"20:53:6:666 (H:m:s:ms)","20:53:7:0 (H:m:s:ms)","BESTFIT","GENERIC","1","62.115","0.02050840021489348","333","0","1231","0.0","1","609","0"
"21:27:46:666 (H:m:s:ms)","21:27:47:0 (H:m:s:ms)","BESTFIT","GENERIC","1","62.025","0.019422140388547525","333","0","1185","0.0","1","1044","0"
"21:47:37:575 (H:m:s:ms)","21:47:38:0 (H:m:s:ms)","BESTFIT","GENERIC","1","62.087","0.02075450349095857","424","0","4817","0.0","1","1286","0"
"21:27:43:636 (H:m:s:ms)","21:27:44:0 (H:m:s:ms)","BESTFIT","GENERIC","1","62.045","0.02310015295090409","363","0","3419","0.0","1","1043","0"
"21:47:34:545 (H:m:s:ms)","21:47:35:0 (H:m:s:ms)","BESTFIT","GENERIC","1","62.053","0.01893955563315721","458","0","3492","0.0","1","1285","0"
"21:27:40:253 (H:m:s:ms)","21:27:41:0 (H:m:s:ms)","BESTFIT","OPERA","1","62.015","0.014163943093313295","746","0","1237","0.0","1","1042","0"
"21:47:31:515 (H:m:s:ms)","21:47:32:0 (H:m:s:ms)","BESTFIT","GENERIC","1","62.093","0.015784747587094836","484","0","3935","0.0","1","1284","0"
"21:27:33:333 (H:m:s:ms)","21:27:34:0 (H:m:s:ms)","BESTFIT","GENERIC","1","62.109","0.009820927516479816","666","0","3855","0.0","1","1041","0"
"21:47:30:909 (H:m:s:ms)","21:47:32:0 (H:m:s:ms)","BESTFIT","GENERIC","1","62.157","0.014943085507339743","1090","0","3446","0.0","1","1283","0"
"21:27:27:272 (H:m:s:ms)","21:27:28:0 (H:m:s:ms)","BESTFIT","GENERIC","1","62.057","0.009820927516479816","727","0","4028","0.0","1","1040","0"
"21:47:29:696 (H:m:s:ms)","21:47:30:0 (H:m:s:ms)","BESTFIT","GENERIC","1","62.105","0.02905317625098706","326","0","3270","0.0","1","1282","0"
"21:47:24:848 (H:m:s:ms)","21:47:25:0 (H:m:s:ms)","BESTFIT","GENERIC","1","62.081","0.027259437801627862","152","0","3857","0.0","1","1281","0"
"21:47:23:636 (H:m:s:ms)","21:47:24:0 (H:m:s:ms)","BESTFIT","GENERIC","1","62.059","0.00644832790610377","363","0","1640","0.0","1","1280","0"
"21:27:12:727 (H:m:s:ms)","21:27:13:0 (H:m:s:ms)","BESTFIT","GENERIC","1","62.039","0.019344983718311257","273","1","2770","0.0","1","1039","0"
"21:13:12:121 (H:m:s:ms)","21:13:13:0 (H:m:s:ms)","BESTFIT","GENERIC","1","62.031","0.030056710896632265","878","0","3246","0.0","1","850","0"
"21:27:1:818 (H:m:s:ms)","21:27:2:0 (H:m:s:ms)","BESTFIT","GENERIC","1","62.115","0.02830905988080951","181","0","1156","0.0","1","1038","0"
"21:13:15:151 (H:m:s:ms)","21:13:16:0 (H:m:s:ms)","BESTFIT","GENERIC","1","62.057","0.029159443266389886","848","0","4438","0.0","1","851","0"
"21:27:1:212 (H:m:s:ms)","21:27:2:0 (H:m:s:ms)","BESTFIT","GENERIC","1","62.051","0.02701529818523672","788","0","1763","0.0","1","1037","0"
"21:47:17:575 (H:m:s:ms)","21:47:18:0 (H:m:s:ms)","BESTFIT","GENERIC","1","62.135","0.015614260486636847","424","0","3849","0.0","1","1279","0"
"20:53:6:835 (H:m:s:ms)","20:53:7:0 (H:m:s:ms)","BESTFIT","OPERA","1","31.009","0.021116445406099704","164","0","4584","0.0","1","610","0"
"21:13:25:263 (H:m:s:ms)","21:13:26:0 (H:m:s:ms)","BESTFIT","AMBULANCE","1","31.037","0.017870610245943306","736","0","829","0.0","1","852","0"
"21:26:58:181 (H:m:s:ms)","21:26:59:0 (H:m:s:ms)","BESTFIT","GENERIC","1","62.097","0.02701529818523672","818","0","4643","0.0","1","1036","0"
"21:47:16:969 (H:m:s:ms)","21:47:18:0 (H:m:s:ms)","BESTFIT","GENERIC","1","62.053","0.01289665581220754","1030","0","2221","0.0","1","1278","0"
"20:53:11:392 (H:m:s:ms)","20:53:12:0 (H:m:s:ms)","BESTFIT","OPERA","1","31.009","0.02767663853663553","607","0","2791","0.0","1","611","0"
"21:13:30:909 (H:m:s:ms)","21:13:32:0 (H:m:s:ms)","BESTFIT","GENERIC","1","62.159","0.01289665581220754","1090","0","1706","0.0","1","853","0"
"21:26:56:363 (H:m:s:ms)","21:26:57:0 (H:m:s:ms)","BESTFIT","GENERIC","1","62.061","0.02666454159925872","636","0","4430","0.0","1","1035","0"
"21:47:9:90 (H:m:s:ms)","21:47:10:0 (H:m:s:ms)","BESTFIT","GENERIC","1","62.031","0.023627244209691946","934","0","1328","0.0","1","1277","0"
"20:53:18:787 (H:m:s:ms)","20:53:19:0 (H:m:s:ms)","BESTFIT","GENERIC","1","62.075","0.019344983718311257","212","0","4067","0.0","1","612","0"
"21:13:42:531 (H:m:s:ms)","21:13:43:0 (H:m:s:ms)","BESTFIT","OPERA","1","31.009","0.018437321992351735","468","0","3672","0.0","1","854","0"
"21:26:53:939 (H:m:s:ms)","21:26:55:0 (H:m:s:ms)","BESTFIT","GENERIC","1","62.069","0.021892887617679165","1063","0","1265","0.0","1","1034","0"
"21:47:4:242 (H:m:s:ms)","21:47:5:0 (H:m:s:ms)","BESTFIT","GENERIC","1","62.085","0.021358473245579435","761","0","3854","0.0","1","1276","0"
"20:53:23:636 (H:m:s:ms)","20:53:24:0 (H:m:s:ms)","BESTFIT","GENERIC","1","62.059","0.026554167288052814","363","0","3096","0.0","1","613","0"
"21:13:43:30 (H:m:s:ms)","21:13:44:0 (H:m:s:ms)","BESTFIT","GENERIC","1","62.089","0.020405000688641713","969","0","2967","0.0","1","855","0"
"20:53:28:860 (H:m:s:ms)","20:53:29:0 (H:m:s:ms)","BESTFIT","OPERA","1","31.009","0.02235152648103784","139","0","2193","0.0","1","614","0"
"21:13:51:515 (H:m:s:ms)","21:13:52:0 (H:m:s:ms)","BESTFIT","GENERIC","1","62.067","0.00644832790610377","484","0","3862","0.0","1","856","0"
"20:53:29:90 (H:m:s:ms)","20:53:30:0 (H:m:s:ms)","BESTFIT","GENERIC","1","62.101","0.029404019730910943","932","0","4827","0.0","1","615","0"
"21:13:53:939 (H:m:s:ms)","21:13:55:0 (H:m:s:ms)","BESTFIT","GENERIC","1","62.069","0.01117576324051892","1062","0","3297","0.0","1","857","0"
"20:53:32:727 (H:m:s:ms)","20:53:33:0 (H:m:s:ms)","BESTFIT","GENERIC","1","62.079","0.02980889214820175","272","0","4805","0.0","1","616","0"
"21:14:5:454 (H:m:s:ms)","21:14:6:0 (H:m:s:ms)","BESTFIT","GENERIC","1","62.087","0.012019217579395567","545","0","2811","0.0","1","858","0"
"20:53:49:696 (H:m:s:ms)","20:53:50:0 (H:m:s:ms)","BESTFIT","GENERIC","1","62.135","0.018437321992351735","330","0","1821","0.0","1","617","0"
"21:14:8:484 (H:m:s:ms)","21:14:9:0 (H:m:s:ms)","BESTFIT","GENERIC","1","62.077","0.015332391365871358","516","0","1259","0.0","1","859","0"
"20:53:52:727 (H:m:s:ms)","20:53:53:0 (H:m:s:ms)","BESTFIT","GENERIC","1","62.091","0.02051861606259186","272","0","3518","0.0","1","618","0"
"20:53:56:962 (H:m:s:ms)","20:53:58:0 (H:m:s:ms)","BESTFIT","OPERA","1","31.009","0.021334796617062026","1037","0","4846","0.0","1","619","0"
"21:28:33:939 (H:m:s:ms)","21:28:35:0 (H:m:s:ms)","BESTFIT","GENERIC","1","62.025","0.02729679054017939","1062","0","2015","0.0","1","1055","0"
"21:48:48:484 (H:m:s:ms)","21:48:49:0 (H:m:s:ms)","BESTFIT","GENERIC","1","62.073","0.009820927516479816","515","0","2139","0.0","1","1297","0"
"21:28:33:417 (H:m:s:ms)","21:28:34:0 (H:m:s:ms)","BESTFIT","OPERA","1","62.015","0.031709460224013074","583","0","1680","0.0","1","1054","0"
"21:48:40:606 (H:m:s:ms)","21:48:41:0 (H:m:s:ms)","BESTFIT","GENERIC","1","62.049","0.01289665581220754","394","0","4103","0.0","1","1296","0"
"21:28:28:484 (H:m:s:ms)","21:28:29:0 (H:m:s:ms)","BESTFIT","GENERIC","1","62.065","0.02785810752504684","515","0","1992","0.0","1","1053","0"
"21:48:33:333 (H:m:s:ms)","21:48:34:0 (H:m:s:ms)","BESTFIT","GENERIC","1","62.109","0.01289665581220754","666","0","4953","0.0","1","1295","0"
"21:28:27:878 (H:m:s:ms)","21:28:29:0 (H:m:s:ms)","BESTFIT","GENERIC","1","62.067","0.00788397516941039","1121","0","2778","0.0","1","1052","0"
"21:48:14:545 (H:m:s:ms)","21:48:15:0 (H:m:s:ms)","BESTFIT","GENERIC","1","62.145","0.011453383659487955","456","0","2105","0.0","1","1294","0"
"21:28:21:818 (H:m:s:ms)","21:28:22:0 (H:m:s:ms)","BESTFIT","GENERIC","1","62.155","0.03457031622109896","181","0","1825","0.0","1","1051","0"
"21:48:10:303 (H:m:s:ms)","21:48:11:0 (H:m:s:ms)","BESTFIT","GENERIC","1","62.109","0.028617601331725813","696","0","1299","0.0","1","1293","0"
"21:28:19:393 (H:m:s:ms)","21:28:20:0 (H:m:s:ms)","BESTFIT","GENERIC","1","62.075","0.033054382987817606","629","0","1088","0.0","1","1050","0"
"21:48:6:666 (H:m:s:ms)","21:48:7:0 (H:m:s:ms)","BESTFIT","GENERIC","1","62.115","0.028055324947646978","333","0","2641","0.0","1","1292","0"
"21:48:6:60 (H:m:s:ms)","21:48:7:0 (H:m:s:ms)","BESTFIT","GENERIC","1","62.077","0.00788397516941039","939","0","1606","0.0","1","1291","0"
"21:47:53:333 (H:m:s:ms)","21:47:54:0 (H:m:s:ms)","BESTFIT","GENERIC","1","62.131","0.019344983718311257","666","0","3087","0.0","1","1290","0"
"21:14:12:727 (H:m:s:ms)","21:14:13:0 (H:m:s:ms)","BESTFIT","GENERIC","1","62.039","0.015359599450368524","272","0","1211","0.0","1","860","0"
"21:14:17:575 (H:m:s:ms)","21:14:18:0 (H:m:s:ms)","BESTFIT","GENERIC","1","62.135","0.029134230861889304","424","0","3049","0.0","1","861","0"
"21:28:16:969 (H:m:s:ms)","21:28:18:0 (H:m:s:ms)","BESTFIT","GENERIC","1","62.053","0.019344983718311257","1030","0","3362","0.0","1","1049","0"
"20:53:58:787 (H:m:s:ms)","20:53:59:0 (H:m:s:ms)","BESTFIT","GENERIC","1","62.115","0.021227124164454752","212","0","1614","0.0","1","620","0"
"21:14:18:181 (H:m:s:ms)","21:14:19:0 (H:m:s:ms)","BESTFIT","GENERIC","1","62.019","0.027717067437704943","818","0","1232","0.0","1","862","0"
"21:28:3:30 (H:m:s:ms)","21:28:4:0 (H:m:s:ms)","BESTFIT","GENERIC","1","62.087","0.022861687797197567","969","0","2644","0.0","1","1048","0"
"20:54:0:0 (H:m:s:ms)","20:54:1:0 (H:m:s:ms)","BESTFIT","GENERIC","1","62.095","0.022661275542904882","1027","0","1656","0.0","1","621","0"
"21:14:18:787 (H:m:s:ms)","21:14:19:0 (H:m:s:ms)","BESTFIT","GENERIC","1","62.075","0.029768281282794563","212","0","4364","0.0","1","863","0"
"21:28:0:0 (H:m:s:ms)","21:28:1:0 (H:m:s:ms)","BESTFIT","GENERIC","1","62.095","0.014163943093313295","1023","0","3330","0.0","1","1047","0"
"21:47:44:242 (H:m:s:ms)","21:47:45:0 (H:m:s:ms)","BESTFIT","GENERIC","1","62.143","0.02119151223232424","760","0","2623","0.0","1","1289","0"
"20:54:3:797 (H:m:s:ms)","20:54:4:0 (H:m:s:ms)","BESTFIT","OPERA","1","31.01","0.014323961181218444","202","0","3130","0.0","1","622","0"
"21:14:21:212 (H:m:s:ms)","21:14:22:0 (H:m:s:ms)","BESTFIT","GENERIC","1","62.031","0.030952808980386073","787","0","2137","0.0","1","864","0"
"21:27:47:878 (H:m:s:ms)","21:27:49:0 (H:m:s:ms)","BESTFIT","GENERIC","1","62.089","0.022844067548630376","1121","0","1614","0.0","1","1046","0"
"21:47:41:212 (H:m:s:ms)","21:47:42:0 (H:m:s:ms)","BESTFIT","GENERIC","1","62.045","0.02968305500614713","787","0","4904","0.0","1","1288","0"
"20:54:6:60 (H:m:s:ms)","20:54:7:0 (H:m:s:ms)","BESTFIT","GENERIC","1","62.077","0.019938115419222722","940","0","3667","0.0","1","623","0"
"21:14:22:784 (H:m:s:ms)","21:14:23:0 (H:m:s:ms)","BESTFIT","OPERA","1","62.015","0.034114093394192434","215","0","3380","0.0","1","865","0"
"21:27:47:848 (H:m:s:ms)","21:27:48:0 (H:m:s:ms)","BESTFIT","OPERA","1","62.015","0.020562624644709235","151","0","1754","0.0","1","1045","0"
"21:47:38:787 (H:m:s:ms)","21:47:39:0 (H:m:s:ms)","BESTFIT","GENERIC","1","62.099","0.027334965756095567","212","0","1722","0.0","1","1287","0"
"20:54:7:878 (H:m:s:ms)","20:54:9:0 (H:m:s:ms)","BESTFIT","GENERIC","1","62.049","0.022737655448709863","1121","0","4759","0.0","1","624","0"
"21:14:25:454 (H:m:s:ms)","21:14:26:0 (H:m:s:ms)","BESTFIT","GENERIC","1","62.101","0.020885939696446556","545","0","4134","0.0","1","866","0"
"20:54:10:303 (H:m:s:ms)","20:54:11:0 (H:m:s:ms)","BESTFIT","GENERIC","1","62.109","0.026440890556273057","696","0","1784","0.0","1","625","0"
"21:14:36:363 (H:m:s:ms)","21:14:37:0 (H:m:s:ms)","BESTFIT","GENERIC","1","62.111","0.012019217579395567","636","0","4954","0.0","1","867","0"
"20:54:14:430 (H:m:s:ms)","20:54:15:0 (H:m:s:ms)","BESTFIT","OPERA","1","31.009","0.018054806729754753","573","0","3893","0.0","1","626","0"
"21:14:44:848 (H:m:s:ms)","21:14:45:0 (H:m:s:ms)","BESTFIT","GENERIC","1","62.067","0.02054846390849274","155","0","4917","0.0","1","868","0"
"20:54:18:181 (H:m:s:ms)","20:54:19:0 (H:m:s:ms)","BESTFIT","GENERIC","1","62.019","0.014928548755130878","818","0","2034","0.0","1","627","0"
"21:14:52:727 (H:m:s:ms)","21:14:53:0 (H:m:s:ms)","BESTFIT","GENERIC","1","62.091","0.009820927516479816","272","0","3619","0.0","1","869","0"
"20:54:19:393 (H:m:s:ms)","20:54:20:0 (H:m:s:ms)","BESTFIT","GENERIC","1","62.077","0.019018256031157813","628","0","2925","0.0","1","628","0"
"20:54:25:454 (H:m:s:ms)","20:54:26:0 (H:m:s:ms)","BESTFIT","GENERIC","1","62.101","0.018437321992351735","545","0","2624","0.0","1","629","0"
"21:29:25:454 (H:m:s:ms)","21:29:26:0 (H:m:s:ms)","BESTFIT","GENERIC","1","62.101","0.029403624773383798","545","0","1781","0.0","1","1066","0"
"21:29:23:544 (H:m:s:ms)","21:29:24:0 (H:m:s:ms)","BESTFIT","OPERA","1","31.009","0.021988855330365327","455","0","4406","0.0","1","1065","0"
"21:29:20:0 (H:m:s:ms)","21:29:21:0 (H:m:s:ms)","BESTFIT","GENERIC","1","62.087","0.02072971564385277","1027","0","2214","0.0","1","1064","0"
"21:29:18:181 (H:m:s:ms)","21:29:19:0 (H:m:s:ms)","BESTFIT","GENERIC","1","62.019","0.019134409544302535","818","0","4199","0.0","1","1063","0"
"21:29:15:151 (H:m:s:ms)","21:29:16:0 (H:m:s:ms)","BESTFIT","GENERIC","1","62.057","0.00644832790610377","848","0","2298","0.0","1","1062","0"
"21:29:9:696 (H:m:s:ms)","21:29:10:0 (H:m:s:ms)","BESTFIT","GENERIC","1","62.099","0.01576795033882078","325","0","1342","0.0","1","1061","0"
"21:29:2:424 (H:m:s:ms)","21:29:3:0 (H:m:s:ms)","BESTFIT","GENERIC","1","62.121","0.014943085507339743","575","0","2668","0.0","1","1060","0"
"21:15:6:60 (H:m:s:ms)","21:15:7:0 (H:m:s:ms)","BESTFIT","GENERIC","1","62.077","0.017870610245943306","939","0","2021","0.0","1","870","0"
"21:15:8:354 (H:m:s:ms)","21:15:9:0 (H:m:s:ms)","BESTFIT","OPERA","1","62.015","0.0319258195410611","645","0","4909","0.0","1","871","0"
"20:54:26:60 (H:m:s:ms)","20:54:27:0 (H:m:s:ms)","BESTFIT","GENERIC","1","62.111","0.02051861606259186","939","0","3819","0.0","1","630","0"
"21:15:23:636 (H:m:s:ms)","21:15:24:0 (H:m:s:ms)","BESTFIT","GENERIC","1","62.059","0.02054846390849274","363","0","1199","0.0","1","872","0"
"20:54:31:515 (H:m:s:ms)","20:54:32:0 (H:m:s:ms)","BESTFIT","GENERIC","1","62.093","0.01117576324051892","484","0","2393","0.0","1","631","0"
"21:15:26:666 (H:m:s:ms)","21:15:27:0 (H:m:s:ms)","BESTFIT","GENERIC","1","62.039","0.03376886119123329","333","0","3061","0.0","1","873","0"
"21:28:56:969 (H:m:s:ms)","21:28:58:0 (H:m:s:ms)","BESTFIT","GENERIC","1","62.083","0.012072597046671591","1030","0","1960","0.0","1","1059","0"
"20:54:35:696 (H:m:s:ms)","20:54:36:0 (H:m:s:ms)","BESTFIT","OPERA","1","31.009","0.01117576324051892","303","0","3402","0.0","1","632","0"
"21:15:31:515 (H:m:s:ms)","21:15:32:0 (H:m:s:ms)","BESTFIT","GENERIC","1","62.093","0.031142919591750647","484","0","4007","0.0","1","874","0"
"21:28:43:30 (H:m:s:ms)","21:28:44:0 (H:m:s:ms)","BESTFIT","GENERIC","1","62.089","0.012072597046671591","969","0","3876","0.0","1","1058","0"
"20:54:41:818 (H:m:s:ms)","20:54:42:0 (H:m:s:ms)","BESTFIT","GENERIC","1","62.147","0.00788397516941039","181","0","2208","0.0","1","633","0"
"21:15:38:181 (H:m:s:ms)","21:15:39:0 (H:m:s:ms)","BESTFIT","GENERIC","1","62.041","0.012072597046671591","819","0","2934","0.0","1","875","0"
"21:28:35:757 (H:m:s:ms)","21:28:36:0 (H:m:s:ms)","BESTFIT","GENERIC","1","62.043","0.02818092322948635","242","0","2128","0.0","1","1057","0"
"21:48:53:939 (H:m:s:ms)","21:48:55:0 (H:m:s:ms)","BESTFIT","GENERIC","1","62.069","0.018683955547661602","1066","0","4804","0.0","1","1299","0"
"20:54:50:909 (H:m:s:ms)","20:54:52:0 (H:m:s:ms)","BESTFIT","GENERIC","1","62.137","0.01289665581220754","1091","1","2312","0.0","1","634","0"
"21:15:40:0 (H:m:s:ms)","21:15:41:0 (H:m:s:ms)","BESTFIT","GENERIC","1","62.091","0.021454202036389886","1019","0","2470","0.0","1","876","0"
"21:28:34:177 (H:m:s:ms)","21:28:35:0 (H:m:s:ms)","BESTFIT","OPERA","1","62.015","0.020890716683850345","824","0","2193","0.0","1","1056","0"
"21:48:51:515 (H:m:s:ms)","21:48:52:0 (H:m:s:ms)","BESTFIT","GENERIC","1","62.067","0.014079487396388443","484","0","4517","0.0","1","1298","0"
"20:54:54:545 (H:m:s:ms)","20:54:55:0 (H:m:s:ms)","BESTFIT","GENERIC","1","62.049","0.029615608315332165","461","0","3434","0.0","1","635","0"
"21:15:46:60 (H:m:s:ms)","21:15:47:0 (H:m:s:ms)","BESTFIT","GENERIC","1","62.075","0.00788397516941039","939","0","2911","0.0","1","877","0"
"20:54:58:181 (H:m:s:ms)","20:54:59:0 (H:m:s:ms)","BESTFIT","GENERIC","1","62.097","0.029269583889543295","818","0","2506","0.0","1","636","0"
"21:15:49:90 (H:m:s:ms)","21:15:50:0 (H:m:s:ms)","BESTFIT","GENERIC","1","62.111","0.02763306489200392","935","0","3139","0.0","1","878","0"
"20:55:1:818 (H:m:s:ms)","20:55:2:0 (H:m:s:ms)","BESTFIT","GENERIC","1","62.115","0.014943085507339743","181","0","3798","0.0","1","637","0"
"21:15:49:367 (H:m:s:ms)","21:15:50:0 (H:m:s:ms)","BESTFIT","OPERA","1","62.015","0.03139473007900498","658","0","3350","0.0","1","879","0"
"20:55:13:333 (H:m:s:ms)","20:55:14:0 (H:m:s:ms)","BESTFIT","GENERIC","1","62.067","0.012072597046671591","667","1","4504","0.0","1","638","0"
"20:55:20:0 (H:m:s:ms)","20:55:21:0 (H:m:s:ms)","BESTFIT","GENERIC","1","62.087","0.012019217579395567","1025","0","4677","0.0","1","639","0"
"21:29:53:333 (H:m:s:ms)","21:29:54:0 (H:m:s:ms)","BESTFIT","GENERIC","1","62.131","0.02691600956331996","666","0","1355","0.0","1","1077","0"
"21:29:51:515 (H:m:s:ms)","21:29:52:0 (H:m:s:ms)","BESTFIT","GENERIC","1","62.067","0.03343509642555264","484","0","2976","0.0","1","1076","0"
"21:29:50:303 (H:m:s:ms)","21:29:51:0 (H:m:s:ms)","BESTFIT","GENERIC","1","62.061","0.03720968038885383","696","0","3039","0.0","1","1075","0"
"21:29:49:696 (H:m:s:ms)","21:29:50:0 (H:m:s:ms)","BESTFIT","GENERIC","1","62.135","0.03380004200511913","332","0","3627","0.0","1","1074","0"
"21:29:46:60 (H:m:s:ms)","21:29:47:0 (H:m:s:ms)","BESTFIT","GENERIC","1","62.075","0.03288817321297574","939","0","2868","0.0","1","1073","0"
"21:29:45:454 (H:m:s:ms)","21:29:46:0 (H:m:s:ms)","BESTFIT","GENERIC","1","62.047","0.019344983718311257","546","0","3029","0.0","1","1072","0"
"21:29:37:894 (H:m:s:ms)","21:29:39:0 (H:m:s:ms)","BESTFIT","AMBULANCE","1","62.075","0.018352707532370362","1105","0","1307","0.0","1","1071","0"
"21:29:35:151 (H:m:s:ms)","21:29:36:0 (H:m:s:ms)","BESTFIT","GENERIC","1","62.049","0.025767653926294258","848","0","4500","0.0","1","1070","0"
"21:15:57:575 (H:m:s:ms)","21:15:58:0 (H:m:s:ms)","BESTFIT","GENERIC","1","62.031","0.012019217579395567","424","0","2138","0.0","1","880","0"
"21:15:58:481 (H:m:s:ms)","21:15:59:0 (H:m:s:ms)","BESTFIT","OPERA","1","62.015","0.021358473245579435","518","0","3429","0.0","1","881","0"
"20:55:21:212 (H:m:s:ms)","20:55:22:0 (H:m:s:ms)","BESTFIT","GENERIC","1","62.031","0.021892887617679165","787","0","2096","0.0","1","640","0"
"21:16:3:30 (H:m:s:ms)","21:16:4:0 (H:m:s:ms)","BESTFIT","GENERIC","1","62.087","0.021819160236823343","969","0","3964","0.0","1","882","0"
"20:55:24:848 (H:m:s:ms)","20:55:25:0 (H:m:s:ms)","BESTFIT","GENERIC","1","62.081","0.026896225070670937","153","0","2244","0.0","1","641","0"
"21:16:3:157 (H:m:s:ms)","21:16:4:0 (H:m:s:ms)","BESTFIT","AMBULANCE","1","62.057","0.024124936314901122","842","0","910","0.0","1","883","0"
"20:38:4:556 (H:m:s:ms)","20:38:5:0 (H:m:s:ms)","BESTFIT","OPERA","1","31.009","0.012019217579395567","449","0","4185","0.0","1","400","0"
"20:55:42:424 (H:m:s:ms)","20:55:43:0 (H:m:s:ms)","BESTFIT","GENERIC","1","62.103","0.02054846390849274","575","0","2679","0.0","1","642","0"
"21:16:6:666 (H:m:s:ms)","21:16:7:0 (H:m:s:ms)","BESTFIT","GENERIC","1","62.115","0.024602470783141716","333","0","3467","0.0","1","884","0"
"20:38:5:454 (H:m:s:ms)","20:38:6:0 (H:m:s:ms)","BESTFIT","GENERIC","1","62.087","0.024816029873023834","545","0","2265","0.0","1","401","0"
"20:55:43:30 (H:m:s:ms)","20:55:44:0 (H:m:s:ms)","BESTFIT","GENERIC","1","62.089","0.03376886119123329","969","0","4955","0.0","1","643","0"
"21:16:10:303 (H:m:s:ms)","21:16:11:0 (H:m:s:ms)","BESTFIT","GENERIC","1","62.109","0.019938115419222722","696","0","3630","0.0","1","885","0"
"21:29:32:727 (H:m:s:ms)","21:29:33:0 (H:m:s:ms)","BESTFIT","GENERIC","1","62.079","0.025292185595122387","272","0","1905","0.0","1","1069","0"
"20:38:6:75 (H:m:s:ms)","20:38:7:0 (H:m:s:ms)","BESTFIT","OPERA","1","31.009","0.02757508039885124","924","0","4031","0.0","1","402","0"
"20:55:44:50 (H:m:s:ms)","20:55:45:0 (H:m:s:ms)","BESTFIT","OPERA","1","31.009","0.03439576101814306","951","0","1329","0.0","1","644","0"
"21:16:10:909 (H:m:s:ms)","21:16:12:0 (H:m:s:ms)","BESTFIT","GENERIC","1","62.019","0.022737655448709863","1090","0","3183","0.0","1","886","0"
"21:29:31:515 (H:m:s:ms)","21:29:32:0 (H:m:s:ms)","BESTFIT","GENERIC","1","62.093","0.023530827008907806","484","0","2139","0.0","1","1068","0"
"20:38:11:515 (H:m:s:ms)","20:38:12:0 (H:m:s:ms)","BESTFIT","GENERIC","1","62.081","0.02391097741711792","484","0","3812","0.0","1","403","0"
"20:55:52:405 (H:m:s:ms)","20:55:53:0 (H:m:s:ms)","BESTFIT","OPERA","1","31.009","0.02054846390849274","595","0","2898","0.0","1","645","0"
"21:16:16:363 (H:m:s:ms)","21:16:17:0 (H:m:s:ms)","BESTFIT","GENERIC","1","62.117","0.014824557532112616","636","0","3832","0.0","1","887","0"
"21:29:26:666 (H:m:s:ms)","21:29:27:0 (H:m:s:ms)","BESTFIT","GENERIC","1","62.039","0.03212045173683085","333","0","2192","0.0","1","1067","0"
"20:38:14:545 (H:m:s:ms)","20:38:15:0 (H:m:s:ms)","BESTFIT","GENERIC","1","62.145","0.027239200796151854","457","0","1509","0.0","1","404","0"
"20:55:57:575 (H:m:s:ms)","20:55:58:0 (H:m:s:ms)","BESTFIT","GENERIC","1","62.031","0.022428796431899312","424","0","4749","0.0","1","646","0"
"21:16:24:848 (H:m:s:ms)","21:16:25:0 (H:m:s:ms)","BESTFIT","GENERIC","1","62.081","0.00788397516941039","154","0","2763","0.0","1","888","0"
"20:38:20:606 (H:m:s:ms)","20:38:21:0 (H:m:s:ms)","BESTFIT","GENERIC","1","62.033","0.018437321992351735","393","0","1130","0.0","1","405","0"
"20:56:32:121 (H:m:s:ms)","20:56:33:0 (H:m:s:ms)","BESTFIT","GENERIC","1","62.023","0.00788397516941039","878","0","4778","0.0","1","647","0"
"21:16:26:60 (H:m:s:ms)","21:16:27:0 (H:m:s:ms)","BESTFIT","GENERIC","1","62.111","0.019459265553932594","939","0","4199","0.0","1","889","0"
"20:38:24:242 (H:m:s:ms)","20:38:25:0 (H:m:s:ms)","BESTFIT","GENERIC","1","62.061","0.03236570409154893","759","0","4867","0.0","1","406","0"
"20:56:33:939 (H:m:s:ms)","20:56:35:0 (H:m:s:ms)","BESTFIT","GENERIC","1","62.023","0.012376531500442376","1062","0","2396","0.0","1","648","0"
"20:38:25:822 (H:m:s:ms)","20:38:26:0 (H:m:s:ms)","BESTFIT","OPERA","1","31.009","0.032723527266928815","177","0","3375","0.0","1","407","0"
"20:56:44:848 (H:m:s:ms)","20:56:45:0 (H:m:s:ms)","BESTFIT","GENERIC","1","62.067","0.012072597046671591","154","1","2835","0.0","1","649","0"
"20:38:30:909 (H:m:s:ms)","20:38:32:0 (H:m:s:ms)","BESTFIT","GENERIC","1","62.159","0.00788397516941039","1090","0","3598","0.0","1","408","0"
"20:38:31:515 (H:m:s:ms)","20:38:32:0 (H:m:s:ms)","BESTFIT","GENERIC","1","62.093","0.028055324947646978","484","0","1760","0.0","1","409","0"
"21:30:5:454 (H:m:s:ms)","21:30:6:0 (H:m:s:ms)","BESTFIT","GENERIC","1","62.087","0.011995696137558512","545","0","2405","0.0","1","1080","0"
"21:30:48:484 (H:m:s:ms)","21:30:49:0 (H:m:s:ms)","BESTFIT","GENERIC","1","62.071","0.015100071593294247","516","0","3690","0.0","1","1088","0"
"21:30:47:272 (H:m:s:ms)","21:30:48:0 (H:m:s:ms)","BESTFIT","GENERIC","1","62.059","0.012072597046671591","727","0","2472","0.0","1","1087","0"
"21:30:37:215 (H:m:s:ms)","21:30:38:0 (H:m:s:ms)","BESTFIT","OPERA","1","62.015","0.019896098286814604","784","0","2931","0.0","1","1086","0"
"21:30:36:969 (H:m:s:ms)","21:30:38:0 (H:m:s:ms)","BESTFIT","GENERIC","1","62.085","0.017870610245943306","1030","0","1929","0.0","1","1085","0"
"21:30:26:582 (H:m:s:ms)","21:30:27:0 (H:m:s:ms)","BESTFIT","OPERA","1","62.015","0.026199083591508247","418","1","4651","0.0","1","1084","0"
"21:30:23:30 (H:m:s:ms)","21:30:24:0 (H:m:s:ms)","BESTFIT","GENERIC","1","62.113","0.019344983718311257","969","0","3266","0.0","1","1083","0"
"21:30:12:631 (H:m:s:ms)","21:30:13:0 (H:m:s:ms)","BESTFIT","AMBULANCE","1","62.085","0.01289665581220754","368","0","644","0.0","1","1082","0"
"21:16:30:303 (H:m:s:ms)","21:16:31:0 (H:m:s:ms)","BESTFIT","GENERIC","1","62.091","0.02553883394886086","696","0","1502","0.0","1","890","0"
"21:30:6:666 (H:m:s:ms)","21:30:7:0 (H:m:s:ms)","BESTFIT","GENERIC","1","62.115","0.0197857518527874","333","0","4354","0.0","1","1081","0"
"21:16:40:606 (H:m:s:ms)","21:16:41:0 (H:m:s:ms)","BESTFIT","GENERIC","1","62.049","0.00644832790610377","393","0","2587","0.0","1","891","0"
"20:56:46:60 (H:m:s:ms)","20:56:47:0 (H:m:s:ms)","BESTFIT","GENERIC","1","62.075","0.02134400214053801","939","0","1039","0.0","1","650","0"
"21:16:46:666 (H:m:s:ms)","21:16:47:0 (H:m:s:ms)","BESTFIT","GENERIC","1","62.025","0.01576795033882078","333","0","1283","0.0","1","892","0"
"20:56:53:164 (H:m:s:ms)","20:56:54:0 (H:m:s:ms)","BESTFIT","OPERA","1","31.009","0.018437321992351735","835","0","2397","0.0","1","651","0"
"21:16:48:484 (H:m:s:ms)","21:16:49:0 (H:m:s:ms)","BESTFIT","GENERIC","1","62.073","0.03084287977177084","516","0","1856","0.0","1","893","0"
"20:38:32:121 (H:m:s:ms)","20:38:33:0 (H:m:s:ms)","BESTFIT","GENERIC","1","62.025","0.03176509210199799","878","0","1117","0.0","1","410","0"
"20:56:56:363 (H:m:s:ms)","20:56:57:0 (H:m:s:ms)","BESTFIT","GENERIC","1","62.061","0.02553883394886086","636","0","4808","0.0","1","652","0"
"21:16:55:757 (H:m:s:ms)","21:16:56:0 (H:m:s:ms)","BESTFIT","GENERIC","1","62.061","0.00788397516941039","242","0","1279","0.0","1","894","0"
"20:38:35:151 (H:m:s:ms)","20:38:36:0 (H:m:s:ms)","BESTFIT","GENERIC","1","62.051","0.03361003780207138","848","0","3648","0.0","1","411","0"
"20:57:0:0 (H:m:s:ms)","20:57:1:0 (H:m:s:ms)","BESTFIT","GENERIC","1","62.161","0.025135423589527334","1024","0","2845","0.0","1","653","0"
"21:16:56:363 (H:m:s:ms)","21:16:57:0 (H:m:s:ms)","BESTFIT","GENERIC","1","62.061","0.012376531500442376","636","0","3472","0.0","1","895","0"
"20:38:35:757 (H:m:s:ms)","20:38:36:0 (H:m:s:ms)","BESTFIT","GENERIC","1","62.043","0.03634153037685084","242","0","3792","0.0","1","412","0"
"20:57:9:90 (H:m:s:ms)","20:57:10:0 (H:m:s:ms)","BESTFIT","GENERIC","1","62.031","0.012019217579395567","932","0","4151","0.0","1","654","0"
"21:16:58:181 (H:m:s:ms)","21:16:59:0 (H:m:s:ms)","BESTFIT","GENERIC","1","62.097","0.015953140950207577","818","0","2257","0.0","1","896","0"
"20:38:45:569 (H:m:s:ms)","20:38:46:0 (H:m:s:ms)","BESTFIT","OPERA","1","31.009","0.019344983718311257","431","1","3006","0.0","1","413","0"
"20:57:12:911 (H:m:s:ms)","20:57:14:0 (H:m:s:ms)","BESTFIT","OPERA","1","31.009","0.014928548755130878","1089","0","4248","0.0","1","655","0"
"21:17:1:212 (H:m:s:ms)","21:17:2:0 (H:m:s:ms)","BESTFIT","GENERIC","1","62.051","0.024688149926336948","787","0","2234","0.0","1","897","0"
"21:30:3:37 (H:m:s:ms)","21:30:4:0 (H:m:s:ms)","BESTFIT","OPERA","1","62.015","0.021769367607224123","962","0","2370","0.0","1","1079","0"
"20:38:47:368 (H:m:s:ms)","20:38:48:0 (H:m:s:ms)","BESTFIT","AMBULANCE","1","31.048","0.026819263101187724","631","0","1309","0.0","1","414","0"
"20:57:13:939 (H:m:s:ms)","20:57:15:0 (H:m:s:ms)","BESTFIT","GENERIC","1","62.093","0.021389539785915818","1063","0","2690","0.0","1","656","0"
"21:17:4:556 (H:m:s:ms)","21:17:5:0 (H:m:s:ms)","BESTFIT","OPERA","1","62.015","0.022327896645401184","446","0","3408","0.0","1","898","0"
"21:29:59:393 (H:m:s:ms)","21:30:0:0 (H:m:s:ms)","BESTFIT","GENERIC","1","62.095","0.019344983718311257","634","0","4328","0.0","1","1078","0"
"20:38:48:607 (H:m:s:ms)","20:38:49:0 (H:m:s:ms)","BESTFIT","OPERA","1","31.01","0.03078071932392492","392","0","2646","0.0","1","415","0"
"20:57:24:848 (H:m:s:ms)","20:57:25:0 (H:m:s:ms)","BESTFIT","GENERIC","1","62.081","0.00788397516941039","153","0","2253","0.0","1","657","0"
"21:17:5:316 (H:m:s:ms)","21:17:6:0 (H:m:s:ms)","BESTFIT","OPERA","1","62.017","0.023688340511648236","683","0","2687","0.0","1","899","0"
"20:38:50:526 (H:m:s:ms)","20:38:51:0 (H:m:s:ms)","BESTFIT","AMBULANCE","1","31.04","0.03480852973067597","474","0","914","0.0","1","416","0"
"20:57:45:454 (H:m:s:ms)","20:57:46:0 (H:m:s:ms)","BESTFIT","GENERIC","1","62.047","0.01289665581220754","545","0","4336","0.0","1","658","0"
"20:38:58:787 (H:m:s:ms)","20:38:59:0 (H:m:s:ms)","BESTFIT","GENERIC","1","62.115","0.014163943093313295","212","0","3472","0.0","1","417","0"
"20:58:5:454 (H:m:s:ms)","20:58:6:0 (H:m:s:ms)","BESTFIT","GENERIC","1","62.087","0.012019217579395567","545","0","1776","0.0","1","659","0"
"20:39:6:60 (H:m:s:ms)","20:39:7:0 (H:m:s:ms)","BESTFIT","GENERIC","1","62.077","0.00788397516941039","939","0","4746","0.0","1","418","0"
"20:39:15:757 (H:m:s:ms)","20:39:16:0 (H:m:s:ms)","BESTFIT","GENERIC","1","62.077","0.014163943093313295","242","0","3980","0.0","1","419","0"
"21:31:0:606 (H:m:s:ms)","21:31:1:0 (H:m:s:ms)","BESTFIT","GENERIC","1","62.125","0.020101454092123733","393","0","2945","0.0","1","1091","0"
"21:30:58:181 (H:m:s:ms)","21:30:59:0 (H:m:s:ms)","BESTFIT","GENERIC","1","62.097","0.01892671380498862","818","0","1869","0.0","1","1090","0"
"21:31:44:242 (H:m:s:ms)","21:31:45:0 (H:m:s:ms)","BESTFIT","GENERIC","1","62.143","0.00788397516941039","760","0","2582","0.0","1","1099","0"
"21:31:38:787 (H:m:s:ms)","21:31:39:0 (H:m:s:ms)","BESTFIT","GENERIC","1","62.099","0.0132256341859202","212","0","4252","0.0","1","1098","0"
"21:31:37:575 (H:m:s:ms)","21:31:38:0 (H:m:s:ms)","BESTFIT","GENERIC","1","62.087","0.009820927516479816","424","0","1283","0.0","1","1097","0"
"21:31:24:848 (H:m:s:ms)","21:31:25:0 (H:m:s:ms)","BESTFIT","GENERIC","1","62.081","0.02134400214053801","154","0","3469","0.0","1","1096","0"
"21:31:21:212 (H:m:s:ms)","21:31:22:0 (H:m:s:ms)","BESTFIT","GENERIC","1","62.031","0.021358473245579435","787","0","2791","0.0","1","1095","0"
"21:31:16:363 (H:m:s:ms)","21:31:17:0 (H:m:s:ms)","BESTFIT","GENERIC","1","62.117","0.014928548755130878","636","0","3425","0.0","1","1094","0"
"21:31:13:333 (H:m:s:ms)","21:31:14:0 (H:m:s:ms)","BESTFIT","GENERIC","1","62.067","0.0132256341859202","666","0","4326","0.0","1","1093","0"
"21:31:9:90 (H:m:s:ms)","21:31:10:0 (H:m:s:ms)","BESTFIT","GENERIC","1","62.031","0.009820927516479816","930","0","4211","0.0","1","1092","0"
"20:58:9:873 (H:m:s:ms)","20:58:10:0 (H:m:s:ms)","BESTFIT","OPERA","1","31.009","0.021642667036297986","150","0","4720","0.0","1","660","0"
"20:58:12:121 (H:m:s:ms)","20:58:13:0 (H:m:s:ms)","BESTFIT","GENERIC","1","62.029","0.021637650477151743","878","0","3810","0.0","1","661","0"
"20:39:21:212 (H:m:s:ms)","20:39:22:0 (H:m:s:ms)","BESTFIT","GENERIC","1","62.031","0.01576795033882078","787","0","3302","0.0","1","420","0"
"20:58:15:757 (H:m:s:ms)","20:58:16:0 (H:m:s:ms)","BESTFIT","GENERIC","1","62.077","0.029134230861889304","242","0","4446","0.0","1","662","0"
"20:39:27:878 (H:m:s:ms)","20:39:29:0 (H:m:s:ms)","BESTFIT","GENERIC","1","62.067","0.012072597046671591","1121","0","1577","0.0","1","421","0"
"20:58:15:789 (H:m:s:ms)","20:58:16:0 (H:m:s:ms)","BESTFIT","AMBULANCE","1","62.097","0.0361256861943193","210","0","964","0.0","1","663","0"
"20:39:49:367 (H:m:s:ms)","20:39:50:0 (H:m:s:ms)","BESTFIT","OPERA","1","31.009","0.009820927516479816","663","0","1250","0.0","1","422","0"
"20:58:20:606 (H:m:s:ms)","20:58:21:0 (H:m:s:ms)","BESTFIT","GENERIC","1","62.033","0.035021100755974116","394","0","2535","0.0","1","664","0"
"20:39:54:545 (H:m:s:ms)","20:39:55:0 (H:m:s:ms)","BESTFIT","GENERIC","1","62.049","0.028245584124167267","456","0","2080","0.0","1","423","0"
"20:58:27:878 (H:m:s:ms)","20:58:29:0 (H:m:s:ms)","BESTFIT","GENERIC","1","62.067","0.014163943093313295","1121","0","1705","0.0","1","665","0"
"20:39:55:757 (H:m:s:ms)","20:39:56:0 (H:m:s:ms)","BESTFIT","GENERIC","1","62.061","0.027259437801627862","242","0","3736","0.0","1","424","0"
"20:58:29:696 (H:m:s:ms)","20:58:30:0 (H:m:s:ms)","BESTFIT","GENERIC","1","62.105","0.030056710896632265","331","0","4623","0.0","1","666","0"
"20:39:56:363 (H:m:s:ms)","20:39:57:0 (H:m:s:ms)","BESTFIT","GENERIC","1","62.061","0.029653368176924846","636","0","2223","0.0","1","425","0"
"20:58:35:151 (H:m:s:ms)","20:58:36:0 (H:m:s:ms)","BESTFIT","GENERIC","1","62.051","0.018437321992351735","849","0","3205","0.0","1","667","0"
"21:30:55:443 (H:m:s:ms)","21:30:56:0 (H:m:s:ms)","BESTFIT","OPERA","1","62.015","0.00644832790610377","556","0","2239","0.0","1","1089","0"
"20:40:0:606 (H:m:s:ms)","20:40:1:0 (H:m:s:ms)","BESTFIT","GENERIC","1","62.127","0.016125573631599808","399","0","3692","0.0","1","426","0"
"20:58:35:757 (H:m:s:ms)","20:58:36:0 (H:m:s:ms)","BESTFIT","GENERIC","1","62.043","0.020405000688641713","242","0","1387","0.0","1","668","0"
"20:40:1:212 (H:m:s:ms)","20:40:2:0 (H:m:s:ms)","BESTFIT","GENERIC","1","62.051","0.023093343699355128","790","0","1338","0.0","1","427","0"
"20:58:44:210 (H:m:s:ms)","20:58:45:0 (H:m:s:ms)","BESTFIT","AMBULANCE","1","31.051","0.02484519974999769","792","0","997","0.0","1","669","0"
"20:40:1:818 (H:m:s:ms)","20:40:2:0 (H:m:s:ms)","BESTFIT","GENERIC","1","62.115","0.028333227545814837","182","0","2036","0.0","1","428","0"
"20:40:18:787 (H:m:s:ms)","20:40:19:0 (H:m:s:ms)","BESTFIT","GENERIC","1","62.075","0.00644832790610377","212","0","3453","0.0","1","429","0"
"20:58:48:484 (H:m:s:ms)","20:58:49:0 (H:m:s:ms)","BESTFIT","GENERIC","1","62.073","0.036503304297067746","515","0","4061","0.0","1","670","0"
"20:58:50:886 (H:m:s:ms)","20:58:51:0 (H:m:s:ms)","BESTFIT","OPERA","1","31.009","0.031142919591750647","113","0","1988","0.0","1","671","0"
"20:40:22:424 (H:m:s:ms)","20:40:23:0 (H:m:s:ms)","BESTFIT","GENERIC","1","62.081","0.027345809677238722","575","0","3249","0.0","1","430","0"
"20:58:53:333 (H:m:s:ms)","20:58:54:0 (H:m:s:ms)","BESTFIT","GENERIC","1","62.131","0.031520819813465176","666","0","2019","0.0","1","672","0"
"20:40:27:341 (H:m:s:ms)","20:40:28:0 (H:m:s:ms)","BESTFIT","OPERA","1","31.009","0.030056710896632265","658","0","3703","0.0","1","431","0"
"20:58:55:757 (H:m:s:ms)","20:58:56:0 (H:m:s:ms)","BESTFIT","GENERIC","1","62.061","0.02439448374698863","242","0","2418","0.0","1","673","0"
"20:40:28:101 (H:m:s:ms)","20:40:29:0 (H:m:s:ms)","BESTFIT","OPERA","1","31.009","0.022861687797197567","898","0","1531","0.0","1","432","0"
"20:59:3:37 (H:m:s:ms)","20:59:4:0 (H:m:s:ms)","BESTFIT","OPERA","1","31.009","0.00788397516941039","962","0","3291","0.0","1","674","0"
"20:40:29:90 (H:m:s:ms)","20:40:30:0 (H:m:s:ms)","BESTFIT","GENERIC","1","62.101","0.027664769491807024","932","0","2467","0.0","1","433","0"
"20:59:3:636 (H:m:s:ms)","20:59:4:0 (H:m:s:ms)","BESTFIT","GENERIC","1","62.145","0.019938115419222722","363","0","4067","0.0","1","675","0"
"20:40:30:303 (H:m:s:ms)","20:40:31:0 (H:m:s:ms)","BESTFIT","GENERIC","1","62.091","0.029766626888953266","696","0","2000","0.0","1","434","0"
"20:59:6:666 (H:m:s:ms)","20:59:7:0 (H:m:s:ms)","BESTFIT","GENERIC","1","62.115","0.025340619434169515","333","0","4139","0.0","1","676","0"
"20:40:33:417 (H:m:s:ms)","20:40:34:0 (H:m:s:ms)","BESTFIT","OPERA","1","31.009","0.029766626888953266","582","0","1982","0.0","1","435","0"
"20:59:8:484 (H:m:s:ms)","20:59:9:0 (H:m:s:ms)","BESTFIT","GENERIC","1","62.077","0.027355584734462382","515","0","2481","0.0","1","677","0"
"20:40:38:734 (H:m:s:ms)","20:40:39:0 (H:m:s:ms)","BESTFIT","OPERA","1","31.009","0.030056710896632265","265","0","1193","0.0","1","436","0"
"20:59:18:947 (H:m:s:ms)","20:59:20:0 (H:m:s:ms)","BESTFIT","AMBULANCE","1","31.063","0.01289665581220754","1081","0","1488","0.0","1","678","0"
"20:40:39:393 (H:m:s:ms)","20:40:40:0 (H:m:s:ms)","BESTFIT","GENERIC","1","62.047","0.027717067437704943","639","0","1639","0.0","1","437","0"
"20:59:21:818 (H:m:s:ms)","20:59:22:0 (H:m:s:ms)","BESTFIT","GENERIC","1","62.155","0.015614260486636847","181","0","1085","0.0","1","679","0"
"20:40:40:0 (H:m:s:ms)","20:40:41:0 (H:m:s:ms)","BESTFIT","GENERIC","1","62.091","0.02942776736848534","1033","0","4103","0.0","1","438","0"
"20:40:41:772 (H:m:s:ms)","20:40:42:0 (H:m:s:ms)","BESTFIT","OPERA","1","31.009","0.031431119494791764","227","0","4342","0.0","1","439","0"
"20:59:23:636 (H:m:s:ms)","20:59:24:0 (H:m:s:ms)","BESTFIT","GENERIC","1","62.059","0.02212904206051792","363","0","2559","0.0","1","680","0"
"20:59:28:484 (H:m:s:ms)","20:59:29:0 (H:m:s:ms)","BESTFIT","GENERIC","1","62.065","0.02119151223232424","515","0","3413","0.0","1","681","0"
"20:40:43:636 (H:m:s:ms)","20:40:44:0 (H:m:s:ms)","BESTFIT","GENERIC","1","62.045","0.03435295537891933","363","0","2167","0.0","1","440","0"
"20:59:30:909 (H:m:s:ms)","20:59:32:0 (H:m:s:ms)","BESTFIT","GENERIC","1","62.159","0.029980378975681916","1090","0","4565","0.0","1","682","0"
"20:40:44:242 (H:m:s:ms)","20:40:45:0 (H:m:s:ms)","BESTFIT","GENERIC","1","62.143","0.028324272066561046","758","0","3485","0.0","1","441","0"
"20:59:34:736 (H:m:s:ms)","20:59:35:0 (H:m:s:ms)","BESTFIT","AMBULANCE","1","31.037","0.032172207288128925","267","0","1232","0.0","1","683","0"
"20:19:23:30 (H:m:s:ms)","20:19:24:0 (H:m:s:ms)","BESTFIT","GENERIC","1","62.113","0.019344983718311257","970","0","3705","0.0","1","200","0"
"20:40:46:60 (H:m:s:ms)","20:40:47:0 (H:m:s:ms)","BESTFIT","GENERIC","1","62.075","0.03177303469421219","939","0","4574","0.0","1","442","0"
"20:59:37:575 (H:m:s:ms)","20:59:38:0 (H:m:s:ms)","BESTFIT","GENERIC","1","62.087","0.020405000688641713","424","0","4065","0.0","1","684","0"
"20:19:29:696 (H:m:s:ms)","20:19:30:0 (H:m:s:ms)","BESTFIT","GENERIC","1","62.105","0.017870610245943306","338","0","1116","0.0","1","201","0"
"20:40:51:515 (H:m:s:ms)","20:40:52:0 (H:m:s:ms)","BESTFIT","GENERIC","1","62.067","0.026111477067309197","484","0","2634","0.0","1","443","0"
"20:59:39:393 (H:m:s:ms)","20:59:40:0 (H:m:s:ms)","BESTFIT","GENERIC","1","62.047","0.025699215421318665","628","0","4225","0.0","1","685","0"
"20:19:30:303 (H:m:s:ms)","20:19:31:0 (H:m:s:ms)","BESTFIT","GENERIC","1","62.091","0.019896098286814604","696","0","1884","0.0","1","202","0"
"20:40:53:333 (H:m:s:ms)","20:40:54:0 (H:m:s:ms)","BESTFIT","GENERIC","1","62.131","0.020204955111744097","667","1","3299","0.0","1","444","0"
"20:59:40:0 (H:m:s:ms)","20:59:41:0 (H:m:s:ms)","BESTFIT","GENERIC","1","62.091","0.01970745483834603","1022","0","4780","0.0","1","686","0"
"20:19:36:363 (H:m:s:ms)","20:19:37:0 (H:m:s:ms)","BESTFIT","GENERIC","1","62.109","0.019344983718311257","636","0","1260","0.0","1","203","0"
"20:40:58:181 (H:m:s:ms)","20:40:59:0 (H:m:s:ms)","BESTFIT","GENERIC","1","62.097","0.014079487396388443","818","0","2016","0.0","1","445","0"
"20:59:41:212 (H:m:s:ms)","20:59:42:0 (H:m:s:ms)","BESTFIT","GENERIC","1","62.045","0.022285557007704283","787","0","2046","0.0","1","687","0"
"20:19:38:787 (H:m:s:ms)","20:19:39:0 (H:m:s:ms)","BESTFIT","GENERIC","1","62.099","0.026346982805309286","212","0","3262","0.0","1","204","0"
"20:41:1:518 (H:m:s:ms)","20:41:2:0 (H:m:s:ms)","BESTFIT","OPERA","1","31.009","0.018683955547661602","481","0","3819","0.0","1","446","0"
"20:59:44:242 (H:m:s:ms)","20:59:45:0 (H:m:s:ms)","BESTFIT","GENERIC","1","62.143","0.02701654219052891","760","0","4446","0.0","1","688","0"
"20:19:46:60 (H:m:s:ms)","20:19:47:0 (H:m:s:ms)","BESTFIT","GENERIC","1","62.075","0.02054846390849274","939","0","1117","0.0","1","205","0"
"20:41:19:393 (H:m:s:ms)","20:41:20:0 (H:m:s:ms)","BESTFIT","GENERIC","1","62.077","0.01576795033882078","630","0","4041","0.0","1","447","0"
"20:59:50:303 (H:m:s:ms)","20:59:51:0 (H:m:s:ms)","BESTFIT","GENERIC","1","62.061","0.012072597046671591","697","0","3673","0.0","1","689","0"
"20:19:50:909 (H:m:s:ms)","20:19:52:0 (H:m:s:ms)","BESTFIT","GENERIC","1","62.137","0.022599903222572534","1090","0","1227","0.0","1","206","0"
"20:41:23:30 (H:m:s:ms)","20:41:24:0 (H:m:s:ms)","BESTFIT","GENERIC","1","62.113","0.024111425047114467","969","0","4058","0.0","1","448","0"
"20:20:0:606 (H:m:s:ms)","20:20:1:0 (H:m:s:ms)","BESTFIT","GENERIC","1","62.125","0.012019217579395567","401","0","4581","0.0","1","207","0"
"20:41:23:636 (H:m:s:ms)","20:41:24:0 (H:m:s:ms)","BESTFIT","GENERIC","1","62.059","0.026205181721469142","363","0","2921","0.0","1","449","0"
"20:20:1:818 (H:m:s:ms)","20:20:2:0 (H:m:s:ms)","BESTFIT","GENERIC","1","62.115","0.015079042035559867","181","0","3271","0.0","1","208","0"
"20:20:4:242 (H:m:s:ms)","20:20:5:0 (H:m:s:ms)","BESTFIT","GENERIC","1","62.085","0.02149293754494217","758","0","1903","0.0","1","209","0"
"20:59:50:526 (H:m:s:ms)","20:59:51:0 (H:m:s:ms)","BESTFIT","AMBULANCE","1","62.085","0.029134230861889304","474","0","967","0.0","1","690","0"
"21:0:1:212 (H:m:s:ms)","21:0:2:0 (H:m:s:ms)","BESTFIT","GENERIC","1","62.051","0.009820927516479816","790","0","2673","0.0","1","691","0"
"20:41:24:848 (H:m:s:ms)","20:41:25:0 (H:m:s:ms)","BESTFIT","GENERIC","1","62.081","0.027987127542017334","154","0","2216","0.0","1","450","0"
"21:0:4:242 (H:m:s:ms)","21:0:5:0 (H:m:s:ms)","BESTFIT","GENERIC","1","62.085","0.0132256341859202","760","0","2027","0.0","1","692","0"
"20:41:28:484 (H:m:s:ms)","20:41:29:0 (H:m:s:ms)","BESTFIT","GENERIC","1","62.065","0.02614616646653694","515","0","3446","0.0","1","451","0"
"21:0:4:848 (H:m:s:ms)","21:0:5:0 (H:m:s:ms)","BESTFIT","GENERIC","1","62.103","0.020241993345859945","154","0","2979","0.0","1","693","0"
"20:20:10:303 (H:m:s:ms)","20:20:11:0 (H:m:s:ms)","BESTFIT","GENERIC","1","62.109","0.019344983718311257","696","0","4470","0.0","1","210","0"
"20:41:36:969 (H:m:s:ms)","0","BESTFIT","GENERIC","0","0","0","1031","0","1030","0","0","452","0"
"21:0:12:631 (H:m:s:ms)","21:0:13:0 (H:m:s:ms)","BESTFIT","AMBULANCE","1","31.023","0.02579331162441508","368","0","1127","0.0","1","694","0"
"20:20:13:333 (H:m:s:ms)","20:20:14:0 (H:m:s:ms)","BESTFIT","GENERIC","1","62.067","0.021516158314156084","666","0","1968","0.0","1","211","0"
"20:41:40:606 (H:m:s:ms)","20:41:41:0 (H:m:s:ms)","BESTFIT","GENERIC","1","62.049","0.019344983718311257","393","0","1266","0.0","1","453","0"
"21:0:16:969 (H:m:s:ms)","21:0:18:0 (H:m:s:ms)","BESTFIT","GENERIC","1","62.053","0.037151513778738286","1030","0","1653","0.0","1","695","0"
"20:20:20:606 (H:m:s:ms)","20:20:21:0 (H:m:s:ms)","BESTFIT","GENERIC","1","62.033","0.01289665581220754","393","0","4999","0.0","1","212","0"
"20:41:41:212 (H:m:s:ms)","20:41:42:0 (H:m:s:ms)","BESTFIT","GENERIC","1","62.045","0.021227124164454752","787","0","3990","0.0","1","454","0"
"21:0:21:212 (H:m:s:ms)","21:0:22:0 (H:m:s:ms)","BESTFIT","GENERIC","1","62.031","0.031142919591750647","787","0","4540","0.0","1","696","0"
"20:20:28:484 (H:m:s:ms)","20:20:29:0 (H:m:s:ms)","BESTFIT","GENERIC","1","62.065","0.01576795033882078","515","0","2229","0.0","1","213","0"
"20:41:47:88 (H:m:s:ms)","20:41:48:0 (H:m:s:ms)","BESTFIT","OPERA","1","31.009","0.00644832790610377","912","0","4064","0.0","1","455","0"
"21:0:30:303 (H:m:s:ms)","21:0:31:0 (H:m:s:ms)","BESTFIT","GENERIC","1","62.091","0.01576795033882078","696","0","4551","0.0","1","697","0"
"20:20:32:121 (H:m:s:ms)","20:20:33:0 (H:m:s:ms)","BESTFIT","GENERIC","1","62.023","0.030967530558667022","878","0","3753","0.0","1","214","0"
"20:41:47:878 (H:m:s:ms)","20:41:49:0 (H:m:s:ms)","BESTFIT","GENERIC","1","62.089","0.027345809677238722","1122","0","4993","0.0","1","456","0"
"21:0:44:848 (H:m:s:ms)","21:0:45:0 (H:m:s:ms)","BESTFIT","GENERIC","1","62.067","0.009820927516479816","155","0","2178","0.0","1","698","0"
"20:20:36:969 (H:m:s:ms)","20:20:38:0 (H:m:s:ms)","BESTFIT","GENERIC","1","62.085","0.03288817321297574","1030","0","2169","0.0","1","215","0"
"20:41:54:683 (H:m:s:ms)","20:41:55:0 (H:m:s:ms)","BESTFIT","OPERA","1","31.009","0.00644832790610377","318","0","3374","0.0","1","457","0"
"21:0:47:368 (H:m:s:ms)","21:0:48:0 (H:m:s:ms)","BESTFIT","AMBULANCE","1","62.093","0.028326591198265146","631","0","804","0.0","1","699","0"
"20:20:41:212 (H:m:s:ms)","20:20:42:0 (H:m:s:ms)","BESTFIT","GENERIC","1","62.045","0.021516158314156084","787","0","4183","0.0","1","216","0"
"20:41:57:575 (H:m:s:ms)","20:41:58:0 (H:m:s:ms)","BESTFIT","GENERIC","1","62.031","0.019422140388547525","424","0","2770","0.0","1","458","0"
"20:20:47:272 (H:m:s:ms)","20:20:48:0 (H:m:s:ms)","BESTFIT","GENERIC","1","62.059","0.017870610245943306","728","0","3987","0.0","1","217","0"
"20:41:58:481 (H:m:s:ms)","20:41:59:0 (H:m:s:ms)","BESTFIT","OPERA","1","31.009","0.02200642910044378","518","0","4860","0.0","1","459","0"
"20:20:58:181 (H:m:s:ms)","20:20:59:0 (H:m:s:ms)","BESTFIT","GENERIC","1","62.097","0.014163943093313295","818","0","2135","0.0","1","218","0"
"20:21:8:484 (H:m:s:ms)","20:21:9:0 (H:m:s:ms)","BESTFIT","GENERIC","1","62.077","0.02054846390849274","516","1","1722","0.0","1","219","0"
"20:42:7:272 (H:m:s:ms)","20:42:8:0 (H:m:s:ms)","BESTFIT","GENERIC","1","62.035","0.018437321992351735","727","0","4915","0.0","1","460","0"
"20:42:8:354 (H:m:s:ms)","20:42:9:0 (H:m:s:ms)","BESTFIT","OPERA","1","31.009","0.03236570409154893","645","0","2431","0.0","1","461","0"
"20:21:12:727 (H:m:s:ms)","20:21:13:0 (H:m:s:ms)","BESTFIT","GENERIC","1","62.039","0.02283963917109714","272","0","3470","0.0","1","220","0"
"20:42:9:113 (H:m:s:ms)","20:42:10:0 (H:m:s:ms)","BESTFIT","OPERA","1","31.009","0.035683988153728106","916","0","4425","0.0","1","462","0"
"20:21:16:969 (H:m:s:ms)","20:21:18:0 (H:m:s:ms)","BESTFIT","GENERIC","1","62.053","0.021769367607224123","1030","0","1424","0.0","1","221","0"
"20:42:15:189 (H:m:s:ms)","20:42:16:0 (H:m:s:ms)","BESTFIT","OPERA","1","31.009","0.00644832790610377","810","0","1114","0.0","1","463","0"
"20:21:18:787 (H:m:s:ms)","20:21:19:0 (H:m:s:ms)","BESTFIT","GENERIC","1","62.075","0.021516158314156084","213","1","2248","0.0","1","222","0"
"20:42:15:949 (H:m:s:ms)","20:42:17:0 (H:m:s:ms)","BESTFIT","OPERA","1","31.009","0.027345809677238722","1050","0","3980","0.0","1","464","0"
"20:21:22:424 (H:m:s:ms)","20:21:23:0 (H:m:s:ms)","BESTFIT","GENERIC","1","62.081","0.024482334594641334","575","0","2030","0.0","1","223","0"
"20:42:19:746 (H:m:s:ms)","20:42:20:0 (H:m:s:ms)","BESTFIT","OPERA","1","31.009","0.03114289869761673","279","0","4131","0.0","1","465","0"
"20:21:27:272 (H:m:s:ms)","20:21:28:0 (H:m:s:ms)","BESTFIT","GENERIC","1","62.057","0.013542579540399596","728","1","4558","0.0","1","224","0"
"20:42:26:60 (H:m:s:ms)","20:42:27:0 (H:m:s:ms)","BESTFIT","GENERIC","1","62.111","0.02054846390849274","939","0","3289","0.0","1","466","0"
"20:21:34:545 (H:m:s:ms)","20:21:35:0 (H:m:s:ms)","BESTFIT","GENERIC","1","62.053","0.012019217579395567","455","0","2163","0.0","1","225","0"
"20:42:33:333 (H:m:s:ms)","20:42:34:0 (H:m:s:ms)","BESTFIT","GENERIC","1","62.109","0.019344983718311257","666","0","4749","0.0","1","467","0"
"20:21:43:636 (H:m:s:ms)","20:21:44:0 (H:m:s:ms)","BESTFIT","GENERIC","1","62.045","0.018437321992351735","363","0","1580","0.0","1","226","0"
"20:42:34:545 (H:m:s:ms)","20:42:35:0 (H:m:s:ms)","BESTFIT","GENERIC","1","62.053","0.026111477067309197","457","1","4118","0.0","1","468","0"
"20:21:47:878 (H:m:s:ms)","20:21:49:0 (H:m:s:ms)","BESTFIT","GENERIC","1","62.089","0.020708740489340252","1121","0","1881","0.0","1","227","0"
"20:42:53:924 (H:m:s:ms)","20:42:55:0 (H:m:s:ms)","BESTFIT","OPERA","1","31.009","0.00788397516941039","1078","0","2173","0.0","1","469","0"
"20:21:53:333 (H:m:s:ms)","20:21:54:0 (H:m:s:ms)","BESTFIT","GENERIC","1","62.131","0.022599903222572534","666","0","1528","0.0","1","228","0"
"20:21:57:575 (H:m:s:ms)","20:21:58:0 (H:m:s:ms)","BESTFIT","GENERIC","1","62.031","0.033424868545659","424","0","1188","0.0","1","229","0"
"20:42:53:939 (H:m:s:ms)","20:42:55:0 (H:m:s:ms)","BESTFIT","GENERIC","1","62.069","0.02763306489200392","1063","0","3563","0.0","1","470","0"
"20:43:0:0 (H:m:s:ms)","20:43:1:0 (H:m:s:ms)","BESTFIT","GENERIC","1","62.161","0.01576795033882078","1022","0","4642","0.0","1","471","0"
"20:22:3:30 (H:m:s:ms)","20:22:4:0 (H:m:s:ms)","BESTFIT","GENERIC","1","62.087","0.012019217579395567","969","0","3353","0.0","1","230","0"
"20:43:9:90 (H:m:s:ms)","20:43:10:0 (H:m:s:ms)","BESTFIT","GENERIC","1","62.031","0.009820927516479816","931","0","3638","0.0","1","472","0"
"20:22:4:848 (H:m:s:ms)","20:22:5:0 (H:m:s:ms)","BESTFIT","GENERIC","1","62.103","0.021358473245579435","152","1","1301","0.0","1","231","0"
"20:43:10:632 (H:m:s:ms)","20:43:11:0 (H:m:s:ms)","BESTFIT","OPERA","1","31.009","0.013397766456316644","367","0","1129","0.0","1","473","0"
"20:22:18:181 (H:m:s:ms)","20:22:19:0 (H:m:s:ms)","BESTFIT","GENERIC","1","62.019","0.014163943093313295","818","0","1015","0.0","1","232","0"
"20:43:13:333 (H:m:s:ms)","20:43:14:0 (H:m:s:ms)","BESTFIT","GENERIC","1","62.067","0.020352863491256184","666","0","2681","0.0","1","474","0"
"20:22:27:878 (H:m:s:ms)","20:22:29:0 (H:m:s:ms)","BESTFIT","GENERIC","1","62.067","0.02054846390849274","1121","0","2311","0.0","1","233","0"
"20:43:18:181 (H:m:s:ms)","20:43:19:0 (H:m:s:ms)","BESTFIT","GENERIC","1","62.019","0.020890716683850345","818","0","2885","0.0","1","475","0"
"20:22:39:393 (H:m:s:ms)","20:22:40:0 (H:m:s:ms)","BESTFIT","GENERIC","1","62.047","0.019344983718311257","640","0","4493","0.0","1","234","0"
"20:43:38:181 (H:m:s:ms)","20:43:39:0 (H:m:s:ms)","BESTFIT","GENERIC","1","62.041","0.02054846390849274","819","0","1062","0.0","1","476","0"
"20:22:42:424 (H:m:s:ms)","20:22:43:0 (H:m:s:ms)","BESTFIT","GENERIC","1","62.103","0.026199083591508247","575","0","1894","0.0","1","235","0"
"20:43:39:493 (H:m:s:ms)","20:43:40:0 (H:m:s:ms)","BESTFIT","OPERA","1","31.009","0.022327896645401184","540","0","2635","0.0","1","477","0"
"20:22:54:545 (H:m:s:ms)","20:22:55:0 (H:m:s:ms)","BESTFIT","GENERIC","1","62.049","0.017870610245943306","455","0","2898","0.0","1","236","0"
"20:43:41:818 (H:m:s:ms)","20:43:42:0 (H:m:s:ms)","BESTFIT","GENERIC","1","62.147","0.023041439453240806","181","0","4462","0.0","1","478","0"
"20:23:11:515 (H:m:s:ms)","20:23:12:0 (H:m:s:ms)","BESTFIT","GENERIC","1","62.081","0.00644832790610377","484","0","2591","0.0","1","237","0"
"20:43:44:810 (H:m:s:ms)","20:43:45:0 (H:m:s:ms)","BESTFIT","OPERA","1","31.009","0.02119143973219648","192","1","2228","0.0","1","479","0"
"20:23:16:363 (H:m:s:ms)","20:23:17:0 (H:m:s:ms)","BESTFIT","GENERIC","1","62.117","0.027259437801627862","636","0","1455","0.0","1","238","0"
"20:23:21:212 (H:m:s:ms)","20:23:22:0 (H:m:s:ms)","BESTFIT","GENERIC","1","62.031","0.029081904869350434","788","1","3644","0.0","1","239","0"
"20:43:46:329 (H:m:s:ms)","20:43:47:0 (H:m:s:ms)","BESTFIT","OPERA","1","31.009","0.02129893615243605","670","0","1551","0.0","1","480","0"
"20:43:48:484 (H:m:s:ms)","20:43:49:0 (H:m:s:ms)","BESTFIT","GENERIC","1","62.073","0.022802933391868178","515","0","2242","0.0","1","481","0"
"20:23:35:151 (H:m:s:ms)","20:23:36:0 (H:m:s:ms)","BESTFIT","GENERIC","1","62.051","0.014163943093313295","848","0","1862","0.0","1","240","0"
"20:43:50:909 (H:m:s:ms)","20:43:52:0 (H:m:s:ms)","BESTFIT","GENERIC","1","62.137","0.018126572389450885","1090","0","4649","0.0","1","482","0"
"20:23:40:0 (H:m:s:ms)","20:23:41:0 (H:m:s:ms)","BESTFIT","GENERIC","1","62.091","0.022861687797197567","1029","0","3285","0.0","1","241","0"
"20:43:52:121 (H:m:s:ms)","20:43:53:0 (H:m:s:ms)","BESTFIT","GENERIC","1","62.083","0.023571523918011247","878","0","4382","0.0","1","483","0"
"20:23:49:696 (H:m:s:ms)","20:23:50:0 (H:m:s:ms)","BESTFIT","GENERIC","1","62.135","0.012072597046671591","337","0","2327","0.0","1","242","0"
"20:43:56:969 (H:m:s:ms)","20:43:58:0 (H:m:s:ms)","BESTFIT","GENERIC","1","62.083","0.01880170571551959","1031","1","2408","0.0","1","484","0"
"20:24:5:454 (H:m:s:ms)","20:24:6:0 (H:m:s:ms)","BESTFIT","GENERIC","1","62.087","0.012019217579395567","545","0","2700","0.0","1","243","0"
"20:44:2:278 (H:m:s:ms)","20:44:3:0 (H:m:s:ms)","BESTFIT","OPERA","1","31.009","0.01880170571551959","721","0","1939","0.0","1","485","0"
"20:24:15:151 (H:m:s:ms)","20:24:16:0 (H:m:s:ms)","BESTFIT","GENERIC","1","62.057","0.009820927516479816","848","0","4574","0.0","1","244","0"
"20:44:2:424 (H:m:s:ms)","20:44:3:0 (H:m:s:ms)","BESTFIT","GENERIC","1","62.121","0.02404865052896029","575","0","3644","0.0","1","486","0"
"20:24:17:575 (H:m:s:ms)","20:24:18:0 (H:m:s:ms)","BESTFIT","GENERIC","1","62.135","0.013684723889301899","424","0","1662","0.0","1","245","0"
"20:44:6:666 (H:m:s:ms)","20:44:7:0 (H:m:s:ms)","BESTFIT","GENERIC","1","62.115","0.030833817113391233","333","0","4237","0.0","1","487","0"
"20:24:25:454 (H:m:s:ms)","20:24:26:0 (H:m:s:ms)","BESTFIT","GENERIC","1","62.101","0.018437321992351735","545","0","4946","0.0","1","246","0"
"20:44:9:696 (H:m:s:ms)","20:44:10:0 (H:m:s:ms)","BESTFIT","GENERIC","1","62.099","0.02283963917109714","325","0","3315","0.0","1","488","0"
"20:24:33:333 (H:m:s:ms)","20:24:34:0 (H:m:s:ms)","BESTFIT","GENERIC","1","62.109","0.01289665581220754","666","0","4388","0.0","1","247","0"
"20:44:15:151 (H:m:s:ms)","20:44:16:0 (H:m:s:ms)","BESTFIT","GENERIC","1","62.057","0.017870610245943306","849","0","2680","0.0","1","489","0"
"20:24:41:818 (H:m:s:ms)","20:24:42:0 (H:m:s:ms)","BESTFIT","GENERIC","1","62.147","0.012019217579395567","181","0","3781","0.0","1","248","0"
"20:24:44:242 (H:m:s:ms)","20:24:45:0 (H:m:s:ms)","BESTFIT","GENERIC","1","62.143","0.021358473245579435","757","0","2270","0.0","1","249","0"
"20:44:16:363 (H:m:s:ms)","20:44:17:0 (H:m:s:ms)","BESTFIT","GENERIC","1","62.117","0.020483411007398988","636","0","3480","0.0","1","490","0"
"20:44:20:606 (H:m:s:ms)","20:44:21:0 (H:m:s:ms)","BESTFIT","GENERIC","1","62.033","0.023590803088616507","393","0","4522","0.0","1","491","0"
"20:24:44:848 (H:m:s:ms)","20:24:45:0 (H:m:s:ms)","BESTFIT","GENERIC","1","62.067","0.022783492100001537","151","0","3270","0.0","1","250","0"
"20:44:21:265 (H:m:s:ms)","20:44:22:0 (H:m:s:ms)","BESTFIT","OPERA","1","31.009","0.020128049504535957","734","0","1245","0.0","1","492","0"
"20:24:46:666 (H:m:s:ms)","20:24:47:0 (H:m:s:ms)","BESTFIT","GENERIC","1","62.025","0.028104334342437448","334","1","1451","0.0","1","251","0"
"20:44:22:424 (H:m:s:ms)","20:44:23:0 (H:m:s:ms)","BESTFIT","GENERIC","1","62.081","0.019662169289238668","575","0","2937","0.0","1","493","0"
"20:24:50:303 (H:m:s:ms)","20:24:51:0 (H:m:s:ms)","BESTFIT","GENERIC","1","62.061","0.019382584080214062","696","0","1669","0.0","1","252","0"
"20:44:24:303 (H:m:s:ms)","20:44:25:0 (H:m:s:ms)","BESTFIT","OPERA","1","31.009","0.025637964206161202","699","0","2749","0.0","1","494","0"
"20:24:58:787 (H:m:s:ms)","20:24:59:0 (H:m:s:ms)","BESTFIT","GENERIC","1","62.115","0.017870610245943306","212","0","3717","0.0","1","253","0"
"20:44:32:658 (H:m:s:ms)","20:44:33:0 (H:m:s:ms)","BESTFIT","OPERA","1","31.009","0.029482976924937277","341","0","2974","0.0","1","495","0"
"20:25:0:0 (H:m:s:ms)","20:25:1:0 (H:m:s:ms)","BESTFIT","GENERIC","1","62.161","0.025292185595122387","1037","1","1194","0.0","1","254","0"
"20:44:32:727 (H:m:s:ms)","20:44:33:0 (H:m:s:ms)","BESTFIT","GENERIC","1","62.079","0.01289665581220754","272","0","2824","0.0","1","496","0"
"20:25:2:424 (H:m:s:ms)","20:25:3:0 (H:m:s:ms)","BESTFIT","GENERIC","1","62.121","0.02615754440041922","575","0","4333","0.0","1","255","0"
"20:44:42:424 (H:m:s:ms)","20:44:43:0 (H:m:s:ms)","BESTFIT","GENERIC","1","62.103","0.018437321992351735","576","0","2984","0.0","1","497","0"
"20:25:6:60 (H:m:s:ms)","20:25:7:0 (H:m:s:ms)","BESTFIT","GENERIC","1","62.077","0.01572906737364577","940","0","2978","0.0","1","256","0"
"20:44:43:30 (H:m:s:ms)","20:44:44:0 (H:m:s:ms)","BESTFIT","GENERIC","1","62.089","0.020973293391735877","969","0","3456","0.0","1","498","0"
"20:25:6:666 (H:m:s:ms)","20:25:7:0 (H:m:s:ms)","BESTFIT","GENERIC","1","62.115","0.023817437821777972","333","0","1882","0.0","1","257","0"
"20:44:46:666 (H:m:s:ms)","20:44:47:0 (H:m:s:ms)","BESTFIT","GENERIC","1","62.025","0.02576048535703353","333","0","2501","0.0","1","499","0"
"20:25:12:121 (H:m:s:ms)","20:25:13:0 (H:m:s:ms)","BESTFIT","GENERIC","1","62.031","0.014163943093313295","879","0","2300","0.0","1","258","0"
"20:25:14:545 (H:m:s:ms)","20:25:15:0 (H:m:s:ms)","BESTFIT","GENERIC","1","62.145","0.029980378975681916","456","0","1910","0.0","1","259","0"
"20:25:24:848 (H:m:s:ms)","20:25:25:0 (H:m:s:ms)","BESTFIT","GENERIC","1","62.081","0.009820927516479816","153","0","1547","0.0","1","260","0"
"20:25:37:575 (H:m:s:ms)","20:25:38:0 (H:m:s:ms)","BESTFIT","GENERIC","1","62.087","0.012019217579395567","424","0","2494","0.0","1","261","0"
"20:25:43:30 (H:m:s:ms)","20:25:44:0 (H:m:s:ms)","BESTFIT","GENERIC","1","62.089","0.019344983718311257","969","0","3979","0.0","1","262","0"
"20:25:49:90 (H:m:s:ms)","20:25:50:0 (H:m:s:ms)","BESTFIT","GENERIC","1","62.111","0.012072597046671591","940","0","1000","0.0","1","263","0"
"20:25:50:909 (H:m:s:ms)","20:25:52:0 (H:m:s:ms)","BESTFIT","GENERIC","1","62.137","0.02945848688799826","1090","0","1283","0.0","1","264","0"
"20:25:51:515 (H:m:s:ms)","20:25:52:0 (H:m:s:ms)","BESTFIT","GENERIC","1","62.067","0.032984898690074926","484","0","3532","0.0","1","265","0"
"20:25:53:333 (H:m:s:ms)","20:25:54:0 (H:m:s:ms)","BESTFIT","GENERIC","1","62.131","0.03438144085452256","667","1","2686","0.0","1","266","0"
"20:25:55:757 (H:m:s:ms)","20:25:56:0 (H:m:s:ms)","BESTFIT","GENERIC","1","62.061","0.03438144085452256","242","0","3186","0.0","1","267","0"
"20:26:9:90 (H:m:s:ms)","20:26:10:0 (H:m:s:ms)","BESTFIT","GENERIC","1","62.031","0.012019217579395567","937","0","1347","0.0","1","268","0"
"20:26:9:696 (H:m:s:ms)","20:26:10:0 (H:m:s:ms)","BESTFIT","GENERIC","1","62.099","0.029159443266389886","331","0","3420","0.0","1","269","0"
"20:26:13:333 (H:m:s:ms)","20:26:14:0 (H:m:s:ms)","BESTFIT","GENERIC","1","62.067","0.030787347171819062","667","0","3200","0.0","1","270","0"
"20:26:20:606 (H:m:s:ms)","20:26:21:0 (H:m:s:ms)","BESTFIT","GENERIC","1","62.033","0.00788397516941039","393","0","3262","0.0","1","271","0"
"20:26:26:666 (H:m:s:ms)","20:26:27:0 (H:m:s:ms)","BESTFIT","GENERIC","1","62.037","0.01289665581220754","333","0","3507","0.0","1","272","0"
"20:26:29:90 (H:m:s:ms)","20:26:30:0 (H:m:s:ms)","BESTFIT","GENERIC","1","62.101","0.029801197273401","941","0","3003","0.0","1","273","0"
"20:26:30:909 (H:m:s:ms)","20:26:32:0 (H:m:s:ms)","BESTFIT","GENERIC","1","62.159","0.033588994123908145","1090","0","3115","0.0","1","274","0"
"20:26:38:787 (H:m:s:ms)","20:26:39:0 (H:m:s:ms)","BESTFIT","GENERIC","1","62.099","0.01576795033882078","213","0","3840","0.0","1","275","0"
"20:27:3:636 (H:m:s:ms)","20:27:4:0 (H:m:s:ms)","BESTFIT","GENERIC","1","62.145","0.012072597046671591","363","0","3984","0.0","1","276","0"
"20:27:7:878 (H:m:s:ms)","20:27:9:0 (H:m:s:ms)","BESTFIT","GENERIC","1","62.049","0.021637650477151743","1121","0","4631","0.0","1","277","0"
"20:27:12:727 (H:m:s:ms)","20:27:13:0 (H:m:s:ms)","BESTFIT","GENERIC","1","62.039","0.022861687797197567","272","0","4576","0.0","1","278","0"
"20:27:15:757 (H:m:s:ms)","20:27:16:0 (H:m:s:ms)","BESTFIT","GENERIC","1","62.077","0.029980378975681916","242","0","2236","0.0","1","279","0"
"20:27:24:242 (H:m:s:ms)","20:27:25:0 (H:m:s:ms)","BESTFIT","GENERIC","1","62.061","0.01289665581220754","758","0","2232","0.0","1","280","0"
"20:27:29:696 (H:m:s:ms)","20:27:30:0 (H:m:s:ms)","BESTFIT","GENERIC","1","62.105","0.021819160236823343","332","0","4604","0.0","1","281","0"
"20:27:31:515 (H:m:s:ms)","20:27:32:0 (H:m:s:ms)","BESTFIT","GENERIC","1","62.093","0.021819160236823343","484","0","1629","0.0","1","282","0"
"20:27:32:121 (H:m:s:ms)","20:27:33:0 (H:m:s:ms)","BESTFIT","GENERIC","1","62.023","0.022829594194063323","878","0","3863","0.0","1","283","0"
"20:27:32:727 (H:m:s:ms)","20:27:33:0 (H:m:s:ms)","BESTFIT","GENERIC","1","62.079","0.028127487957125896","272","0","1040","0.0","1","284","0"
"20:27:35:757 (H:m:s:ms)","20:27:36:0 (H:m:s:ms)","BESTFIT","GENERIC","1","62.043","0.02380827646530079","243","1","3117","0.0","1","285","0"
"20:27:40:606 (H:m:s:ms)","20:27:41:0 (H:m:s:ms)","BESTFIT","GENERIC","1","62.047","0.016811145830444792","393","0","1367","0.0","1","286","0"
"20:27:43:636 (H:m:s:ms)","20:27:44:0 (H:m:s:ms)","BESTFIT","GENERIC","1","62.045","0.02258987606495182","363","0","2881","0.0","1","287","0"
"20:27:45:454 (H:m:s:ms)","20:27:46:0 (H:m:s:ms)","BESTFIT","GENERIC","1","62.047","0.025073619632620104","546","1","2821","0.0","1","288","0"
"20:27:46:60 (H:m:s:ms)","20:27:47:0 (H:m:s:ms)","BESTFIT","GENERIC","1","62.075","0.026007220031814215","939","0","4546","0.0","1","289","0"
"20:27:47:272 (H:m:s:ms)","20:27:48:0 (H:m:s:ms)","BESTFIT","GENERIC","1","62.059","0.028250814795734915","727","0","3677","0.0","1","290","0"
"20:27:56:969 (H:m:s:ms)","20:27:58:0 (H:m:s:ms)","BESTFIT","GENERIC","1","62.083","0.00788397516941039","1030","0","1282","0.0","1","291","0"
"20:27:59:393 (H:m:s:ms)","20:28:0:0 (H:m:s:ms)","BESTFIT","GENERIC","1","62.095","0.019459265553932594","636","1","1552","0.0","1","292","0"
"20:28:1:212 (H:m:s:ms)","20:28:2:0 (H:m:s:ms)","BESTFIT","GENERIC","1","62.051","0.02456360011587879","787","0","4945","0.0","1","293","0"
"20:28:10:303 (H:m:s:ms)","20:28:11:0 (H:m:s:ms)","BESTFIT","GENERIC","1","62.109","0.02054846390849274","697","0","3897","0.0","1","294","0"
"20:28:20:0 (H:m:s:ms)","20:28:21:0 (H:m:s:ms)","BESTFIT","GENERIC","1","62.087","0.018437321992351735","1029","0","1820","0.0","1","295","0"
"20:28:23:30 (H:m:s:ms)","20:28:24:0 (H:m:s:ms)","BESTFIT","GENERIC","1","62.113","0.025447642080297025","969","0","3530","0.0","1","296","0"
"20:28:52:727 (H:m:s:ms)","20:28:53:0 (H:m:s:ms)","BESTFIT","GENERIC","1","62.091","0.019344983718311257","273","0","1496","0.0","1","297","0"
"20:28:53:939 (H:m:s:ms)","20:28:55:0 (H:m:s:ms)","BESTFIT","GENERIC","1","62.069","0.026346982805309286","1060","0","4676","0.0","1","298","0"
"20:28:58:181 (H:m:s:ms)","20:28:59:0 (H:m:s:ms)","BESTFIT","GENERIC","1","62.097","0.021637650477151743","818","0","4231","0.0","1","299","0"
"21:49:24:303 (H:m:s:ms)","21:49:25:0 (H:m:s:ms)","BESTFIT","OPERA","1","62.015","0.02504142890056441","699","0","4918","0.0","1","1305","0"
"21:49:23:30 (H:m:s:ms)","21:49:24:0 (H:m:s:ms)","BESTFIT","GENERIC","1","62.113","0.017870610245943306","969","0","2059","0.0","1","1304","0"
"21:49:16:363 (H:m:s:ms)","21:49:17:0 (H:m:s:ms)","BESTFIT","GENERIC","1","62.117","0.009820927516479816","636","0","4548","0.0","1","1303","0"
"21:49:5:454 (H:m:s:ms)","21:49:6:0 (H:m:s:ms)","BESTFIT","GENERIC","1","62.087","0.015683613001872907","545","0","1904","0.0","1","1302","0"
"21:49:0:606 (H:m:s:ms)","21:49:1:0 (H:m:s:ms)","BESTFIT","GENERIC","1","62.125","0.015967162620731085","393","0","2760","0.0","1","1301","0"
"21:48:55:151 (H:m:s:ms)","21:48:56:0 (H:m:s:ms)","BESTFIT","GENERIC","1","62.177","0.021359884783475568","848","0","3000","0.0","1","1300","0"
"21:49:28:484 (H:m:s:ms)","21:49:29:0 (H:m:s:ms)","BESTFIT","GENERIC","1","62.065","0.039506780660402446","515","0","2393","0.0","1","1309","0"
"21:49:27:878 (H:m:s:ms)","21:49:29:0 (H:m:s:ms)","BESTFIT","GENERIC","1","62.067","0.02954957448712556","1121","0","3298","0.0","1","1308","0"
"21:49:25:822 (H:m:s:ms)","21:49:26:0 (H:m:s:ms)","BESTFIT","OPERA","1","62.015","0.02753134114013401","177","0","4244","0.0","1","1307","0"
"21:49:25:454 (H:m:s:ms)","21:49:26:0 (H:m:s:ms)","BESTFIT","GENERIC","1","62.101","0.025523175484009158","545","0","3375","0.0","1","1306","0"
"21:49:50:909 (H:m:s:ms)","21:49:52:0 (H:m:s:ms)","BESTFIT","GENERIC","1","62.137","0.029869563771833193","1090","0","2651","0.0","1","1316","0"
"21:49:49:696 (H:m:s:ms)","21:49:50:0 (H:m:s:ms)","BESTFIT","GENERIC","1","62.135","0.028055324947646978","328","0","3872","0.0","1","1315","0"
"21:49:49:367 (H:m:s:ms)","21:49:50:0 (H:m:s:ms)","BESTFIT","OPERA","1","62.015","0.00788397516941039","657","0","2662","0.0","1","1314","0"
"21:49:36:455 (H:m:s:ms)","21:49:37:0 (H:m:s:ms)","BESTFIT","OPERA","1","62.015","0.022978599616145623","544","0","4109","0.0","1","1313","0"
"21:49:36:363 (H:m:s:ms)","21:49:37:0 (H:m:s:ms)","BESTFIT","GENERIC","1","62.109","0.022428796431899312","636","0","4614","0.0","1","1312","0"
"21:49:32:727 (H:m:s:ms)","21:49:33:0 (H:m:s:ms)","BESTFIT","GENERIC","1","62.079","0.030841417742047638","272","0","4377","0.0","1","1311","0"
"21:49:30:303 (H:m:s:ms)","21:49:31:0 (H:m:s:ms)","BESTFIT","GENERIC","1","62.091","0.03167359988931061","696","0","3827","0.0","1","1310","0"
"21:50:4:848 (H:m:s:ms)","21:50:5:0 (H:m:s:ms)","BESTFIT","GENERIC","1","62.103","0.018390125152122388","155","0","3476","0.0","1","1319","0"
"21:50:1:818 (H:m:s:ms)","21:50:2:0 (H:m:s:ms)","BESTFIT","GENERIC","1","62.115","0.013684723889301899","181","0","4385","0.0","1","1318","0"
"21:49:56:969 (H:m:s:ms)","21:49:58:0 (H:m:s:ms)","BESTFIT","GENERIC","1","62.083","0.009820927516479816","1030","0","3828","0.0","1","1317","0"
"21:52:3:30 (H:m:s:ms)","21:52:4:0 (H:m:s:ms)","BESTFIT","GENERIC","1","62.087","0.029269583889543295","969","0","3591","0.0","1","1330","0"
"21:51:32:121 (H:m:s:ms)","21:51:33:0 (H:m:s:ms)","BESTFIT","GENERIC","1","62.025","0.017870610245943306","878","0","1971","0.0","1","1327","0"
"21:51:15:757 (H:m:s:ms)","21:51:16:0 (H:m:s:ms)","BESTFIT","GENERIC","1","62.077","0.01576795033882078","242","0","1693","0.0","1","1326","0"
"21:50:58:481 (H:m:s:ms)","21:50:59:0 (H:m:s:ms)","BESTFIT","OPERA","1","62.015","0.009820927516479816","518","0","2772","0.0","1","1325","0"
"21:50:43:30 (H:m:s:ms)","21:50:44:0 (H:m:s:ms)","BESTFIT","GENERIC","1","62.089","0.009820927516479816","969","0","1114","0.0","1","1324","0"
"21:50:33:939 (H:m:s:ms)","0","BESTFIT","GENERIC","0","0","0","1062","0","1052","0","0","1323","0"
"21:50:15:151 (H:m:s:ms)","21:50:16:0 (H:m:s:ms)","BESTFIT","GENERIC","1","62.057","0.020688844478306375","848","0","1334","0.0","1","1322","0"
"21:50:12:727 (H:m:s:ms)","21:50:13:0 (H:m:s:ms)","BESTFIT","GENERIC","1","62.039","0.017040720232458135","273","1","3563","0.0","1","1321","0"
"21:50:10:909 (H:m:s:ms)","21:50:12:0 (H:m:s:ms)","BESTFIT","GENERIC","1","62.019","0.014163943093313295","1090","0","2842","0.0","1","1320","0"
"21:17:15:189 (H:m:s:ms)","21:17:16:0 (H:m:s:ms)","BESTFIT","OPERA","1","62.015","0.017870610245943306","810","0","1421","0.0","1","900","0"
"21:17:28:101 (H:m:s:ms)","21:17:29:0 (H:m:s:ms)","BESTFIT","OPERA","1","62.015","0.012072597046671591","898","0","4871","0.0","1","901","0"
"21:17:29:90 (H:m:s:ms)","21:17:30:0 (H:m:s:ms)","BESTFIT","GENERIC","1","62.101","0.015100071593294247","935","0","1632","0.0","1","902","0"
"21:17:29:620 (H:m:s:ms)","21:17:30:0 (H:m:s:ms)","BESTFIT","OPERA","1","62.017","0.018325959037414054","405","0","3456","0.0","1","903","0"
"21:17:31:139 (H:m:s:ms)","21:17:32:0 (H:m:s:ms)","BESTFIT","OPERA","1","62.015","0.019669347335485043","860","0","4575","0.0","1","904","0"
"21:17:33:939 (H:m:s:ms)","21:17:35:0 (H:m:s:ms)","BESTFIT","GENERIC","1","62.023","0.016898890445624714","1063","0","1790","0.0","1","905","0"
"21:52:2:424 (H:m:s:ms)","21:52:3:0 (H:m:s:ms)","BESTFIT","GENERIC","1","62.121","0.03018571502933398","575","0","2368","0.0","1","1329","0"
"21:17:35:151 (H:m:s:ms)","21:17:36:0 (H:m:s:ms)","BESTFIT","GENERIC","1","62.049","0.020713950833800107","848","0","2265","0.0","1","906","0"
"21:51:57:575 (H:m:s:ms)","21:51:58:0 (H:m:s:ms)","BESTFIT","GENERIC","1","62.031","0.014163943093313295","424","0","4696","0.0","1","1328","0"
"21:17:38:787 (H:m:s:ms)","21:17:39:0 (H:m:s:ms)","BESTFIT","GENERIC","1","62.099","0.02529669286180907","212","0","1455","0.0","1","907","0"
"21:17:44:242 (H:m:s:ms)","21:17:45:0 (H:m:s:ms)","BESTFIT","GENERIC","1","62.143","0.01576795033882078","758","0","4433","0.0","1","908","0"
"21:17:45:454 (H:m:s:ms)","21:17:46:0 (H:m:s:ms)","BESTFIT","GENERIC","1","62.047","0.018390125152122388","545","0","4211","0.0","1","909","0"
"21:52:47:272 (H:m:s:ms)","21:52:48:0 (H:m:s:ms)","BESTFIT","GENERIC","1","62.059","0.019344983718311257","727","0","3638","0.0","1","1341","0"
"21:52:41:818 (H:m:s:ms)","21:52:42:0 (H:m:s:ms)","BESTFIT","GENERIC","1","62.147","0.032533418909736725","181","0","1731","0.0","1","1340","0"
"21:52:38:181 (H:m:s:ms)","21:52:39:0 (H:m:s:ms)","BESTFIT","GENERIC","1","62.039","0.018437321992351735","818","0","2688","0.0","1","1338","0"
"21:52:25:63 (H:m:s:ms)","21:52:26:0 (H:m:s:ms)","BESTFIT","OPERA","1","62.015","0.01576795033882078","936","0","4088","0.0","1","1337","0"
"21:52:17:575 (H:m:s:ms)","21:52:18:0 (H:m:s:ms)","BESTFIT","GENERIC","1","62.135","0.02054846390849274","424","0","2447","0.0","1","1336","0"
"21:52:9:696 (H:m:s:ms)","21:52:10:0 (H:m:s:ms)","BESTFIT","GENERIC","1","62.099","0.034114539677030334","323","0","4980","0.0","1","1335","0"
"21:52:9:90 (H:m:s:ms)","21:52:10:0 (H:m:s:ms)","BESTFIT","GENERIC","1","62.031","0.030168232449412597","929","0","3837","0.0","1","1334","0"
"21:52:7:878 (H:m:s:ms)","21:52:9:0 (H:m:s:ms)","BESTFIT","GENERIC","1","62.049","0.029544946988430656","1121","0","4524","0.0","1","1333","0"
"21:52:4:556 (H:m:s:ms)","21:52:5:0 (H:m:s:ms)","BESTFIT","OPERA","1","62.015","0.03545299896955716","447","0","3705","0.0","1","1332","0"
"21:52:3:636 (H:m:s:ms)","21:52:4:0 (H:m:s:ms)","BESTFIT","GENERIC","1","62.145","0.031486876313260345","363","0","3460","0.0","1","1331","0"
"21:17:49:696 (H:m:s:ms)","21:17:50:0 (H:m:s:ms)","BESTFIT","GENERIC","1","62.135","0.02139820818662628","322","0","3695","0.0","1","910","0"
"21:17:56:969 (H:m:s:ms)","21:17:58:0 (H:m:s:ms)","BESTFIT","GENERIC","1","62.083","0.009820927516479816","1030","0","1737","0.0","1","911","0"
"21:17:59:393 (H:m:s:ms)","21:18:0:0 (H:m:s:ms)","BESTFIT","GENERIC","1","62.095","0.020318045119199244","629","0","2488","0.0","1","912","0"
"21:18:0:0 (H:m:s:ms)","21:18:1:0 (H:m:s:ms)","BESTFIT","AMBULANCE","1","31.039","0.02393605149204436","1023","0","1131","0.0","1","913","0"
"21:18:0:0 (H:m:s:ms)","21:18:1:0 (H:m:s:ms)","BESTFIT","GENERIC","1","62.095","0.024633495449084997","1023","0","3863","0.0","1","914","0"
"21:18:4:242 (H:m:s:ms)","21:18:5:0 (H:m:s:ms)","BESTFIT","GENERIC","1","62.085","0.02352531813797928","759","0","3163","0.0","1","915","0"
"21:18:9:113 (H:m:s:ms)","21:18:10:0 (H:m:s:ms)","BESTFIT","OPERA","1","62.015","0.019422140388547525","909","0","1376","0.0","1","916","0"
"21:18:13:939 (H:m:s:ms)","21:18:15:0 (H:m:s:ms)","BESTFIT","GENERIC","1","62.093","0.02310015295090409","1062","0","4833","0.0","1","917","0"
"21:52:39:393 (H:m:s:ms)","21:52:40:0 (H:m:s:ms)","BESTFIT","GENERIC","1","62.047","0.032172207288128925","629","0","1660","0.0","1","1339","0"
"21:18:20:0 (H:m:s:ms)","21:18:21:0 (H:m:s:ms)","BESTFIT","GENERIC","1","62.087","0.018437321992351735","1022","0","1300","0.0","1","918","0"
"21:18:29:696 (H:m:s:ms)","21:18:30:0 (H:m:s:ms)","BESTFIT","GENERIC","1","62.103","0.01576795033882078","322","0","3973","0.0","1","919","0"
"21:32:29:696 (H:m:s:ms)","21:32:30:0 (H:m:s:ms)","BESTFIT","GENERIC","1","62.105","0.029482976924937277","327","0","1581","0.0","1","1110","0"
"21:54:16:969 (H:m:s:ms)","21:54:18:0 (H:m:s:ms)","BESTFIT","GENERIC","1","62.053","0.02134400214053801","1031","0","3261","0.0","1","1352","0"
"21:54:12:631 (H:m:s:ms)","21:54:13:0 (H:m:s:ms)","BESTFIT","AMBULANCE","1","62.089","0.012072597046671591","368","0","1373","0.0","1","1351","0"
"21:53:48:607 (H:m:s:ms)","21:53:49:0 (H:m:s:ms)","BESTFIT","OPERA","1","62.017","0.02439152140990498","392","0","4801","0.0","1","1350","0"
"21:32:20:0 (H:m:s:ms)","21:32:21:0 (H:m:s:ms)","BESTFIT","GENERIC","1","62.085","0.017870610245943306","1022","0","3136","0.0","1","1107","0"
"21:53:47:878 (H:m:s:ms)","21:53:49:0 (H:m:s:ms)","BESTFIT","GENERIC","1","62.089","0.02229231127808643","1121","0","1164","0.0","1","1349","0"
"21:32:14:545 (H:m:s:ms)","21:32:15:0 (H:m:s:ms)","BESTFIT","GENERIC","1","62.145","0.03076958387499007","458","0","2350","0.0","1","1106","0"
"21:53:46:60 (H:m:s:ms)","21:53:47:0 (H:m:s:ms)","BESTFIT","GENERIC","1","62.075","0.032061092834102675","939","0","2652","0.0","1","1348","0"
"21:32:12:727 (H:m:s:ms)","21:32:13:0 (H:m:s:ms)","BESTFIT","GENERIC","1","62.039","0.01576795033882078","272","0","2305","0.0","1","1105","0"
"21:53:45:454 (H:m:s:ms)","21:53:46:0 (H:m:s:ms)","BESTFIT","GENERIC","1","62.047","0.030200143186588493","545","0","4630","0.0","1","1347","0"
"21:32:4:848 (H:m:s:ms)","21:32:5:0 (H:m:s:ms)","BESTFIT","GENERIC","1","62.103","0.029081904869350434","153","0","2625","0.0","1","1104","0"
"21:53:41:52 (H:m:s:ms)","21:53:42:0 (H:m:s:ms)","BESTFIT","AMBULANCE","1","62.013","0.024145194093343182","947","0","1245","0.0","1","1346","0"
"21:32:3:636 (H:m:s:ms)","21:32:4:0 (H:m:s:ms)","BESTFIT","GENERIC","1","62.145","0.012019217579395567","363","0","3556","0.0","1","1103","0"
"21:53:35:151 (H:m:s:ms)","21:53:36:0 (H:m:s:ms)","BESTFIT","GENERIC","1","62.051","0.017870610245943306","848","0","1922","0.0","1","1345","0"
"21:31:56:842 (H:m:s:ms)","21:31:57:0 (H:m:s:ms)","BESTFIT","AMBULANCE","1","62.079","0.02130038727620627","157","0","1481","0.0","1","1102","0"
"21:53:21:212 (H:m:s:ms)","21:53:22:0 (H:m:s:ms)","BESTFIT","GENERIC","1","62.031","0.017870610245943306","787","0","4365","0.0","1","1344","0"
"21:31:55:757 (H:m:s:ms)","21:31:56:0 (H:m:s:ms)","BESTFIT","GENERIC","1","62.061","0.015100071593294247","242","0","4872","0.0","1","1101","0"
"21:52:59:393 (H:m:s:ms)","21:53:0:0 (H:m:s:ms)","BESTFIT","GENERIC","1","62.095","0.012376531500442376","626","0","4018","0.0","1","1343","0"
"21:18:30:379 (H:m:s:ms)","21:18:31:0 (H:m:s:ms)","BESTFIT","OPERA","1","62.015","0.018390125152122388","620","0","4685","0.0","1","920","0"
"21:31:50:909 (H:m:s:ms)","21:31:52:0 (H:m:s:ms)","BESTFIT","GENERIC","1","62.137","0.012072597046671591","1090","0","2392","0.0","1","1100","0"
"21:52:58:181 (H:m:s:ms)","21:52:59:0 (H:m:s:ms)","BESTFIT","GENERIC","1","62.097","0.00788397516941039","818","0","2618","0.0","1","1342","0"
"21:18:32:121 (H:m:s:ms)","21:18:33:0 (H:m:s:ms)","BESTFIT","GENERIC","1","62.025","0.02139820818662628","878","0","1900","0.0","1","921","0"
"21:18:35:757 (H:m:s:ms)","21:18:36:0 (H:m:s:ms)","BESTFIT","GENERIC","1","62.043","0.023406114456806418","242","0","2294","0.0","1","922","0"
"21:18:38:734 (H:m:s:ms)","21:18:39:0 (H:m:s:ms)","BESTFIT","OPERA","1","62.015","0.020973293391735877","266","0","1353","0.0","1","923","0"
"21:18:43:636 (H:m:s:ms)","21:18:44:0 (H:m:s:ms)","BESTFIT","GENERIC","1","62.045","0.01571659008624689","364","0","4898","0.0","1","924","0"
"21:18:44:848 (H:m:s:ms)","21:18:45:0 (H:m:s:ms)","BESTFIT","GENERIC","1","62.067","0.014943085507339743","155","0","3227","0.0","1","925","0"
"21:19:0:0 (H:m:s:ms)","21:19:1:0 (H:m:s:ms)","BESTFIT","GENERIC","1","62.163","0.02054846390849274","1026","0","2098","0.0","1","926","0"
"21:19:6:315 (H:m:s:ms)","0","BESTFIT","AMBULANCE","0","0","0","684","0","518","0","0","927","0"
"21:32:29:90 (H:m:s:ms)","21:32:30:0 (H:m:s:ms)","BESTFIT","GENERIC","1","62.101","0.01289665581220754","933","0","4100","0.0","1","1109","0"
"21:19:15:757 (H:m:s:ms)","21:19:16:0 (H:m:s:ms)","BESTFIT","GENERIC","1","62.077","0.014163943093313295","242","0","4620","0.0","1","928","0"
"21:32:20:606 (H:m:s:ms)","21:32:21:0 (H:m:s:ms)","BESTFIT","GENERIC","1","62.033","0.031851869579750794","393","0","4038","0.0","1","1108","0"
"21:19:24:303 (H:m:s:ms)","21:19:25:0 (H:m:s:ms)","BESTFIT","OPERA","1","62.015","0.01289665581220754","699","0","2428","0.0","1","929","0"
"21:33:22:424 (H:m:s:ms)","21:33:23:0 (H:m:s:ms)","BESTFIT","GENERIC","1","62.081","0.00788397516941039","575","0","1605","0.0","1","1121","0"
"21:58:47:878 (H:m:s:ms)","21:58:49:0 (H:m:s:ms)","BESTFIT","GENERIC","1","62.089","0.012072597046671591","1121","0","1330","0.0","1","1363","0"
"21:33:14:430 (H:m:s:ms)","21:33:15:0 (H:m:s:ms)","BESTFIT","OPERA","1","62.015","0.011524010463431694","571","0","4126","0.0","1","1120","0"
"21:58:11:515 (H:m:s:ms)","21:58:12:0 (H:m:s:ms)","BESTFIT","GENERIC","1","62.081","0.018437321992351735","485","0","4884","0.0","1","1362","0"
"21:57:35:757 (H:m:s:ms)","21:57:36:0 (H:m:s:ms)","BESTFIT","GENERIC","1","62.043","0.017870610245943306","242","0","3879","0.0","1","1361","0"
"21:57:29:90 (H:m:s:ms)","21:57:30:0 (H:m:s:ms)","BESTFIT","GENERIC","1","62.101","0.01289665581220754","920","0","1341","0.0","1","1360","0"
"21:33:6:835 (H:m:s:ms)","21:33:7:0 (H:m:s:ms)","BESTFIT","OPERA","1","62.015","0.02054846390849274","164","0","3298","0.0","1","1118","0"
"21:32:59:240 (H:m:s:ms)","21:33:0:0 (H:m:s:ms)","BESTFIT","OPERA","1","62.015","0.03410887533423273","780","0","1626","0.0","1","1117","0"
"21:57:23:636 (H:m:s:ms)","21:57:24:0 (H:m:s:ms)","BESTFIT","GENERIC","1","62.059","0.02054846390849274","363","0","1141","0.0","1","1359","0"
"21:32:58:787 (H:m:s:ms)","21:32:59:0 (H:m:s:ms)","BESTFIT","GENERIC","1","62.115","0.03376886119123329","212","0","3163","0.0","1","1116","0"
"21:56:58:787 (H:m:s:ms)","21:56:59:0 (H:m:s:ms)","BESTFIT","GENERIC","1","62.115","0.012072597046671591","212","0","2439","0.0","1","1358","0"
"21:32:54:683 (H:m:s:ms)","21:32:55:0 (H:m:s:ms)","BESTFIT","OPERA","1","62.015","0.029801197273401","321","0","1815","0.0","1","1115","0"
"21:56:4:242 (H:m:s:ms)","21:56:5:0 (H:m:s:ms)","BESTFIT","GENERIC","1","62.085","0.02134400214053801","761","0","2408","0.0","1","1357","0"
"21:32:49:90 (H:m:s:ms)","21:32:50:0 (H:m:s:ms)","BESTFIT","GENERIC","1","62.109","0.02210347558624083","935","0","1914","0.0","1","1114","0"
"21:56:0:0 (H:m:s:ms)","21:56:1:0 (H:m:s:ms)","BESTFIT","GENERIC","1","62.095","0.012072597046671591","1014","0","4018","0.0","1","1356","0"
"21:32:44:50 (H:m:s:ms)","21:32:45:0 (H:m:s:ms)","BESTFIT","OPERA","1","62.015","0.026346982805309286","952","0","3197","0.0","1","1113","0"
"21:55:52:727 (H:m:s:ms)","21:55:53:0 (H:m:s:ms)","BESTFIT","GENERIC","1","62.091","0.01289665581220754","272","0","2318","0.0","1","1355","0"
"21:19:25:63 (H:m:s:ms)","21:19:26:0 (H:m:s:ms)","BESTFIT","OPERA","1","31.009","0.01600915394691176","936","0","1171","0.0","1","930","0"
"21:32:41:52 (H:m:s:ms)","21:32:42:0 (H:m:s:ms)","BESTFIT","AMBULANCE","1","62.011","0.019344983718311257","947","0","962","0.0","1","1112","0"
"21:54:52:121 (H:m:s:ms)","21:54:53:0 (H:m:s:ms)","BESTFIT","GENERIC","1","62.083","0.014163943093313295","878","0","3079","0.0","1","1354","0"
"21:19:27:878 (H:m:s:ms)","21:19:29:0 (H:m:s:ms)","BESTFIT","GENERIC","1","62.067","0.022120493360786947","1121","0","1140","0.0","1","931","0"
"21:32:34:545 (H:m:s:ms)","21:32:35:0 (H:m:s:ms)","BESTFIT","GENERIC","1","62.053","0.03168256055533436","459","0","3101","0.0","1","1111","0"
"21:54:21:818 (H:m:s:ms)","21:54:22:0 (H:m:s:ms)","BESTFIT","GENERIC","1","62.155","0.020204955111744097","181","0","1099","0.0","1","1353","0"
"21:19:34:936 (H:m:s:ms)","21:19:36:0 (H:m:s:ms)","BESTFIT","OPERA","1","62.015","0.00788397516941039","1065","0","3474","0.0","1","932","0"
"21:19:36:969 (H:m:s:ms)","21:19:38:0 (H:m:s:ms)","BESTFIT","GENERIC","1","62.085","0.012055712523557234","1031","1","3555","0.0","1","933","0"
"21:19:41:818 (H:m:s:ms)","21:19:42:0 (H:m:s:ms)","BESTFIT","GENERIC","1","62.147","0.012055712523557234","181","0","1149","0.0","1","934","0"
"21:19:50:303 (H:m:s:ms)","21:19:51:0 (H:m:s:ms)","BESTFIT","GENERIC","1","62.061","0.02054846390849274","696","0","3747","0.0","1","935","0"
"21:19:53:333 (H:m:s:ms)","21:19:54:0 (H:m:s:ms)","BESTFIT","GENERIC","1","62.131","0.022327896645401184","666","0","1495","0.0","1","936","0"
"21:20:0:606 (H:m:s:ms)","21:20:1:0 (H:m:s:ms)","BESTFIT","GENERIC","1","62.125","0.00644832790610377","398","0","1810","0.0","1","937","0"
"21:20:4:848 (H:m:s:ms)","21:20:5:0 (H:m:s:ms)","BESTFIT","GENERIC","1","62.103","0.01880170571551959","153","0","3529","0.0","1","938","0"
"21:20:7:878 (H:m:s:ms)","21:20:9:0 (H:m:s:ms)","BESTFIT","GENERIC","1","62.049","0.02258987606495182","1121","0","4226","0.0","1","939","0"
"21:33:12:121 (H:m:s:ms)","21:33:13:0 (H:m:s:ms)","BESTFIT","GENERIC","1","62.031","0.00644832790610377","878","0","2319","0.0","1","1119","0"
"21:34:1:212 (H:m:s:ms)","21:34:2:0 (H:m:s:ms)","BESTFIT","GENERIC","1","62.051","0.023906203386780702","787","0","2152","0.0","1","1132","0"
"21:34:0:0 (H:m:s:ms)","21:34:1:0 (H:m:s:ms)","BESTFIT","GENERIC","1","62.161","0.02136375412432659","1017","0","1910","0.0","1","1131","0"
"21:34:0:0 (H:m:s:ms)","21:34:1:0 (H:m:s:ms)","BESTFIT","GENERIC","1","62.095","0.014888670679978117","1017","0","3113","0.0","1","1130","0"
"21:33:58:181 (H:m:s:ms)","21:33:59:0 (H:m:s:ms)","BESTFIT","GENERIC","1","62.097","0.010962724404325285","818","0","3639","0.0","1","1129","0"
"21:33:56:202 (H:m:s:ms)","21:33:57:0 (H:m:s:ms)","BESTFIT","OPERA","1","62.015","0.015614260486636847","797","0","4208","0.0","1","1128","0"
"21:33:52:121 (H:m:s:ms)","21:33:53:0 (H:m:s:ms)","BESTFIT","GENERIC","1","62.083","0.01289665581220754","878","0","2316","0.0","1","1127","0"
"21:33:39:493 (H:m:s:ms)","21:33:40:0 (H:m:s:ms)","BESTFIT","OPERA","1","62.015","0.026111380501224617","530","0","1304","0.0","1","1126","0"
"21:33:39:393 (H:m:s:ms)","21:33:40:0 (H:m:s:ms)","BESTFIT","GENERIC","1","62.047","0.021227124164454752","630","1","2954","0.0","1","1125","0"
"21:20:12:727 (H:m:s:ms)","21:20:13:0 (H:m:s:ms)","BESTFIT","GENERIC","1","62.039","0.02310015295090409","272","0","2378","0.0","1","940","0"
"21:33:33:939 (H:m:s:ms)","21:33:35:0 (H:m:s:ms)","BESTFIT","GENERIC","1","62.025","0.016674287922854726","1062","0","1156","0.0","1","1124","0"
"21:20:14:545 (H:m:s:ms)","21:20:15:0 (H:m:s:ms)","BESTFIT","GENERIC","1","62.145","0.019938115419222722","457","0","4931","0.0","1","941","0"
"21:33:32:121 (H:m:s:ms)","21:33:33:0 (H:m:s:ms)","BESTFIT","GENERIC","1","62.025","0.022691082984910734","878","0","2266","0.0","1","1123","0"
"21:0:47:878 (H:m:s:ms)","21:0:48:0 (H:m:s:ms)","BESTFIT","GENERIC","1","62.089","0.029403624773383798","121","0","4831","0.0","1","700","0"
"21:20:15:151 (H:m:s:ms)","21:20:16:0 (H:m:s:ms)","BESTFIT","GENERIC","1","62.057","0.024943012899532165","848","0","2868","0.0","1","942","0"
"21:33:27:272 (H:m:s:ms)","21:33:28:0 (H:m:s:ms)","BESTFIT","GENERIC","1","62.057","0.019459265553932594","727","0","3514","0.0","1","1122","0"
"21:0:51:515 (H:m:s:ms)","21:0:52:0 (H:m:s:ms)","BESTFIT","GENERIC","1","62.067","0.03368731653124209","484","0","4271","0.0","1","701","0"
"21:20:18:181 (H:m:s:ms)","21:20:19:0 (H:m:s:ms)","BESTFIT","GENERIC","1","62.019","0.024469611623223468","818","0","1613","0.0","1","943","0"
"21:0:59:393 (H:m:s:ms)","21:1:0:0 (H:m:s:ms)","BESTFIT","GENERIC","1","62.095","0.00644832790610377","624","0","1868","0.0","1","702","0"
"21:20:22:424 (H:m:s:ms)","21:20:23:0 (H:m:s:ms)","BESTFIT","GENERIC","1","62.081","0.01933942770295656","575","0","2413","0.0","1","944","0"
"21:1:0:0 (H:m:s:ms)","21:1:1:0 (H:m:s:ms)","BESTFIT","GENERIC","1","62.095","0.01117576324051892","1018","0","2354","0.0","1","703","0"
"21:20:28:484 (H:m:s:ms)","21:20:29:0 (H:m:s:ms)","BESTFIT","GENERIC","1","62.065","0.01289665581220754","516","1","3541","0.0","1","945","0"
"21:1:3:157 (H:m:s:ms)","0","BESTFIT","AMBULANCE","0","0","0","842","0","701","0","0","704","0"
"21:20:31:515 (H:m:s:ms)","21:20:32:0 (H:m:s:ms)","BESTFIT","GENERIC","1","62.093","0.02235152648103784","484","0","3526","0.0","1","946","0"
"21:1:12:727 (H:m:s:ms)","21:1:13:0 (H:m:s:ms)","BESTFIT","GENERIC","1","62.039","0.009820927516479816","272","0","2111","0.0","1","705","0"
"21:20:32:727 (H:m:s:ms)","21:20:33:0 (H:m:s:ms)","BESTFIT","GENERIC","1","62.079","0.023708245163028732","272","0","1704","0.0","1","947","0"
"21:1:16:363 (H:m:s:ms)","21:1:17:0 (H:m:s:ms)","BESTFIT","GENERIC","1","62.117","0.013397766456316644","636","0","3580","0.0","1","706","0"
"21:20:33:333 (H:m:s:ms)","21:20:34:0 (H:m:s:ms)","BESTFIT","GENERIC","1","62.109","0.02586509450218809","666","0","3198","0.0","1","948","0"
"21:1:22:105 (H:m:s:ms)","0","BESTFIT","AMBULANCE","0","0","0","894","0","627","0","0","707","0"
"21:20:41:212 (H:m:s:ms)","21:20:42:0 (H:m:s:ms)","BESTFIT","GENERIC","1","62.045","0.017870610245943306","787","0","3851","0.0","1","949","0"
"21:1:23:30 (H:m:s:ms)","21:1:24:0 (H:m:s:ms)","BESTFIT","GENERIC","1","62.113","0.014163943093313295","969","0","4942","0.0","1","708","0"
"21:1:33:333 (H:m:s:ms)","21:1:34:0 (H:m:s:ms)","BESTFIT","GENERIC","1","62.109","0.018437321992351735","666","0","1894","0.0","1","709","0"
"21:34:40:606 (H:m:s:ms)","21:34:41:0 (H:m:s:ms)","BESTFIT","GENERIC","1","62.049","0.022698225929637272","393","0","1379","0.0","1","1143","0"
"21:34:40:0 (H:m:s:ms)","21:34:41:0 (H:m:s:ms)","BESTFIT","GENERIC","1","62.091","0.020204955111744097","1030","0","1991","0.0","1","1142","0"
"21:34:38:181 (H:m:s:ms)","21:34:39:0 (H:m:s:ms)","BESTFIT","GENERIC","1","62.039","0.009820927516479816","818","0","2960","0.0","1","1141","0"
"21:34:30:303 (H:m:s:ms)","21:34:31:0 (H:m:s:ms)","BESTFIT","GENERIC","1","62.091","0.01576795033882078","696","0","4260","0.0","1","1140","0"
"21:34:23:636 (H:m:s:ms)","21:34:24:0 (H:m:s:ms)","BESTFIT","GENERIC","1","62.059","0.012019217579395567","363","0","2948","0.0","1","1139","0"
"21:34:17:575 (H:m:s:ms)","21:34:18:0 (H:m:s:ms)","BESTFIT","GENERIC","1","62.135","0.025905549020224742","424","0","3511","0.0","1","1138","0"
"21:34:13:939 (H:m:s:ms)","21:34:15:0 (H:m:s:ms)","BESTFIT","GENERIC","1","62.093","0.019422140388547525","1063","0","4117","0.0","1","1137","0"
"21:20:47:88 (H:m:s:ms)","21:20:48:0 (H:m:s:ms)","BESTFIT","OPERA","1","62.015","0.014163943093313295","911","0","3705","0.0","1","950","0"
"21:34:11:392 (H:m:s:ms)","21:34:12:0 (H:m:s:ms)","BESTFIT","OPERA","1","62.015","0.011524010463431694","607","0","1995","0.0","1","1136","0"
"21:20:47:272 (H:m:s:ms)","21:20:48:0 (H:m:s:ms)","BESTFIT","GENERIC","1","62.059","0.022861687797197567","727","0","4710","0.0","1","951","0"
"21:34:7:878 (H:m:s:ms)","0","BESTFIT","GENERIC","0","0","0","1121","0","1064","0","0","1135","0"
"21:1:36:455 (H:m:s:ms)","21:1:37:0 (H:m:s:ms)","BESTFIT","OPERA","1","31.01","0.020405000688641713","544","0","2376","0.0","1","710","0"
"21:21:3:636 (H:m:s:ms)","21:21:4:0 (H:m:s:ms)","BESTFIT","GENERIC","1","62.145","0.009820927516479816","363","0","1189","0.0","1","952","0"
"21:34:6:60 (H:m:s:ms)","21:34:7:0 (H:m:s:ms)","BESTFIT","GENERIC","1","62.077","0.016516554833271815","939","0","1576","0.0","1","1134","0"
"21:1:37:894 (H:m:s:ms)","21:1:38:0 (H:m:s:ms)","BESTFIT","AMBULANCE","1","31.039","0.023525980275670225","105","0","505","0.0","1","711","0"
"21:21:17:468 (H:m:s:ms)","21:21:18:0 (H:m:s:ms)","BESTFIT","OPERA","1","31.009","0.014163943093313295","531","0","1571","0.0","1","953","0"
"21:34:5:454 (H:m:s:ms)","21:34:6:0 (H:m:s:ms)","BESTFIT","GENERIC","1","62.087","0.022786883664037545","545","0","2762","0.0","1","1133","0"
"21:1:38:787 (H:m:s:ms)","21:1:39:0 (H:m:s:ms)","BESTFIT","GENERIC","1","62.099","0.028001012227712323","212","0","3195","0.0","1","712","0"
"21:21:19:393 (H:m:s:ms)","21:21:20:0 (H:m:s:ms)","BESTFIT","GENERIC","1","62.075","0.022861687797197567","626","0","1819","0.0","1","954","0"
"21:1:49:90 (H:m:s:ms)","21:1:50:0 (H:m:s:ms)","BESTFIT","GENERIC","1","62.111","0.00788397516941039","929","0","1420","0.0","1","713","0"
"21:21:20:606 (H:m:s:ms)","21:21:21:0 (H:m:s:ms)","BESTFIT","GENERIC","1","62.033","0.02418616955412273","393","0","3457","0.0","1","955","0"
"21:1:53:333 (H:m:s:ms)","21:1:54:0 (H:m:s:ms)","BESTFIT","GENERIC","1","62.131","0.01933942770295656","666","0","4315","0.0","1","714","0"
"21:21:37:575 (H:m:s:ms)","21:21:38:0 (H:m:s:ms)","BESTFIT","GENERIC","1","62.087","0.02054846390849274","424","0","2930","0.0","1","956","0"
"21:1:55:151 (H:m:s:ms)","21:1:56:0 (H:m:s:ms)","BESTFIT","GENERIC","1","62.177","0.025447642080297025","848","0","2410","0.0","1","715","0"
"21:21:40:606 (H:m:s:ms)","21:21:41:0 (H:m:s:ms)","BESTFIT","GENERIC","1","62.049","0.027239200796151854","393","0","4671","0.0","1","957","0"
"21:2:2:424 (H:m:s:ms)","21:2:3:0 (H:m:s:ms)","BESTFIT","GENERIC","1","62.121","0.012019217579395567","575","0","2170","0.0","1","716","0"
"21:21:46:60 (H:m:s:ms)","21:21:47:0 (H:m:s:ms)","BESTFIT","GENERIC","1","62.075","0.019344983718311257","939","0","1403","0.0","1","958","0"
"21:2:10:909 (H:m:s:ms)","21:2:12:0 (H:m:s:ms)","BESTFIT","GENERIC","1","62.019","0.014163943093313295","1091","0","1242","0.0","1","717","0"
"21:21:52:121 (H:m:s:ms)","21:21:53:0 (H:m:s:ms)","BESTFIT","GENERIC","1","62.083","0.018437321992351735","878","0","1611","0.0","1","959","0"
"21:2:14:545 (H:m:s:ms)","21:2:15:0 (H:m:s:ms)","BESTFIT","GENERIC","1","62.145","0.02310015295090409","457","0","2642","0.0","1","718","0"
"21:2:24:242 (H:m:s:ms)","21:2:25:0 (H:m:s:ms)","BESTFIT","GENERIC","1","62.061","0.017870610245943306","758","0","4394","0.0","1","719","0"
"21:35:56:363 (H:m:s:ms)","21:35:57:0 (H:m:s:ms)","BESTFIT","GENERIC","1","62.061","0.028611495554626762","636","0","2144","0.0","1","1154","0"
"21:35:54:545 (H:m:s:ms)","21:35:55:0 (H:m:s:ms)","BESTFIT","GENERIC","1","62.049","0.023627244209691946","456","0","3886","0.0","1","1153","0"
"21:35:53:333 (H:m:s:ms)","21:35:54:0 (H:m:s:ms)","BESTFIT","GENERIC","1","62.131","0.023627244209691946","667","0","3676","0.0","1","1152","0"
"21:35:47:878 (H:m:s:ms)","21:35:49:0 (H:m:s:ms)","BESTFIT","GENERIC","1","62.089","0.01576795033882078","1121","0","2945","0.0","1","1151","0"
"21:35:35:696 (H:m:s:ms)","21:35:36:0 (H:m:s:ms)","BESTFIT","OPERA","1","62.015","0.02054846390849274","303","0","4331","0.0","1","1150","0"
"21:35:28:860 (H:m:s:ms)","21:35:29:0 (H:m:s:ms)","BESTFIT","OPERA","1","62.015","0.019344983718311257","139","0","4207","0.0","1","1149","0"
"21:21:53:924 (H:m:s:ms)","21:21:55:0 (H:m:s:ms)","BESTFIT","OPERA","1","62.015","0.025447642080297025","1079","0","2306","0.0","1","960","0"
"21:35:18:787 (H:m:s:ms)","21:35:19:0 (H:m:s:ms)","BESTFIT","GENERIC","1","62.075","0.009820927516479816","212","0","2071","0.0","1","1148","0"
"21:22:1:818 (H:m:s:ms)","21:22:2:0 (H:m:s:ms)","BESTFIT","GENERIC","1","62.115","0.018437321992351735","181","0","3393","0.0","1","961","0"
"21:35:11:515 (H:m:s:ms)","21:35:12:0 (H:m:s:ms)","BESTFIT","GENERIC","1","62.081","0.014066813245711502","484","0","1097","0.0","1","1147","0"
"21:2:32:121 (H:m:s:ms)","21:2:33:0 (H:m:s:ms)","BESTFIT","GENERIC","1","62.023","0.01576795033882078","878","0","1649","0.0","1","720","0"
"21:22:2:424 (H:m:s:ms)","21:22:3:0 (H:m:s:ms)","BESTFIT","GENERIC","1","62.121","0.02051861606259186","575","0","4410","0.0","1","962","0"
"21:35:8:484 (H:m:s:ms)","21:35:9:0 (H:m:s:ms)","BESTFIT","GENERIC","1","62.077","0.012814274658459367","515","0","4503","0.0","1","1146","0"
"21:2:32:727 (H:m:s:ms)","21:2:33:0 (H:m:s:ms)","BESTFIT","GENERIC","1","62.079","0.02372261810425408","272","0","1801","0.0","1","721","0"
"21:22:7:272 (H:m:s:ms)","21:22:8:0 (H:m:s:ms)","BESTFIT","GENERIC","1","62.035","0.015079042035559867","727","0","1363","0.0","1","963","0"
"21:35:7:272 (H:m:s:ms)","21:35:8:0 (H:m:s:ms)","BESTFIT","GENERIC","1","62.035","0.00788397516941039","727","0","4899","0.0","1","1145","0"
"21:2:36:363 (H:m:s:ms)","21:2:37:0 (H:m:s:ms)","BESTFIT","GENERIC","1","62.109","0.028687447450262693","636","0","1720","0.0","1","722","0"
"21:22:18:227 (H:m:s:ms)","21:22:19:0 (H:m:s:ms)","BESTFIT","OPERA","1","62.017","0.017870610245943306","772","0","1650","0.0","1","964","0"
"21:34:56:969 (H:m:s:ms)","21:34:58:0 (H:m:s:ms)","BESTFIT","GENERIC","1","62.083","0.017870610245943306","1030","0","1791","0.0","1","1144","0"
"21:2:36:969 (H:m:s:ms)","21:2:38:0 (H:m:s:ms)","BESTFIT","GENERIC","1","62.085","0.031075008373401138","1030","0","3332","0.0","1","723","0"
"21:22:21:818 (H:m:s:ms)","21:22:22:0 (H:m:s:ms)","BESTFIT","GENERIC","1","62.155","0.020210794586920156","181","0","3016","0.0","1","965","0"
"21:2:43:636 (H:m:s:ms)","21:2:44:0 (H:m:s:ms)","BESTFIT","GENERIC","1","62.045","0.02054846390849274","363","0","3487","0.0","1","724","0"
"21:22:34:545 (H:m:s:ms)","21:22:35:0 (H:m:s:ms)","BESTFIT","GENERIC","1","62.053","0.00788397516941039","456","0","4410","0.0","1","966","0"
"21:2:47:272 (H:m:s:ms)","21:2:48:0 (H:m:s:ms)","BESTFIT","GENERIC","1","62.059","0.022327896645401184","727","0","1523","0.0","1","725","0"
"21:22:46:329 (H:m:s:ms)","21:22:47:0 (H:m:s:ms)","BESTFIT","OPERA","1","62.015","0.014163943093313295","670","0","3699","0.0","1","967","0"
"21:2:57:721 (H:m:s:ms)","21:2:58:0 (H:m:s:ms)","BESTFIT","OPERA","1","31.009","0.018437321992351735","279","0","2830","0.0","1","726","0"
"21:22:47:368 (H:m:s:ms)","21:22:48:0 (H:m:s:ms)","BESTFIT","AMBULANCE","1","62.095","0.03848450837772583","632","0","1418","0.0","1","968","0"
"21:3:7:272 (H:m:s:ms)","21:3:8:0 (H:m:s:ms)","BESTFIT","GENERIC","1","62.035","0.018437321992351735","727","0","3398","0.0","1","727","0"
"21:22:51:515 (H:m:s:ms)","21:22:52:0 (H:m:s:ms)","BESTFIT","GENERIC","1","62.067","0.039693838169183454","484","0","4105","0.0","1","969","0"
"21:3:9:696 (H:m:s:ms)","21:3:10:0 (H:m:s:ms)","BESTFIT","GENERIC","1","62.099","0.020708740489340252","325","0","4168","0.0","1","728","0"
"21:3:15:151 (H:m:s:ms)","21:3:16:0 (H:m:s:ms)","BESTFIT","GENERIC","1","62.057","0.019344983718311257","848","0","2484","0.0","1","729","0"
"21:36:51:515 (H:m:s:ms)","21:36:52:0 (H:m:s:ms)","BESTFIT","GENERIC","1","62.067","0.009820927516479816","484","0","2510","0.0","1","1165","0"
"21:36:41:818 (H:m:s:ms)","21:36:42:0 (H:m:s:ms)","BESTFIT","GENERIC","1","62.147","0.02372261810425408","181","0","4078","0.0","1","1164","0"
"21:36:41:212 (H:m:s:ms)","21:36:42:0 (H:m:s:ms)","BESTFIT","GENERIC","1","62.045","0.01576795033882078","787","0","4455","0.0","1","1163","0"
"21:36:35:151 (H:m:s:ms)","21:36:36:0 (H:m:s:ms)","BESTFIT","GENERIC","1","62.049","0.025451149022787854","848","0","4961","0.0","1","1162","0"
"21:36:34:545 (H:m:s:ms)","21:36:35:0 (H:m:s:ms)","BESTFIT","GENERIC","1","62.053","0.018486682695731463","457","0","4149","0.0","1","1161","0"
"21:36:31:515 (H:m:s:ms)","21:36:32:0 (H:m:s:ms)","BESTFIT","GENERIC","1","62.093","0.03263147372171332","484","0","3769","0.0","1","1160","0"
"21:22:53:939 (H:m:s:ms)","21:22:55:0 (H:m:s:ms)","BESTFIT","GENERIC","1","62.069","0.021794248699971337","1063","0","4351","0.0","1","970","0"
"21:22:54:545 (H:m:s:ms)","21:22:55:0 (H:m:s:ms)","BESTFIT","GENERIC","1","62.049","0.023441564270857206","457","0","4371","0.0","1","971","0"
"21:36:30:909 (H:m:s:ms)","21:36:32:0 (H:m:s:ms)","BESTFIT","GENERIC","1","62.159","0.030348822571158788","1090","0","2691","0.0","1","1159","0"
"21:3:26:60 (H:m:s:ms)","21:3:27:0 (H:m:s:ms)","BESTFIT","GENERIC","1","62.111","0.02054846390849274","940","0","2696","0.0","1","730","0"
"21:23:5:454 (H:m:s:ms)","21:23:6:0 (H:m:s:ms)","BESTFIT","GENERIC","1","62.087","0.014163943093313295","545","0","2968","0.0","1","972","0"
"21:36:28:484 (H:m:s:ms)","21:36:29:0 (H:m:s:ms)","BESTFIT","GENERIC","1","62.065","0.029615608315332165","515","0","4370","0.0","1","1158","0"
"21:3:26:666 (H:m:s:ms)","21:3:27:0 (H:m:s:ms)","BESTFIT","GENERIC","1","62.039","0.022428796431899312","334","0","1309","0.0","1","731","0"
"21:23:13:333 (H:m:s:ms)","21:23:14:0 (H:m:s:ms)","BESTFIT","GENERIC","1","62.067","0.018437321992351735","667","0","2180","0.0","1","973","0"
"21:36:28:421 (H:m:s:ms)","21:36:29:0 (H:m:s:ms)","BESTFIT","AMBULANCE","1","62.077","0.01289665581220754","578","0","1063","0.0","1","1157","0"
"21:3:31:578 (H:m:s:ms)","21:3:32:0 (H:m:s:ms)","BESTFIT","AMBULANCE","1","31.046","0.024532448407331896","421","0","1101","0.0","1","732","0"
"21:23:16:969 (H:m:s:ms)","21:23:18:0 (H:m:s:ms)","BESTFIT","GENERIC","1","62.053","0.020405000688641713","1030","0","2343","0.0","1","974","0"
"21:36:19:393 (H:m:s:ms)","21:36:20:0 (H:m:s:ms)","BESTFIT","GENERIC","1","62.075","0.017870610245943306","629","0","2743","0.0","1","1156","0"
"21:3:41:52 (H:m:s:ms)","21:3:42:0 (H:m:s:ms)","BESTFIT","AMBULANCE","1","31.031","0.024145194093343182","948","0","971","0.0","1","733","0"
"21:23:21:265 (H:m:s:ms)","21:23:22:0 (H:m:s:ms)","BESTFIT","OPERA","1","62.015","0.018054806729754753","734","0","4970","0.0","1","975","0"
"21:36:4:242 (H:m:s:ms)","21:36:5:0 (H:m:s:ms)","BESTFIT","GENERIC","1","62.085","0.00788397516941039","758","0","3338","0.0","1","1155","0"
"21:3:53:939 (H:m:s:ms)","21:3:55:0 (H:m:s:ms)","BESTFIT","GENERIC","1","62.069","0.012019217579395567","1062","0","1528","0.0","1","734","0"
"21:23:39:393 (H:m:s:ms)","21:23:40:0 (H:m:s:ms)","BESTFIT","GENERIC","1","62.047","0.01576795033882078","628","0","2465","0.0","1","976","0"
"21:3:54:545 (H:m:s:ms)","21:3:55:0 (H:m:s:ms)","BESTFIT","GENERIC","1","62.049","0.029081904869350434","456","0","3676","0.0","1","735","0"
"21:23:41:772 (H:m:s:ms)","21:23:42:0 (H:m:s:ms)","BESTFIT","OPERA","1","62.015","0.02372261810425408","227","0","3514","0.0","1","977","0"
"21:3:58:181 (H:m:s:ms)","21:3:59:0 (H:m:s:ms)","BESTFIT","GENERIC","1","62.097","0.029498509547490965","818","0","4121","0.0","1","736","0"
"21:23:42:424 (H:m:s:ms)","21:23:43:0 (H:m:s:ms)","BESTFIT","GENERIC","1","62.103","0.02802670587128925","575","0","1323","0.0","1","978","0"
"21:3:58:787 (H:m:s:ms)","21:3:59:0 (H:m:s:ms)","BESTFIT","GENERIC","1","62.115","0.030700028306148347","212","0","2480","0.0","1","737","0"
"21:23:56:962 (H:m:s:ms)","21:23:58:0 (H:m:s:ms)","BESTFIT","OPERA","1","62.017","0.00644832790610377","1037","0","4597","0.0","1","979","0"
"21:4:0:606 (H:m:s:ms)","21:4:1:0 (H:m:s:ms)","BESTFIT","GENERIC","1","62.125","0.01571093212844655","393","0","2542","0.0","1","738","0"
"21:4:6:60 (H:m:s:ms)","21:4:7:0 (H:m:s:ms)","BESTFIT","GENERIC","1","62.077","0.01576795033882078","939","0","4110","0.0","1","739","0"
"21:38:0:606 (H:m:s:ms)","21:38:1:0 (H:m:s:ms)","BESTFIT","GENERIC","1","62.125","0.014163943093313295","393","0","3597","0.0","1","1176","0"
"21:37:50:303 (H:m:s:ms)","21:37:51:0 (H:m:s:ms)","BESTFIT","GENERIC","1","62.061","0.012072597046671591","696","0","1781","0.0","1","1175","0"
"21:37:44:242 (H:m:s:ms)","21:37:45:0 (H:m:s:ms)","BESTFIT","GENERIC","1","62.143","0.03406351679424188","760","0","2883","0.0","1","1174","0"
"21:37:43:30 (H:m:s:ms)","21:37:44:0 (H:m:s:ms)","BESTFIT","GENERIC","1","62.089","0.023405832974000583","969","0","2246","0.0","1","1173","0"
"21:37:42:424 (H:m:s:ms)","21:37:43:0 (H:m:s:ms)","BESTFIT","GENERIC","1","62.103","0.022428796431899312","575","0","1035","0.0","1","1172","0"
"21:37:38:787 (H:m:s:ms)","21:37:39:0 (H:m:s:ms)","BESTFIT","GENERIC","1","62.099","0.015100071593294247","212","0","4433","0.0","1","1171","0"
"21:37:36:363 (H:m:s:ms)","21:37:37:0 (H:m:s:ms)","BESTFIT","GENERIC","1","62.109","0.012072597046671591","637","0","1322","0.0","1","1170","0"
"21:24:0:0 (H:m:s:ms)","21:24:1:0 (H:m:s:ms)","BESTFIT","OPERA","1","62.015","0.027691015667906896","1021","0","3163","0.0","1","980","0"
"21:24:1:518 (H:m:s:ms)","21:24:2:0 (H:m:s:ms)","BESTFIT","OPERA","1","62.015","0.03144514576827666","481","0","1458","0.0","1","981","0"
"21:4:17:575 (H:m:s:ms)","21:4:18:0 (H:m:s:ms)","BESTFIT","GENERIC","1","62.135","0.01576795033882078","424","0","2867","0.0","1","740","0"
"21:24:4:242 (H:m:s:ms)","21:24:5:0 (H:m:s:ms)","BESTFIT","GENERIC","1","62.085","0.03685753993690484","760","0","1360","0.0","1","982","0"
"21:4:18:787 (H:m:s:ms)","21:4:19:0 (H:m:s:ms)","BESTFIT","GENERIC","1","62.075","0.018054806729754753","212","0","4701","0.0","1","741","0"
"21:24:6:60 (H:m:s:ms)","21:24:7:0 (H:m:s:ms)","BESTFIT","GENERIC","1","62.077","0.026873992467518697","939","0","4381","0.0","1","983","0"
"21:37:26:60 (H:m:s:ms)","21:37:27:0 (H:m:s:ms)","BESTFIT","GENERIC","1","62.111","0.02352867991517824","939","0","2774","0.0","1","1169","0"
"20:44:50:303 (H:m:s:ms)","20:44:51:0 (H:m:s:ms)","BESTFIT","GENERIC","1","62.061","0.019345013617701193","696","0","4638","0.0","1","500","0"
"21:4:25:454 (H:m:s:ms)","21:4:26:0 (H:m:s:ms)","BESTFIT","GENERIC","1","62.101","0.018437321992351735","545","0","3054","0.0","1","742","0"
"21:24:9:90 (H:m:s:ms)","21:24:10:0 (H:m:s:ms)","BESTFIT","GENERIC","1","62.031","0.027564612339693872","930","0","3626","0.0","1","984","0"
"21:37:24:848 (H:m:s:ms)","21:37:25:0 (H:m:s:ms)","BESTFIT","GENERIC","1","62.081","0.01600915394691176","154","0","4530","0.0","1","1168","0"
"20:44:53:684 (H:m:s:ms)","20:44:54:0 (H:m:s:ms)","BESTFIT","AMBULANCE","1","31.041","0.02134400214053801","316","0","1326","0.0","1","501","0"
"21:4:29:90 (H:m:s:ms)","21:4:30:0 (H:m:s:ms)","BESTFIT","GENERIC","1","62.101","0.025691834636675435","938","0","1283","0.0","1","743","0"
"21:24:12:121 (H:m:s:ms)","21:24:13:0 (H:m:s:ms)","BESTFIT","GENERIC","1","62.031","0.020315367219862913","878","0","1593","0.0","1","985","0"
"21:37:24:242 (H:m:s:ms)","21:37:25:0 (H:m:s:ms)","BESTFIT","GENERIC","1","62.061","0.017884323194134178","760","0","1264","0.0","1","1167","0"
"20:45:0:0 (H:m:s:ms)","0","BESTFIT","AMBULANCE","0","0","0","1032","0","839","0","0","502","0"
"21:4:30:909 (H:m:s:ms)","21:4:32:0 (H:m:s:ms)","BESTFIT","GENERIC","1","62.159","0.019659637418560274","1090","0","1982","0.0","1","744","0"
"21:24:15:757 (H:m:s:ms)","21:24:16:0 (H:m:s:ms)","BESTFIT","GENERIC","1","62.077","0.015359599450368524","242","0","1900","0.0","1","986","0"
"21:37:22:25 (H:m:s:ms)","21:37:23:0 (H:m:s:ms)","BESTFIT","OPERA","1","31.009","0.01289665581220754","974","0","1826","0.0","1","1166","0"
"20:45:4:848 (H:m:s:ms)","20:45:5:0 (H:m:s:ms)","BESTFIT","GENERIC","1","62.103","0.02054846390849274","156","0","4575","0.0","1","503","0"
"21:4:31:898 (H:m:s:ms)","21:4:33:0 (H:m:s:ms)","BESTFIT","OPERA","1","62.015","0.02221433469525738","1101","0","2049","0.0","1","745","0"
"21:24:18:787 (H:m:s:ms)","21:24:19:0 (H:m:s:ms)","BESTFIT","GENERIC","1","62.075","0.021516158314156084","212","0","2829","0.0","1","987","0"
"20:45:5:316 (H:m:s:ms)","20:45:6:0 (H:m:s:ms)","BESTFIT","OPERA","1","31.009","0.027097404741543322","684","0","1223","0.0","1","504","0"
"21:4:34:545 (H:m:s:ms)","21:4:35:0 (H:m:s:ms)","BESTFIT","GENERIC","1","62.053","0.025287342767061332","455","0","1606","0.0","1","746","0"
"21:24:23:30 (H:m:s:ms)","21:24:24:0 (H:m:s:ms)","BESTFIT","GENERIC","1","62.113","0.03276980951086332","969","0","1875","0.0","1","988","0"
"20:45:8:484 (H:m:s:ms)","20:45:9:0 (H:m:s:ms)","BESTFIT","GENERIC","1","62.077","0.028958272586841777","515","0","3200","0.0","1","505","0"
"21:4:38:181 (H:m:s:ms)","21:4:39:0 (H:m:s:ms)","BESTFIT","GENERIC","1","62.039","0.022893395798623473","820","0","3808","0.0","1","747","0"
"21:24:24:848 (H:m:s:ms)","21:24:25:0 (H:m:s:ms)","BESTFIT","GENERIC","1","62.081","0.03224438670235363","155","0","1024","0.0","1","989","0"
"20:45:12:121 (H:m:s:ms)","20:45:13:0 (H:m:s:ms)","BESTFIT","GENERIC","1","62.031","0.014391294552439409","878","0","1335","0.0","1","506","0"
"21:4:39:393 (H:m:s:ms)","21:4:40:0 (H:m:s:ms)","BESTFIT","GENERIC","1","62.047","0.035007782812556676","629","0","4605","0.0","1","748","0"
"20:45:27:272 (H:m:s:ms)","20:45:28:0 (H:m:s:ms)","BESTFIT","GENERIC","1","62.057","0.01576795033882078","727","0","4736","0.0","1","507","0"
"21:4:40:606 (H:m:s:ms)","21:4:41:0 (H:m:s:ms)","BESTFIT","GENERIC","1","62.049","0.034594271476312596","393","0","3449","0.0","1","749","0"
"20:45:29:90 (H:m:s:ms)","20:45:30:0 (H:m:s:ms)","BESTFIT","GENERIC","1","62.101","0.023884457833627887","935","0","4178","0.0","1","508","0"
"20:45:29:696 (H:m:s:ms)","20:45:30:0 (H:m:s:ms)","BESTFIT","GENERIC","1","62.105","0.028292133418659247","329","0","2257","0.0","1","509","0"
"21:39:9:873 (H:m:s:ms)","21:39:10:0 (H:m:s:ms)","BESTFIT","OPERA","1","62.015","0.00644832790610377","151","0","1213","0.0","1","1187","0"
"21:38:53:939 (H:m:s:ms)","21:38:55:0 (H:m:s:ms)","BESTFIT","GENERIC","1","62.069","0.019344983718311257","1062","0","2049","0.0","1","1186","0"
"21:38:48:484 (H:m:s:ms)","21:38:49:0 (H:m:s:ms)","BESTFIT","GENERIC","1","62.073","0.012072597046671591","515","0","2899","0.0","1","1185","0"
"21:38:41:12 (H:m:s:ms)","21:38:42:0 (H:m:s:ms)","BESTFIT","OPERA","1","62.015","0.00644832790610377","988","0","3567","0.0","1","1184","0"
"21:38:35:757 (H:m:s:ms)","21:38:36:0 (H:m:s:ms)","BESTFIT","GENERIC","1","62.043","0.01576795033882078","242","0","1417","0.0","1","1183","0"
"21:38:27:878 (H:m:s:ms)","21:38:29:0 (H:m:s:ms)","BESTFIT","GENERIC","1","62.067","0.020483411007398988","1121","0","4528","0.0","1","1182","0"
"21:38:26:666 (H:m:s:ms)","21:38:27:0 (H:m:s:ms)","BESTFIT","GENERIC","1","62.039","0.017870610245943306","333","0","4328","0.0","1","1181","0"
"21:38:20:606 (H:m:s:ms)","21:38:21:0 (H:m:s:ms)","BESTFIT","GENERIC","1","62.033","0.02865532390744676","393","0","3558","0.0","1","1180","0"
"21:24:29:90 (H:m:s:ms)","21:24:30:0 (H:m:s:ms)","BESTFIT","GENERIC","1","62.101","0.025691834636675435","927","0","3747","0.0","1","990","0"
"21:24:34:736 (H:m:s:ms)","21:24:35:0 (H:m:s:ms)","BESTFIT","AMBULANCE","1","62.083","0.021637650477151743","267","0","1228","0.0","1","991","0"
"21:4:56:363 (H:m:s:ms)","21:4:57:0 (H:m:s:ms)","BESTFIT","GENERIC","1","62.061","0.014163943093313295","636","0","4325","0.0","1","750","0"
"21:24:49:90 (H:m:s:ms)","21:24:50:0 (H:m:s:ms)","BESTFIT","GENERIC","1","62.111","0.009820927516479816","930","0","4340","0.0","1","992","0"
"21:5:0:0 (H:m:s:ms)","21:5:1:0 (H:m:s:ms)","BESTFIT","GENERIC","1","62.163","0.016811145830444792","1026","0","4512","0.0","1","751","0"
"21:24:50:126 (H:m:s:ms)","21:24:51:0 (H:m:s:ms)","BESTFIT","OPERA","1","62.015","0.013397766456316644","873","0","4241","0.0","1","993","0"
"20:45:37:575 (H:m:s:ms)","20:45:38:0 (H:m:s:ms)","BESTFIT","GENERIC","1","62.087","0.018437321992351735","424","0","2603","0.0","1","510","0"
"21:5:1:818 (H:m:s:ms)","21:5:2:0 (H:m:s:ms)","BESTFIT","GENERIC","1","62.115","0.02006687055098867","181","0","2197","0.0","1","752","0"
"21:24:55:151 (H:m:s:ms)","21:24:56:0 (H:m:s:ms)","BESTFIT","GENERIC","1","62.177","0.016811145830444792","848","0","1085","0.0","1","994","0"
"20:45:49:90 (H:m:s:ms)","20:45:50:0 (H:m:s:ms)","BESTFIT","GENERIC","1","62.111","0.015359599450368524","931","0","4923","0.0","1","511","0"
"21:5:11:515 (H:m:s:ms)","21:5:12:0 (H:m:s:ms)","BESTFIT","GENERIC","1","62.081","0.00644832790610377","484","0","2254","0.0","1","753","0"
"21:24:57:575 (H:m:s:ms)","21:24:58:0 (H:m:s:ms)","BESTFIT","GENERIC","1","62.031","0.022861687797197567","424","0","2963","0.0","1","995","0"
"21:38:16:969 (H:m:s:ms)","21:38:18:0 (H:m:s:ms)","BESTFIT","GENERIC","1","62.053","0.009820927516479816","1030","0","2767","0.0","1","1179","0"
"20:45:49:696 (H:m:s:ms)","20:45:50:0 (H:m:s:ms)","BESTFIT","GENERIC","1","62.135","0.012072597046671591","325","0","3311","0.0","1","512","0"
"21:5:20:0 (H:m:s:ms)","21:5:21:0 (H:m:s:ms)","BESTFIT","GENERIC","1","62.087","0.019344983718311257","1021","0","3711","0.0","1","754","0"
"21:24:58:787 (H:m:s:ms)","21:24:59:0 (H:m:s:ms)","BESTFIT","GENERIC","1","62.115","0.02798285053995268","212","0","4431","0.0","1","996","0"
"21:38:9:90 (H:m:s:ms)","21:38:10:0 (H:m:s:ms)","BESTFIT","GENERIC","1","62.031","0.02051861606259186","937","0","2431","0.0","1","1178","0"
"20:45:59:393 (H:m:s:ms)","20:46:0:0 (H:m:s:ms)","BESTFIT","GENERIC","1","62.095","0.018437321992351735","632","0","3446","0.0","1","513","0"
"21:5:27:272 (H:m:s:ms)","21:5:28:0 (H:m:s:ms)","BESTFIT","GENERIC","1","62.057","0.019344983718311257","727","0","4121","0.0","1","755","0"
"21:25:2:278 (H:m:s:ms)","21:25:3:0 (H:m:s:ms)","BESTFIT","OPERA","1","62.015","0.028818576995766867","721","0","1314","0.0","1","997","0"
"21:38:6:666 (H:m:s:ms)","21:38:7:0 (H:m:s:ms)","BESTFIT","GENERIC","1","62.115","0.018437321992351735","333","0","4072","0.0","1","1177","0"
"20:46:7:878 (H:m:s:ms)","20:46:9:0 (H:m:s:ms)","BESTFIT","GENERIC","1","62.049","0.012019217579395567","1121","0","1535","0.0","1","514","0"
"21:5:33:939 (H:m:s:ms)","21:5:35:0 (H:m:s:ms)","BESTFIT","GENERIC","1","62.023","0.017870610245943306","1063","0","3875","0.0","1","756","0"
"21:25:3:797 (H:m:s:ms)","21:25:4:0 (H:m:s:ms)","BESTFIT","OPERA","1","62.015","0.028818576995766867","202","0","1701","0.0","1","998","0"
"20:46:10:303 (H:m:s:ms)","20:46:11:0 (H:m:s:ms)","BESTFIT","GENERIC","1","62.109","0.029476623614114048","696","0","3427","0.0","1","515","0"
"21:5:41:212 (H:m:s:ms)","21:5:42:0 (H:m:s:ms)","BESTFIT","GENERIC","1","62.045","0.02054846390849274","787","0","4562","0.0","1","757","0"
"21:25:6:75 (H:m:s:ms)","21:25:7:0 (H:m:s:ms)","BESTFIT","OPERA","1","62.015","0.02454334302287809","925","0","4637","0.0","1","999","0"
"20:46:12:727 (H:m:s:ms)","20:46:13:0 (H:m:s:ms)","BESTFIT","GENERIC","1","62.039","0.030212683276317296","272","0","3020","0.0","1","516","0"
"21:5:41:818 (H:m:s:ms)","21:5:42:0 (H:m:s:ms)","BESTFIT","GENERIC","1","62.147","0.03360717920856363","181","0","2674","0.0","1","758","0"
"20:46:13:670 (H:m:s:ms)","20:46:14:0 (H:m:s:ms)","BESTFIT","OPERA","1","31.01","0.032164460012468934","329","0","2087","0.0","1","517","0"
"21:5:45:454 (H:m:s:ms)","21:5:46:0 (H:m:s:ms)","BESTFIT","GENERIC","1","62.047","0.03721526795418429","545","0","2760","0.0","1","759","0"
"20:46:13:939 (H:m:s:ms)","20:46:15:0 (H:m:s:ms)","BESTFIT","GENERIC","1","62.093","0.033671335540783824","1066","0","1298","0.0","1","518","0"
"20:46:18:787 (H:m:s:ms)","20:46:19:0 (H:m:s:ms)","BESTFIT","GENERIC","1","62.075","0.021541754834892037","212","0","2991","0.0","1","519","0"
"21:39:16:363 (H:m:s:ms)","21:39:17:0 (H:m:s:ms)","BESTFIT","GENERIC","1","62.117","0.01112147199698764","636","0","4711","0.0","1","1190","0"
"21:39:47:272 (H:m:s:ms)","21:39:48:0 (H:m:s:ms)","BESTFIT","GENERIC","1","62.059","0.02006634946378938","727","0","3352","0.0","1","1198","0"
"21:39:46:60 (H:m:s:ms)","21:39:47:0 (H:m:s:ms)","BESTFIT","GENERIC","1","62.075","0.019422140388547525","939","0","2106","0.0","1","1197","0"
"21:39:43:636 (H:m:s:ms)","21:39:44:0 (H:m:s:ms)","BESTFIT","GENERIC","1","62.045","0.00644832790610377","363","0","4087","0.0","1","1196","0"
"21:39:37:575 (H:m:s:ms)","21:39:38:0 (H:m:s:ms)","BESTFIT","GENERIC","1","62.087","0.017331718391520045","425","0","4908","0.0","1","1195","0"
"21:39:33:333 (H:m:s:ms)","21:39:34:0 (H:m:s:ms)","BESTFIT","GENERIC","1","62.109","0.014066813245711502","666","0","2641","0.0","1","1194","0"
"21:39:32:727 (H:m:s:ms)","21:39:33:0 (H:m:s:ms)","BESTFIT","GENERIC","1","62.079","0.012814274658459367","272","0","4773","0.0","1","1193","0"
"21:39:29:90 (H:m:s:ms)","21:39:30:0 (H:m:s:ms)","BESTFIT","GENERIC","1","62.101","0.00788397516941039","928","0","4728","0.0","1","1192","0"
"21:39:18:181 (H:m:s:ms)","21:39:19:0 (H:m:s:ms)","BESTFIT","GENERIC","1","62.019","0.020318045119199244","818","0","4472","0.0","1","1191","0"
"21:5:46:666 (H:m:s:ms)","21:5:47:0 (H:m:s:ms)","BESTFIT","GENERIC","1","62.025","0.038555667627011035","333","0","1405","0.0","1","760","0"
"21:5:47:878 (H:m:s:ms)","21:5:49:0 (H:m:s:ms)","BESTFIT","GENERIC","1","62.089","0.020991142422364547","1121","0","3451","0.0","1","761","0"
"20:46:23:30 (H:m:s:ms)","20:46:24:0 (H:m:s:ms)","BESTFIT","GENERIC","1","62.113","0.011524010463431694","969","0","3342","0.0","1","520","0"
"21:5:49:696 (H:m:s:ms)","21:5:50:0 (H:m:s:ms)","BESTFIT","GENERIC","1","62.135","0.033926659207726466","325","0","3923","0.0","1","762","0"
"20:46:27:878 (H:m:s:ms)","20:46:29:0 (H:m:s:ms)","BESTFIT","GENERIC","1","62.067","0.01117576324051892","1122","1","2010","0.0","1","521","0"
"21:5:51:515 (H:m:s:ms)","21:5:52:0 (H:m:s:ms)","BESTFIT","GENERIC","1","62.067","0.03337115224385434","484","0","1604","0.0","1","763","0"
"20:46:32:121 (H:m:s:ms)","20:46:33:0 (H:m:s:ms)","BESTFIT","GENERIC","1","62.023","0.015079042035559867","878","0","1471","0.0","1","522","0"
"21:5:52:727 (H:m:s:ms)","21:5:53:0 (H:m:s:ms)","BESTFIT","GENERIC","1","62.091","0.033944220450469395","272","0","3601","0.0","1","764","0"
"20:46:36:969 (H:m:s:ms)","20:46:38:0 (H:m:s:ms)","BESTFIT","GENERIC","1","62.085","0.014928548755130878","1030","0","4792","0.0","1","523","0"
"21:6:3:30 (H:m:s:ms)","21:6:4:0 (H:m:s:ms)","BESTFIT","GENERIC","1","62.087","0.00644832790610377","969","0","2077","0.0","1","765","0"
"21:39:10:909 (H:m:s:ms)","21:39:12:0 (H:m:s:ms)","BESTFIT","GENERIC","1","62.019","0.019589316672736973","1090","0","4999","0.0","1","1189","0"
"20:46:40:253 (H:m:s:ms)","20:46:41:0 (H:m:s:ms)","BESTFIT","OPERA","1","31.009","0.020405000688641713","746","0","1929","0.0","1","524","0"
"21:6:8:484 (H:m:s:ms)","21:6:9:0 (H:m:s:ms)","BESTFIT","GENERIC","1","62.077","0.011995696137558512","515","0","1737","0.0","1","766","0"
"21:39:10:303 (H:m:s:ms)","21:39:11:0 (H:m:s:ms)","BESTFIT","GENERIC","1","62.109","0.01892671380498862","696","0","3010","0.0","1","1188","0"
"20:46:44:848 (H:m:s:ms)","20:46:45:0 (H:m:s:ms)","BESTFIT","GENERIC","1","62.067","0.020708740489340252","153","0","3616","0.0","1","525","0"
"21:6:18:181 (H:m:s:ms)","21:6:19:0 (H:m:s:ms)","BESTFIT","GENERIC","1","62.019","0.00644832790610377","818","0","3842","0.0","1","767","0"
"20:46:56:202 (H:m:s:ms)","20:46:57:0 (H:m:s:ms)","BESTFIT","OPERA","1","31.009","0.019344983718311257","797","0","4012","0.0","1","526","0"
"21:6:19:393 (H:m:s:ms)","21:6:20:0 (H:m:s:ms)","BESTFIT","GENERIC","1","62.077","0.027259437801627862","632","0","4656","0.0","1","768","0"
"20:46:56:363 (H:m:s:ms)","20:46:57:0 (H:m:s:ms)","BESTFIT","GENERIC","1","62.061","0.026199083591508247","636","0","1282","0.0","1","527","0"
"21:6:23:636 (H:m:s:ms)","21:6:24:0 (H:m:s:ms)","BESTFIT","GENERIC","1","62.059","0.02839187401877946","364","1","2614","0.0","1","769","0"
"20:47:2:424 (H:m:s:ms)","20:47:3:0 (H:m:s:ms)","BESTFIT","GENERIC","1","62.121","0.009820927516479816","575","0","2132","0.0","1","528","0"
"20:47:5:454 (H:m:s:ms)","20:47:6:0 (H:m:s:ms)","BESTFIT","GENERIC","1","62.087","0.028245584124167267","545","0","2186","0.0","1","529","0"
"21:6:24:848 (H:m:s:ms)","21:6:25:0 (H:m:s:ms)","BESTFIT","GENERIC","1","62.081","0.02839187401877946","153","0","4674","0.0","1","770","0"
"21:6:35:151 (H:m:s:ms)","21:6:36:0 (H:m:s:ms)","BESTFIT","GENERIC","1","62.051","0.00788397516941039","848","0","2353","0.0","1","771","0"
"20:47:6:60 (H:m:s:ms)","20:47:7:0 (H:m:s:ms)","BESTFIT","GENERIC","1","62.077","0.03025881148964018","940","0","4107","0.0","1","530","0"
"21:6:40:0 (H:m:s:ms)","21:6:41:0 (H:m:s:ms)","BESTFIT","GENERIC","1","62.091","0.02785810752504684","1026","0","2252","0.0","1","772","0"
"20:47:20:506 (H:m:s:ms)","20:47:21:0 (H:m:s:ms)","BESTFIT","OPERA","1","31.009","0.012019217579395567","493","0","2148","0.0","1","531","0"
"21:6:46:60 (H:m:s:ms)","21:6:47:0 (H:m:s:ms)","BESTFIT","GENERIC","1","62.075","0.02054846390849274","940","0","2524","0.0","1","773","0"
"20:47:25:454 (H:m:s:ms)","20:47:26:0 (H:m:s:ms)","BESTFIT","GENERIC","1","62.101","0.029476623614114048","545","0","1585","0.0","1","532","0"
"21:6:50:303 (H:m:s:ms)","21:6:51:0 (H:m:s:ms)","BESTFIT","GENERIC","1","62.061","0.033424868545659","697","0","3694","0.0","1","774","0"
"20:47:30:909 (H:m:s:ms)","20:47:32:0 (H:m:s:ms)","BESTFIT","GENERIC","1","62.159","0.019344983718311257","1091","0","4648","0.0","1","533","0"
"21:6:56:969 (H:m:s:ms)","21:6:58:0 (H:m:s:ms)","BESTFIT","GENERIC","1","62.083","0.00644832790610377","1031","0","4492","0.0","1","775","0"
"20:47:33:939 (H:m:s:ms)","20:47:35:0 (H:m:s:ms)","BESTFIT","GENERIC","1","62.025","0.021334796617062026","1065","0","1451","0.0","1","534","0"
"21:7:4:242 (H:m:s:ms)","21:7:5:0 (H:m:s:ms)","BESTFIT","GENERIC","1","62.085","0.00644832790610377","759","0","3610","0.0","1","776","0"
"20:47:34:177 (H:m:s:ms)","20:47:35:0 (H:m:s:ms)","BESTFIT","OPERA","1","31.009","0.02275856274444801","827","0","1097","0.0","1","535","0"
"21:7:9:90 (H:m:s:ms)","21:7:10:0 (H:m:s:ms)","BESTFIT","GENERIC","1","62.031","0.01117576324051892","931","0","1017","0.0","1","777","0"
"21:39:55:757 (H:m:s:ms)","21:39:56:0 (H:m:s:ms)","BESTFIT","GENERIC","1","62.061","0.018437321992351735","242","0","4157","0.0","1","1199","0"
"20:47:45:454 (H:m:s:ms)","20:47:46:0 (H:m:s:ms)","BESTFIT","GENERIC","1","62.047","0.009820927516479816","545","0","4269","0.0","1","536","0"
"21:7:9:473 (H:m:s:ms)","21:7:10:0 (H:m:s:ms)","BESTFIT","AMBULANCE","1","31.051","0.016266115244716176","548","0","1160","0.0","1","778","0"
"20:47:55:443 (H:m:s:ms)","20:47:56:0 (H:m:s:ms)","BESTFIT","OPERA","1","31.01","0.017870610245943306","556","0","3389","0.0","1","537","0"
"21:7:23:30 (H:m:s:ms)","21:7:24:0 (H:m:s:ms)","BESTFIT","GENERIC","1","62.113","0.01289665581220754","969","0","4175","0.0","1","779","0"
"20:47:55:757 (H:m:s:ms)","20:47:56:0 (H:m:s:ms)","BESTFIT","GENERIC","1","62.061","0.020210794586920156","242","0","2165","0.0","1","538","0"
"20:47:58:787 (H:m:s:ms)","20:47:59:0 (H:m:s:ms)","BESTFIT","GENERIC","1","62.115","0.0252955674602238","212","0","2535","0.0","1","539","0"
"21:7:28:484 (H:m:s:ms)","21:7:29:0 (H:m:s:ms)","BESTFIT","GENERIC","1","62.065","0.015762445323144903","515","0","4540","0.0","1","780","0"
"21:7:31:515 (H:m:s:ms)","21:7:32:0 (H:m:s:ms)","BESTFIT","GENERIC","1","62.093","0.018179438572867405","484","0","3278","0.0","1","781","0"
"20:48:0:0 (H:m:s:ms)","20:48:1:0 (H:m:s:ms)","BESTFIT","OPERA","1","31.009","0.02668916630405993","1023","0","3526","0.0","1","540","0"
"21:7:43:30 (H:m:s:ms)","21:7:44:0 (H:m:s:ms)","BESTFIT","GENERIC","1","62.089","0.012072597046671591","969","0","1410","0.0","1","782","0"
"20:48:0:0 (H:m:s:ms)","20:48:1:0 (H:m:s:ms)","BESTFIT","GENERIC","1","62.095","0.027163610637688927","1023","0","2654","0.0","1","541","0"
"21:7:44:848 (H:m:s:ms)","21:7:45:0 (H:m:s:ms)","BESTFIT","GENERIC","1","62.067","0.02134400214053801","154","0","1242","0.0","1","783","0"
"20:29:0:0 (H:m:s:ms)","20:29:1:0 (H:m:s:ms)","BESTFIT","GENERIC","1","62.095","0.014943085507339743","1025","0","2966","0.0","1","300","0"
"20:48:4:242 (H:m:s:ms)","20:48:5:0 (H:m:s:ms)","BESTFIT","GENERIC","1","62.085","0.012162391292514767","761","0","3381","0.0","1","542","0"
"21:7:53:684 (H:m:s:ms)","21:7:54:0 (H:m:s:ms)","BESTFIT","AMBULANCE","1","62.089","0.02199926735280873","315","0","1405","0.0","1","784","0"
"20:29:0:0 (H:m:s:ms)","20:29:1:0 (H:m:s:ms)","BESTFIT","GENERIC","1","62.161","0.015784747587094836","1026","1","1772","0.0","1","301","0"
"20:48:10:909 (H:m:s:ms)","20:48:12:0 (H:m:s:ms)","BESTFIT","GENERIC","1","62.019","0.00644832790610377","1090","0","4397","0.0","1","543","0"
"21:7:57:575 (H:m:s:ms)","21:7:58:0 (H:m:s:ms)","BESTFIT","GENERIC","1","62.031","0.03451044005154321","424","0","1888","0.0","1","785","0"
"20:29:0:606 (H:m:s:ms)","20:29:1:0 (H:m:s:ms)","BESTFIT","GENERIC","1","62.127","0.016587193762768425","394","0","1266","0.0","1","302","0"
"20:48:14:545 (H:m:s:ms)","20:48:15:0 (H:m:s:ms)","BESTFIT","GENERIC","1","62.145","0.011995696137558512","457","0","1156","0.0","1","544","0"
"21:8:6:666 (H:m:s:ms)","21:8:7:0 (H:m:s:ms)","BESTFIT","GENERIC","1","62.115","0.019344983718311257","333","0","4632","0.0","1","786","0"
"20:29:1:818 (H:m:s:ms)","20:29:2:0 (H:m:s:ms)","BESTFIT","GENERIC","1","62.115","0.017400121163917447","181","0","1321","0.0","1","303","0"
"20:48:15:757 (H:m:s:ms)","20:48:16:0 (H:m:s:ms)","BESTFIT","GENERIC","1","62.077","0.020231299661725103","242","0","1745","0.0","1","545","0"
"21:8:7:878 (H:m:s:ms)","21:8:9:0 (H:m:s:ms)","BESTFIT","GENERIC","1","62.049","0.03288817321297574","1121","0","3814","0.0","1","787","0"
"20:29:4:242 (H:m:s:ms)","20:29:5:0 (H:m:s:ms)","BESTFIT","GENERIC","1","62.085","0.014190783413297782","759","0","1304","0.0","1","304","0"
"20:48:18:987 (H:m:s:ms)","20:48:20:0 (H:m:s:ms)","BESTFIT","OPERA","1","31.009","0.023034431188133055","1033","0","3479","0.0","1","546","0"
"21:8:10:303 (H:m:s:ms)","21:8:11:0 (H:m:s:ms)","BESTFIT","GENERIC","1","62.109","0.03484916171564718","696","0","3058","0.0","1","788","0"
"20:29:6:60 (H:m:s:ms)","20:29:7:0 (H:m:s:ms)","BESTFIT","GENERIC","1","62.077","0.012724813271571754","939","0","2386","0.0","1","305","0"
"20:48:20:606 (H:m:s:ms)","20:48:21:0 (H:m:s:ms)","BESTFIT","GENERIC","1","62.033","0.022529136021574095","393","0","2413","0.0","1","547","0"
"21:8:10:909 (H:m:s:ms)","21:8:12:0 (H:m:s:ms)","BESTFIT","GENERIC","1","62.019","0.03843676193793685","1090","0","3282","0.0","1","789","0"
"20:29:21:818 (H:m:s:ms)","20:29:22:0 (H:m:s:ms)","BESTFIT","GENERIC","1","62.155","0.00644832790610377","181","0","3736","0.0","1","306","0"
"20:48:24:242 (H:m:s:ms)","20:48:25:0 (H:m:s:ms)","BESTFIT","GENERIC","1","62.061","0.01641896942915807","761","0","4898","0.0","1","548","0"
"20:29:25:454 (H:m:s:ms)","20:29:26:0 (H:m:s:ms)","BESTFIT","GENERIC","1","62.101","0.02748996980822118","545","0","2512","0.0","1","307","0"
"20:48:26:60 (H:m:s:ms)","20:48:27:0 (H:m:s:ms)","BESTFIT","GENERIC","1","62.111","0.009459313500738817","939","0","1340","0.0","1","549","0"
"20:29:26:60 (H:m:s:ms)","20:29:27:0 (H:m:s:ms)","BESTFIT","GENERIC","1","62.111","0.03126890273233122","939","0","2964","0.0","1","308","0"
"20:29:27:272 (H:m:s:ms)","20:29:28:0 (H:m:s:ms)","BESTFIT","GENERIC","1","62.057","0.03605412904274872","727","0","3279","0.0","1","309","0"
"21:8:12:121 (H:m:s:ms)","21:8:13:0 (H:m:s:ms)","BESTFIT","GENERIC","1","62.031","0.036837794823490096","878","0","4091","0.0","1","790","0"
"21:8:15:757 (H:m:s:ms)","21:8:16:0 (H:m:s:ms)","BESTFIT","GENERIC","1","62.077","0.027299279123908567","242","0","4115","0.0","1","791","0"
"20:48:30:379 (H:m:s:ms)","20:48:31:0 (H:m:s:ms)","BESTFIT","OPERA","1","31.009","0.019938115419222722","620","0","3298","0.0","1","550","0"
"21:8:17:575 (H:m:s:ms)","21:8:18:0 (H:m:s:ms)","BESTFIT","GENERIC","1","62.135","0.02180593363209109","424","0","1491","0.0","1","792","0"
"20:48:35:757 (H:m:s:ms)","20:48:36:0 (H:m:s:ms)","BESTFIT","GENERIC","1","62.043","0.024111425047114467","242","0","1800","0.0","1","551","0"
"21:8:21:818 (H:m:s:ms)","21:8:22:0 (H:m:s:ms)","BESTFIT","GENERIC","1","62.155","0.015413985286322237","181","0","3194","0.0","1","793","0"
"20:29:33:333 (H:m:s:ms)","20:29:34:0 (H:m:s:ms)","BESTFIT","GENERIC","1","62.109","0.00788397516941039","666","0","2532","0.0","1","310","0"
"20:48:40:0 (H:m:s:ms)","20:48:41:0 (H:m:s:ms)","BESTFIT","GENERIC","1","62.091","0.03076958387499007","1027","0","2330","0.0","1","552","0"
"21:8:29:696 (H:m:s:ms)","21:8:30:0 (H:m:s:ms)","BESTFIT","GENERIC","1","62.105","0.017870610245943306","326","0","2147","0.0","1","794","0"
"20:29:33:939 (H:m:s:ms)","20:29:35:0 (H:m:s:ms)","BESTFIT","GENERIC","1","62.023","0.012814274658459367","1062","0","1168","0.0","1","311","0"
"20:48:41:12 (H:m:s:ms)","20:48:42:0 (H:m:s:ms)","BESTFIT","OPERA","1","31.009","0.027259437801627862","988","0","4388","0.0","1","553","0"
"21:8:35:757 (H:m:s:ms)","21:8:36:0 (H:m:s:ms)","BESTFIT","GENERIC","1","62.043","0.01289665581220754","242","0","3240","0.0","1","795","0"
"20:29:57:575 (H:m:s:ms)","20:29:58:0 (H:m:s:ms)","BESTFIT","GENERIC","1","62.031","0.012072597046671591","424","0","4092","0.0","1","312","0"
"20:48:43:291 (H:m:s:ms)","20:48:44:0 (H:m:s:ms)","BESTFIT","OPERA","1","31.009","0.028073938405543973","708","0","2270","0.0","1","554","0"
"21:8:37:575 (H:m:s:ms)","21:8:38:0 (H:m:s:ms)","BESTFIT","GENERIC","1","62.087","0.016349927007082075","424","0","1658","0.0","1","796","0"
"20:30:0:759 (H:m:s:ms)","20:30:1:0 (H:m:s:ms)","BESTFIT","OPERA","1","31.009","0.02905317625098706","240","0","2979","0.0","1","313","0"
"20:48:47:848 (H:m:s:ms)","20:48:48:0 (H:m:s:ms)","BESTFIT","OPERA","1","31.01","0.019132534815871474","151","0","2068","0.0","1","555","0"
"21:8:42:424 (H:m:s:ms)","21:8:43:0 (H:m:s:ms)","BESTFIT","GENERIC","1","62.103","0.01735933303613762","575","0","3575","0.0","1","797","0"
"20:30:5:454 (H:m:s:ms)","20:30:6:0 (H:m:s:ms)","BESTFIT","GENERIC","1","62.087","0.02905317625098706","545","0","3872","0.0","1","314","0"
"20:48:51:515 (H:m:s:ms)","20:48:52:0 (H:m:s:ms)","BESTFIT","GENERIC","1","62.067","0.0320493851192429","484","0","1922","0.0","1","556","0"
"21:8:48:484 (H:m:s:ms)","21:8:49:0 (H:m:s:ms)","BESTFIT","GENERIC","1","62.071","0.009820927516479816","515","0","3495","0.0","1","798","0"
"20:30:7:272 (H:m:s:ms)","20:30:8:0 (H:m:s:ms)","BESTFIT","GENERIC","1","62.035","0.02134400214053801","727","0","2930","0.0","1","315","0"
"20:48:54:545 (H:m:s:ms)","20:48:55:0 (H:m:s:ms)","BESTFIT","GENERIC","1","62.049","0.029291258899061944","456","0","1062","0.0","1","557","0"
"21:8:52:121 (H:m:s:ms)","21:8:53:0 (H:m:s:ms)","BESTFIT","GENERIC","1","62.083","0.02050840021489348","879","1","3371","0.0","1","799","0"
"20:30:9:90 (H:m:s:ms)","20:30:10:0 (H:m:s:ms)","BESTFIT","GENERIC","1","62.031","0.026195763860024528","941","0","3801","0.0","1","316","0"
"20:48:55:151 (H:m:s:ms)","20:48:56:0 (H:m:s:ms)","BESTFIT","GENERIC","1","62.177","0.02970354749633434","849","0","2039","0.0","1","558","0"
"20:30:27:878 (H:m:s:ms)","20:30:29:0 (H:m:s:ms)","BESTFIT","GENERIC","1","62.067","0.012019217579395567","1121","0","4494","0.0","1","317","0"
"20:49:1:818 (H:m:s:ms)","20:49:2:0 (H:m:s:ms)","BESTFIT","GENERIC","1","62.115","0.012072597046671591","181","0","2527","0.0","1","559","0"
"20:30:30:303 (H:m:s:ms)","20:30:31:0 (H:m:s:ms)","BESTFIT","GENERIC","1","62.091","0.021358473245579435","696","0","4498","0.0","1","318","0"
"20:30:36:363 (H:m:s:ms)","20:30:37:0 (H:m:s:ms)","BESTFIT","GENERIC","1","62.109","0.009820927516479816","636","0","3782","0.0","1","319","0"
"20:49:9:696 (H:m:s:ms)","20:49:10:0 (H:m:s:ms)","BESTFIT","GENERIC","1","62.099","0.01576795033882078","331","0","3976","0.0","1","560","0"
"20:49:11:515 (H:m:s:ms)","20:49:12:0 (H:m:s:ms)","BESTFIT","GENERIC","1","62.081","0.018179438572867405","485","0","1096","0.0","1","561","0"
"20:30:38:181 (H:m:s:ms)","20:30:39:0 (H:m:s:ms)","BESTFIT","GENERIC","1","62.039","0.02865532390744676","818","0","1545","0.0","1","320","0"
"20:49:12:151 (H:m:s:ms)","20:49:13:0 (H:m:s:ms)","BESTFIT","OPERA","1","31.009","0.019837635130662203","848","0","3290","0.0","1","562","0"
"20:30:44:242 (H:m:s:ms)","20:30:45:0 (H:m:s:ms)","BESTFIT","GENERIC","1","62.143","0.00788397516941039","758","0","1122","0.0","1","321","0"
"20:49:16:363 (H:m:s:ms)","20:49:17:0 (H:m:s:ms)","BESTFIT","GENERIC","1","62.117","0.022003007475702732","636","0","4150","0.0","1","563","0"
"20:30:47:878 (H:m:s:ms)","20:30:49:0 (H:m:s:ms)","BESTFIT","GENERIC","1","62.089","0.02785810752504684","1121","0","4843","0.0","1","322","0"
"20:49:16:969 (H:m:s:ms)","20:49:18:0 (H:m:s:ms)","BESTFIT","GENERIC","1","62.051","0.033459721017326485","1030","0","2305","0.0","1","564","0"
"20:30:56:363 (H:m:s:ms)","20:30:57:0 (H:m:s:ms)","BESTFIT","GENERIC","1","62.061","0.02054846390849274","636","0","1955","0.0","1","323","0"
"20:49:17:575 (H:m:s:ms)","20:49:18:0 (H:m:s:ms)","BESTFIT","GENERIC","1","62.135","0.03484564931980275","424","0","2056","0.0","1","565","0"
"20:31:6:666 (H:m:s:ms)","20:31:7:0 (H:m:s:ms)","BESTFIT","GENERIC","1","62.115","0.018437321992351735","334","0","2674","0.0","1","324","0"
"20:49:29:620 (H:m:s:ms)","20:49:30:0 (H:m:s:ms)","BESTFIT","OPERA","1","31.009","0.012072597046671591","405","0","2054","0.0","1","566","0"
"20:31:16:363 (H:m:s:ms)","20:31:17:0 (H:m:s:ms)","BESTFIT","GENERIC","1","62.117","0.02054846390849274","636","0","2879","0.0","1","325","0"
"20:49:31:515 (H:m:s:ms)","20:49:32:0 (H:m:s:ms)","BESTFIT","GENERIC","1","62.093","0.021454202036389886","484","0","2587","0.0","1","567","0"
"20:31:19:393 (H:m:s:ms)","20:31:20:0 (H:m:s:ms)","BESTFIT","GENERIC","1","62.075","0.022327896645401184","635","0","1114","0.0","1","326","0"
"20:49:33:333 (H:m:s:ms)","20:49:34:0 (H:m:s:ms)","BESTFIT","GENERIC","1","62.109","0.02202730956485173","667","1","2557","0.0","1","568","0"
"20:31:28:484 (H:m:s:ms)","20:31:29:0 (H:m:s:ms)","BESTFIT","GENERIC","1","62.065","0.014163943093313295","515","0","1671","0.0","1","327","0"
"20:49:34:545 (H:m:s:ms)","20:49:35:0 (H:m:s:ms)","BESTFIT","GENERIC","1","62.053","0.02659453689345135","459","0","3457","0.0","1","569","0"
"20:31:34:545 (H:m:s:ms)","20:31:35:0 (H:m:s:ms)","BESTFIT","GENERIC","1","62.053","0.01576795033882078","456","0","3817","0.0","1","328","0"
"20:31:40:0 (H:m:s:ms)","20:31:41:0 (H:m:s:ms)","BESTFIT","GENERIC","1","62.091","0.00788397516941039","1025","0","1561","0.0","1","329","0"
"20:49:37:215 (H:m:s:ms)","20:49:38:0 (H:m:s:ms)","BESTFIT","OPERA","1","31.009","0.02000309233683797","784","0","4878","0.0","1","570","0"
"20:49:37:974 (H:m:s:ms)","20:49:39:0 (H:m:s:ms)","BESTFIT","OPERA","1","31.01","0.03316625394302144","1025","0","4294","0.0","1","571","0"
"20:31:41:212 (H:m:s:ms)","20:31:42:0 (H:m:s:ms)","BESTFIT","GENERIC","1","62.045","0.01933942770295656","787","0","3272","0.0","1","330","0"
"20:49:39:393 (H:m:s:ms)","20:49:40:0 (H:m:s:ms)","BESTFIT","GENERIC","1","62.047","0.03316625394302144","629","0","1037","0.0","1","572","0"
"20:31:43:636 (H:m:s:ms)","20:31:44:0 (H:m:s:ms)","BESTFIT","GENERIC","1","62.045","0.0222228472960705","363","0","3148","0.0","1","331","0"
"20:49:46:60 (H:m:s:ms)","20:49:47:0 (H:m:s:ms)","BESTFIT","GENERIC","1","62.075","0.018437321992351735","939","0","1735","0.0","1","573","0"
"20:31:48:484 (H:m:s:ms)","20:31:49:0 (H:m:s:ms)","BESTFIT","GENERIC","1","62.073","0.01924805365254709","515","0","3340","0.0","1","332","0"
"20:49:47:878 (H:m:s:ms)","20:49:49:0 (H:m:s:ms)","BESTFIT","GENERIC","1","62.089","0.025447642080297025","1121","0","2415","0.0","1","574","0"
"20:32:13:939 (H:m:s:ms)","20:32:15:0 (H:m:s:ms)","BESTFIT","GENERIC","1","62.093","0.00644832790610377","1062","0","2433","0.0","1","333","0"
"20:49:52:121 (H:m:s:ms)","20:49:53:0 (H:m:s:ms)","BESTFIT","GENERIC","1","62.083","0.01880170571551959","878","0","3038","0.0","1","575","0"
"20:32:15:151 (H:m:s:ms)","20:32:16:0 (H:m:s:ms)","BESTFIT","GENERIC","1","62.057","0.027691015667906896","848","0","4941","0.0","1","334","0"
"20:50:26:666 (H:m:s:ms)","20:50:27:0 (H:m:s:ms)","BESTFIT","GENERIC","1","62.039","0.02054846390849274","333","0","2578","0.0","1","576","0"
"20:32:16:969 (H:m:s:ms)","20:32:18:0 (H:m:s:ms)","BESTFIT","GENERIC","1","62.053","0.032075672048249126","1030","0","2283","0.0","1","335","0"
"20:50:35:151 (H:m:s:ms)","20:50:36:0 (H:m:s:ms)","BESTFIT","GENERIC","1","62.051","0.02054846390849274","848","0","1596","0.0","1","577","0"
"20:32:17:575 (H:m:s:ms)","20:32:18:0 (H:m:s:ms)","BESTFIT","GENERIC","1","62.135","0.02974417929214309","424","0","4756","0.0","1","336","0"
"20:50:38:787 (H:m:s:ms)","20:50:39:0 (H:m:s:ms)","BESTFIT","GENERIC","1","62.099","0.033424868545659","212","0","3110","0.0","1","578","0"
"20:32:18:787 (H:m:s:ms)","20:32:19:0 (H:m:s:ms)","BESTFIT","GENERIC","1","62.075","0.0369671751270985","212","0","2606","0.0","1","337","0"
"20:50:46:666 (H:m:s:ms)","20:50:47:0 (H:m:s:ms)","BESTFIT","GENERIC","1","62.025","0.01576795033882078","333","0","2423","0.0","1","579","0"
"20:32:21:212 (H:m:s:ms)","20:32:22:0 (H:m:s:ms)","BESTFIT","GENERIC","1","62.031","0.03052380762522296","788","0","4044","0.0","1","338","0"
"20:32:23:636 (H:m:s:ms)","20:32:24:0 (H:m:s:ms)","BESTFIT","GENERIC","1","62.059","0.03702390852380964","363","0","4941","0.0","1","339","0"
"20:51:1:212 (H:m:s:ms)","20:51:2:0 (H:m:s:ms)","BESTFIT","GENERIC","1","62.051","0.02054846390849274","787","0","3844","0.0","1","580","0"
"20:51:2:424 (H:m:s:ms)","20:51:3:0 (H:m:s:ms)","BESTFIT","GENERIC","1","62.121","0.027438432021698145","575","0","4740","0.0","1","581","0"
"20:32:32:727 (H:m:s:ms)","20:32:33:0 (H:m:s:ms)","BESTFIT","GENERIC","1","62.079","0.009820927516479816","273","0","1430","0.0","1","340","0"
"20:51:3:636 (H:m:s:ms)","20:51:4:0 (H:m:s:ms)","BESTFIT","GENERIC","1","62.145","0.02822236378434046","364","0","4981","0.0","1","582","0"
"20:32:36:969 (H:m:s:ms)","20:32:38:0 (H:m:s:ms)","BESTFIT","GENERIC","1","62.085","0.020204955111744097","1030","0","2283","0.0","1","341","0"
"20:51:9:90 (H:m:s:ms)","20:51:10:0 (H:m:s:ms)","BESTFIT","GENERIC","1","62.031","0.00788397516941039","935","0","1931","0.0","1","583","0"
"20:8:59:393 (H:m:s:ms)","20:9:0:0 (H:m:s:ms)","BESTFIT","GENERIC","1","31.049","0.019344983718311257","652","1","2998","0.0","1","100","0"
"20:32:39:393 (H:m:s:ms)","20:32:40:0 (H:m:s:ms)","BESTFIT","GENERIC","1","62.049","0.02134400214053801","639","1","3070","0.0","1","342","0"
"20:51:21:818 (H:m:s:ms)","20:51:22:0 (H:m:s:ms)","BESTFIT","GENERIC","1","62.155","0.014163943093313295","182","1","3265","0.0","1","584","0"
"20:9:0:0 (H:m:s:ms)","20:9:1:0 (H:m:s:ms)","BESTFIT","GENERIC","1","62.163","0.026199083591508247","1044","0","1579","0.0","1","101","0"
"20:33:0:606 (H:m:s:ms)","20:33:1:0 (H:m:s:ms)","BESTFIT","GENERIC","1","62.127","0.018437321992351735","393","0","4912","0.0","1","343","0"
"20:51:28:484 (H:m:s:ms)","20:51:29:0 (H:m:s:ms)","BESTFIT","GENERIC","1","62.065","0.00788397516941039","516","1","3599","0.0","1","585","0"
"20:9:5:454 (H:m:s:ms)","20:9:6:0 (H:m:s:ms)","BESTFIT","GENERIC","1","31.045","0.020318045119199244","545","0","4736","0.0","1","102","0"
"20:33:1:818 (H:m:s:ms)","20:33:2:0 (H:m:s:ms)","BESTFIT","GENERIC","1","62.115","0.025447642080297025","181","0","2721","0.0","1","344","0"
"20:51:30:303 (H:m:s:ms)","20:51:31:0 (H:m:s:ms)","BESTFIT","GENERIC","1","62.091","0.012814274658459367","696","0","1577","0.0","1","586","0"
"20:9:11:515 (H:m:s:ms)","20:9:12:0 (H:m:s:ms)","BESTFIT","GENERIC","1","31.042","0.01289665581220754","484","0","2239","0.0","1","103","0"
"20:33:13:333 (H:m:s:ms)","20:33:14:0 (H:m:s:ms)","BESTFIT","GENERIC","1","62.067","0.012072597046671591","667","0","3354","0.0","1","345","0"
"20:51:36:363 (H:m:s:ms)","20:51:37:0 (H:m:s:ms)","BESTFIT","GENERIC","1","62.109","0.02054846390849274","636","0","4708","0.0","1","587","0"
"20:9:17:575 (H:m:s:ms)","20:9:18:0 (H:m:s:ms)","BESTFIT","GENERIC","1","31.069","0.017870610245943306","425","0","4961","0.0","1","104","0"
"20:33:14:545 (H:m:s:ms)","20:33:15:0 (H:m:s:ms)","BESTFIT","GENERIC","1","62.145","0.029269583889543295","459","0","2263","0.0","1","346","0"
"20:51:43:636 (H:m:s:ms)","20:51:44:0 (H:m:s:ms)","BESTFIT","GENERIC","1","62.045","0.009820927516479816","363","0","2381","0.0","1","588","0"
"20:9:23:636 (H:m:s:ms)","20:9:24:0 (H:m:s:ms)","BESTFIT","GENERIC","1","31.031","0.017870610245943306","364","0","3786","0.0","1","105","0"
"20:33:15:757 (H:m:s:ms)","20:33:16:0 (H:m:s:ms)","BESTFIT","GENERIC","1","62.077","0.031486876313260345","242","0","3345","0.0","1","347","0"
"20:51:50:126 (H:m:s:ms)","20:51:51:0 (H:m:s:ms)","BESTFIT","OPERA","1","31.009","0.014163943093313295","874","1","2032","0.0","1","589","0"
"20:9:24:242 (H:m:s:ms)","20:9:25:0 (H:m:s:ms)","BESTFIT","GENERIC","1","62.061","0.025135423589527334","758","0","3551","0.0","1","106","0"
"20:33:22:424 (H:m:s:ms)","20:33:23:0 (H:m:s:ms)","BESTFIT","GENERIC","1","62.081","0.00788397516941039","576","0","2952","0.0","1","348","0"
"20:9:29:696 (H:m:s:ms)","20:9:30:0 (H:m:s:ms)","BESTFIT","GENERIC","1","31.054","0.02372261810425408","350","0","4024","0.0","1","107","0"
"20:33:29:696 (H:m:s:ms)","20:33:30:0 (H:m:s:ms)","BESTFIT","GENERIC","1","62.105","0.01576795033882078","333","0","4846","0.0","1","349","0"
"20:9:35:757 (H:m:s:ms)","20:9:36:0 (H:m:s:ms)","BESTFIT","GENERIC","1","31.023","0.00644832790610377","242","0","3980","0.0","1","108","0"
"20:9:36:969 (H:m:s:ms)","20:9:38:0 (H:m:s:ms)","BESTFIT","GENERIC","1","62.085","0.019134409544302535","1030","0","4772","0.0","1","109","0"
"20:51:59:240 (H:m:s:ms)","20:52:0:0 (H:m:s:ms)","BESTFIT","OPERA","1","31.009","0.012072597046671591","788","0","2469","0.0","1","590","0"
"20:52:0:606 (H:m:s:ms)","20:52:1:0 (H:m:s:ms)","BESTFIT","GENERIC","1","62.125","0.029269583889543295","393","0","4915","0.0","1","591","0"
"20:33:41:818 (H:m:s:ms)","20:33:42:0 (H:m:s:ms)","BESTFIT","GENERIC","1","62.147","0.01576795033882078","181","0","2870","0.0","1","350","0"
"20:52:3:30 (H:m:s:ms)","20:52:4:0 (H:m:s:ms)","BESTFIT","GENERIC","1","62.087","0.03312394553015937","969","0","4815","0.0","1","592","0"
"20:34:2:424 (H:m:s:ms)","20:34:3:0 (H:m:s:ms)","BESTFIT","GENERIC","1","62.121","0.012072597046671591","575","0","2364","0.0","1","351","0"
"20:52:6:315 (H:m:s:ms)","0","BESTFIT","AMBULANCE","0","0","0","684","0","670","0","0","593","0"
"20:9:41:818 (H:m:s:ms)","20:9:42:0 (H:m:s:ms)","BESTFIT","GENERIC","1","31.075","0.026346982805309286","181","0","4826","0.0","1","110","0"
"20:34:8:484 (H:m:s:ms)","20:34:9:0 (H:m:s:ms)","BESTFIT","GENERIC","1","62.077","0.019344983718311257","515","0","3307","0.0","1","352","0"
"20:52:12:121 (H:m:s:ms)","20:52:13:0 (H:m:s:ms)","BESTFIT","GENERIC","1","62.031","0.012019217579395567","878","0","2054","0.0","1","594","0"
"20:9:47:878 (H:m:s:ms)","20:9:48:0 (H:m:s:ms)","BESTFIT","GENERIC","1","31.046","0.012072597046671591","121","0","4972","0.0","1","111","0"
"20:34:9:696 (H:m:s:ms)","20:34:10:0 (H:m:s:ms)","BESTFIT","GENERIC","1","62.099","0.021334796617062026","326","0","1590","0.0","1","353","0"
"20:52:15:151 (H:m:s:ms)","20:52:16:0 (H:m:s:ms)","BESTFIT","GENERIC","1","62.057","0.029291258899061944","848","0","4526","0.0","1","595","0"
"20:9:53:939 (H:m:s:ms)","20:9:55:0 (H:m:s:ms)","BESTFIT","GENERIC","1","31.036","0.019344983718311257","1061","0","3537","0.0","1","112","0"
"20:34:10:909 (H:m:s:ms)","20:34:12:0 (H:m:s:ms)","BESTFIT","GENERIC","1","62.019","0.021914007003843494","1090","0","3444","0.0","1","354","0"
"20:52:22:424 (H:m:s:ms)","20:52:23:0 (H:m:s:ms)","BESTFIT","GENERIC","1","62.081","0.00644832790610377","575","0","1660","0.0","1","596","0"
"20:10:0:0 (H:m:s:ms)","20:10:1:0 (H:m:s:ms)","BESTFIT","GENERIC","1","31.049","0.00788397516941039","1001","1","3904","0.0","1","113","0"
"20:34:21:818 (H:m:s:ms)","20:34:22:0 (H:m:s:ms)","BESTFIT","GENERIC","1","62.157","0.01576795033882078","181","0","4312","0.0","1","355","0"
"20:52:26:582 (H:m:s:ms)","20:52:27:0 (H:m:s:ms)","BESTFIT","OPERA","1","31.01","0.010962724404325285","417","0","3315","0.0","1","597","0"
"20:10:1:818 (H:m:s:ms)","20:10:2:0 (H:m:s:ms)","BESTFIT","GENERIC","1","62.115","0.027717067437704943","181","0","2570","0.0","1","114","0"
"20:34:31:139 (H:m:s:ms)","20:34:32:0 (H:m:s:ms)","BESTFIT","OPERA","1","31.009","0.018437321992351735","860","0","4147","0.0","1","356","0"
"20:52:27:272 (H:m:s:ms)","20:52:28:0 (H:m:s:ms)","BESTFIT","GENERIC","1","62.057","0.018647262762182506","727","0","2448","0.0","1","598","0"
"20:10:12:727 (H:m:s:ms)","20:10:13:0 (H:m:s:ms)","BESTFIT","GENERIC","1","62.039","0.014163943093313295","273","1","2191","0.0","1","115","0"
"20:34:34:936 (H:m:s:ms)","20:34:35:0 (H:m:s:ms)","BESTFIT","OPERA","1","31.009","0.025691834636675435","64","0","5000","0.0","1","357","0"
"20:52:38:181 (H:m:s:ms)","20:52:39:0 (H:m:s:ms)","BESTFIT","GENERIC","1","62.039","0.018437321992351735","818","0","1864","0.0","1","599","0"
"20:10:26:60 (H:m:s:ms)","20:10:27:0 (H:m:s:ms)","BESTFIT","GENERIC","1","62.111","0.012072597046671591","939","0","3434","0.0","1","116","0"
"20:34:38:787 (H:m:s:ms)","20:34:39:0 (H:m:s:ms)","BESTFIT","GENERIC","1","62.099","0.021642667036297986","212","0","3557","0.0","1","358","0"
"20:10:31:515 (H:m:s:ms)","20:10:32:0 (H:m:s:ms)","BESTFIT","GENERIC","1","62.093","0.021454202036389886","485","0","4662","0.0","1","117","0"
"20:34:42:424 (H:m:s:ms)","20:34:43:0 (H:m:s:ms)","BESTFIT","GENERIC","1","62.103","0.021892887617679165","575","0","2629","0.0","1","359","0"
"20:10:32:121 (H:m:s:ms)","20:10:33:0 (H:m:s:ms)","BESTFIT","GENERIC","1","62.025","0.021463930678186468","878","0","3422","0.0","1","118","0"
"20:10:48:484 (H:m:s:ms)","20:10:49:0 (H:m:s:ms)","BESTFIT","GENERIC","1","62.073","0.012019217579395567","515","0","1131","0.0","1","119","0"
"20:0:54:545 (H:m:s:ms)","20:0:55:0 (H:m:s:ms)","BESTFIT","GENERIC","1","31.026","0.019344983718311257","455","0","2496","0.0","1","10","0"
"20:1:0:606 (H:m:s:ms)","20:1:1:0 (H:m:s:ms)","BESTFIT","GENERIC","1","31.064","0.012019217579395567","394","1","2336","0.0","1","11","0"
"20:1:6:666 (H:m:s:ms)","20:1:7:0 (H:m:s:ms)","BESTFIT","GENERIC","1","31.059","0.01289665581220754","333","0","2774","0.0","1","12","0"
"20:1:12:727 (H:m:s:ms)","20:1:13:0 (H:m:s:ms)","BESTFIT","GENERIC","1","31.021","0.01289665581220754","272","0","4058","0.0","1","13","0"
"20:1:18:787 (H:m:s:ms)","20:1:19:0 (H:m:s:ms)","BESTFIT","GENERIC","1","31.039","0.02054846390849274","212","0","2939","0.0","1","14","0"
"20:1:24:848 (H:m:s:ms)","20:1:25:0 (H:m:s:ms)","BESTFIT","GENERIC","1","31.042","0.017870610245943306","153","0","1095","0.0","1","15","0"
"20:1:30:909 (H:m:s:ms)","20:1:32:0 (H:m:s:ms)","BESTFIT","GENERIC","1","31.081","0.02054846390849274","1091","0","4676","0.0","1","16","0"
"20:1:36:969 (H:m:s:ms)","20:1:38:0 (H:m:s:ms)","BESTFIT","GENERIC","1","31.044","0.017870610245943306","1030","0","2383","0.0","1","17","0"
"20:1:43:30 (H:m:s:ms)","20:1:44:0 (H:m:s:ms)","BESTFIT","GENERIC","1","31.046","0.02054846390849274","970","0","2771","0.0","1","18","0"
"20:1:49:90 (H:m:s:ms)","20:1:50:0 (H:m:s:ms)","BESTFIT","GENERIC","1","31.057","0.009820927516479816","925","1","3521","0.0","1","19","0"
"20:34:43:30 (H:m:s:ms)","20:34:44:0 (H:m:s:ms)","BESTFIT","GENERIC","1","62.089","0.026896225070670937","969","0","1844","0.0","1","360","0"
"20:34:46:666 (H:m:s:ms)","20:34:47:0 (H:m:s:ms)","BESTFIT","GENERIC","1","62.025","0.02869957248480754","333","0","2662","0.0","1","361","0"
"20:11:0:606 (H:m:s:ms)","20:11:1:0 (H:m:s:ms)","BESTFIT","GENERIC","1","62.127","0.012019217579395567","393","0","2356","0.0","1","120","0"
"20:34:49:90 (H:m:s:ms)","20:34:50:0 (H:m:s:ms)","BESTFIT","GENERIC","1","62.111","0.024111425047114467","930","0","1307","0.0","1","362","0"
"20:11:3:30 (H:m:s:ms)","20:11:4:0 (H:m:s:ms)","BESTFIT","GENERIC","1","62.087","0.015332391365871358","970","0","4118","0.0","1","121","0"
"20:34:50:303 (H:m:s:ms)","20:34:51:0 (H:m:s:ms)","BESTFIT","GENERIC","1","62.061","0.0253608116545972","696","0","1784","0.0","1","363","0"
"20:11:7:878 (H:m:s:ms)","20:11:9:0 (H:m:s:ms)","BESTFIT","GENERIC","1","62.049","0.020708740489340252","1121","0","2418","0.0","1","122","0"
"20:34:50:909 (H:m:s:ms)","0","BESTFIT","GENERIC","0","0","0","1090","0","1020","0","0","364","0"
"20:11:15:151 (H:m:s:ms)","20:11:16:0 (H:m:s:ms)","BESTFIT","GENERIC","1","62.057","0.00644832790610377","849","0","2720","0.0","1","123","0"
"20:34:54:545 (H:m:s:ms)","20:34:55:0 (H:m:s:ms)","BESTFIT","GENERIC","1","62.049","0.023274658511327623","457","0","4255","0.0","1","365","0"
"20:11:18:787 (H:m:s:ms)","20:11:19:0 (H:m:s:ms)","BESTFIT","GENERIC","1","62.075","0.010962724404325285","212","0","3608","0.0","1","124","0"
"20:34:55:151 (H:m:s:ms)","20:34:56:0 (H:m:s:ms)","BESTFIT","GENERIC","1","62.177","0.022878799697754883","848","0","4624","0.0","1","366","0"
"20:11:30:303 (H:m:s:ms)","20:11:31:0 (H:m:s:ms)","BESTFIT","GENERIC","1","62.091","0.012072597046671591","696","0","4080","0.0","1","125","0"
"20:35:1:212 (H:m:s:ms)","20:35:2:0 (H:m:s:ms)","BESTFIT","GENERIC","1","62.051","0.019344983718311257","787","0","2381","0.0","1","367","0"
"20:11:37:575 (H:m:s:ms)","20:11:38:0 (H:m:s:ms)","BESTFIT","GENERIC","1","62.087","0.018437321992351735","424","0","1974","0.0","1","126","0"
"20:35:15:789 (H:m:s:ms)","20:35:16:0 (H:m:s:ms)","BESTFIT","AMBULANCE","1","31.055","0.02054846390849274","210","0","1272","0.0","1","368","0"
"20:11:49:696 (H:m:s:ms)","20:11:50:0 (H:m:s:ms)","BESTFIT","GENERIC","1","62.135","0.019344983718311257","343","0","1491","0.0","1","127","0"
"20:35:22:784 (H:m:s:ms)","20:35:23:0 (H:m:s:ms)","BESTFIT","OPERA","1","31.009","0.012019217579395567","215","0","1049","0.0","1","369","0"
"20:11:55:757 (H:m:s:ms)","20:11:56:0 (H:m:s:ms)","BESTFIT","GENERIC","1","62.061","0.018437321992351735","242","0","3214","0.0","1","128","0"
"20:12:21:212 (H:m:s:ms)","20:12:22:0 (H:m:s:ms)","BESTFIT","GENERIC","1","62.031","0.017870610245943306","788","0","3567","0.0","1","129","0"
"20:1:55:151 (H:m:s:ms)","20:1:56:0 (H:m:s:ms)","BESTFIT","GENERIC","1","31.09","0.014163943093313295","848","0","2715","0.0","1","20","0"
"20:2:1:212 (H:m:s:ms)","20:2:2:0 (H:m:s:ms)","BESTFIT","GENERIC","1","31.027","0.00644832790610377","788","0","3385","0.0","1","21","0"
"20:2:7:272 (H:m:s:ms)","20:2:8:0 (H:m:s:ms)","BESTFIT","GENERIC","1","31.019","0.012019217579395567","727","0","3736","0.0","1","22","0"
"20:2:13:333 (H:m:s:ms)","20:2:14:0 (H:m:s:ms)","BESTFIT","GENERIC","1","31.035","0.018437321992351735","667","0","3134","0.0","1","23","0"
"20:2:19:393 (H:m:s:ms)","20:2:20:0 (H:m:s:ms)","BESTFIT","GENERIC","1","31.039","0.018437321992351735","630","0","4393","0.0","1","24","0"
"20:2:25:454 (H:m:s:ms)","20:2:26:0 (H:m:s:ms)","BESTFIT","GENERIC","1","31.052","0.014163943093313295","546","0","3319","0.0","1","25","0"
"20:2:31:515 (H:m:s:ms)","20:2:32:0 (H:m:s:ms)","BESTFIT","GENERIC","1","31.048","0.01289665581220754","484","0","3570","0.0","1","26","0"
"20:2:37:575 (H:m:s:ms)","20:2:38:0 (H:m:s:ms)","BESTFIT","GENERIC","1","31.045","0.012019217579395567","424","0","3225","0.0","1","27","0"
"20:2:43:636 (H:m:s:ms)","20:2:44:0 (H:m:s:ms)","BESTFIT","GENERIC","1","31.024","0.014163943093313295","363","0","2768","0.0","1","28","0"
"20:2:49:696 (H:m:s:ms)","20:2:50:0 (H:m:s:ms)","BESTFIT","GENERIC","1","31.069","0.00788397516941039","321","1","2774","0.0","1","29","0"
"20:35:44:848 (H:m:s:ms)","20:35:45:0 (H:m:s:ms)","BESTFIT","GENERIC","1","62.067","0.012072597046671591","153","0","2372","0.0","1","370","0"
"20:35:49:696 (H:m:s:ms)","20:35:50:0 (H:m:s:ms)","BESTFIT","GENERIC","1","62.135","0.014943085507339743","332","0","2525","0.0","1","371","0"
"20:12:27:272 (H:m:s:ms)","20:12:28:0 (H:m:s:ms)","BESTFIT","GENERIC","1","62.057","0.02054846390849274","728","0","4681","0.0","1","130","0"
"20:35:52:121 (H:m:s:ms)","20:35:53:0 (H:m:s:ms)","BESTFIT","GENERIC","1","62.083","0.019896098286814604","878","0","4905","0.0","1","372","0"
"20:12:28:484 (H:m:s:ms)","20:12:29:0 (H:m:s:ms)","BESTFIT","GENERIC","1","62.065","0.027013948303629236","515","0","1419","0.0","1","131","0"
"20:35:58:181 (H:m:s:ms)","20:35:59:0 (H:m:s:ms)","BESTFIT","GENERIC","1","62.097","0.01289665581220754","818","0","4313","0.0","1","373","0"
"20:12:38:181 (H:m:s:ms)","20:12:39:0 (H:m:s:ms)","BESTFIT","GENERIC","1","62.039","0.018437321992351735","818","0","4442","0.0","1","132","0"
"20:35:59:393 (H:m:s:ms)","20:36:0:0 (H:m:s:ms)","BESTFIT","GENERIC","1","62.095","0.029482976924937277","629","0","4739","0.0","1","374","0"
"20:13:7:272 (H:m:s:ms)","20:13:8:0 (H:m:s:ms)","BESTFIT","GENERIC","1","62.035","0.01289665581220754","727","0","4095","0.0","1","133","0"
"20:36:0:0 (H:m:s:ms)","20:36:1:0 (H:m:s:ms)","BESTFIT","GENERIC","1","62.161","0.031399970865260175","1023","0","2034","0.0","1","375","0"
"20:13:8:484 (H:m:s:ms)","20:13:9:0 (H:m:s:ms)","BESTFIT","GENERIC","1","62.077","0.01600915394691176","515","0","2022","0.0","1","134","0"
"20:36:3:636 (H:m:s:ms)","20:36:4:0 (H:m:s:ms)","BESTFIT","GENERIC","1","62.145","0.03505618980367248","363","0","3735","0.0","1","376","0"
"20:13:25:454 (H:m:s:ms)","20:13:26:0 (H:m:s:ms)","BESTFIT","GENERIC","1","62.101","0.02054846390849274","545","0","3364","0.0","1","135","0"
"20:36:4:848 (H:m:s:ms)","20:36:5:0 (H:m:s:ms)","BESTFIT","GENERIC","1","62.103","0.03412549901519981","153","0","3101","0.0","1","377","0"
"20:13:32:727 (H:m:s:ms)","20:13:33:0 (H:m:s:ms)","BESTFIT","GENERIC","1","62.079","0.012072597046671591","273","0","4189","0.0","1","136","0"
"20:36:7:878 (H:m:s:ms)","20:36:9:0 (H:m:s:ms)","BESTFIT","GENERIC","1","62.049","0.032411601859058004","1121","0","1525","0.0","1","378","0"
"20:13:33:333 (H:m:s:ms)","20:13:34:0 (H:m:s:ms)","BESTFIT","GENERIC","1","62.109","0.02905317625098706","666","0","4642","0.0","1","137","0"
"20:36:10:303 (H:m:s:ms)","20:36:11:0 (H:m:s:ms)","BESTFIT","GENERIC","1","62.109","0.03276980951086332","696","0","1794","0.0","1","379","0"
"20:13:38:787 (H:m:s:ms)","20:13:39:0 (H:m:s:ms)","BESTFIT","GENERIC","1","62.099","0.02763306489200392","212","0","1222","0.0","1","138","0"
"20:14:15:757 (H:m:s:ms)","20:14:16:0 (H:m:s:ms)","BESTFIT","GENERIC","1","62.077","0.012019217579395567","242","0","3303","0.0","1","139","0"
"20:2:55:757 (H:m:s:ms)","20:2:56:0 (H:m:s:ms)","BESTFIT","GENERIC","1","31.032","0.012019217579395567","242","0","2177","0.0","1","30","0"
"20:3:1:818 (H:m:s:ms)","20:3:2:0 (H:m:s:ms)","BESTFIT","GENERIC","1","31.059","0.00644832790610377","182","1","3585","0.0","1","31","0"
"20:3:7:878 (H:m:s:ms)","20:3:8:0 (H:m:s:ms)","BESTFIT","GENERIC","1","31.026","0.00644832790610377","122","1","2783","0.0","1","32","0"
"20:3:13:939 (H:m:s:ms)","20:3:15:0 (H:m:s:ms)","BESTFIT","GENERIC","1","31.048","0.01289665581220754","1061","0","3437","0.0","1","33","0"
"20:3:20:0 (H:m:s:ms)","20:3:21:0 (H:m:s:ms)","BESTFIT","GENERIC","1","31.044","0.019344983718311257","1001","0","4526","0.0","1","34","0"
"20:3:26:60 (H:m:s:ms)","20:3:27:0 (H:m:s:ms)","BESTFIT","GENERIC","1","31.057","0.012072597046671591","939","0","1368","0.0","1","35","0"
"20:3:32:121 (H:m:s:ms)","20:3:33:0 (H:m:s:ms)","BESTFIT","GENERIC","1","31.014","0.017870610245943306","878","0","3452","0.0","1","36","0"
"20:3:38:181 (H:m:s:ms)","20:3:39:0 (H:m:s:ms)","BESTFIT","GENERIC","1","31.021","0.014163943093313295","818","0","2547","0.0","1","37","0"
"20:3:44:242 (H:m:s:ms)","20:3:45:0 (H:m:s:ms)","BESTFIT","GENERIC","1","31.073","0.02054846390849274","760","0","1321","0.0","1","38","0"
"20:3:50:303 (H:m:s:ms)","20:3:51:0 (H:m:s:ms)","BESTFIT","GENERIC","1","31.032","0.01576795033882078","696","0","2784","0.0","1","39","0"
"20:36:18:227 (H:m:s:ms)","20:36:19:0 (H:m:s:ms)","BESTFIT","OPERA","1","31.009","0.012019217579395567","772","0","2034","0.0","1","380","0"
"20:36:20:0 (H:m:s:ms)","20:36:21:0 (H:m:s:ms)","BESTFIT","GENERIC","1","62.087","0.029159443266389886","1028","0","2783","0.0","1","381","0"
"20:14:24:848 (H:m:s:ms)","20:14:25:0 (H:m:s:ms)","BESTFIT","GENERIC","1","62.081","0.00788397516941039","151","0","2663","0.0","1","140","0"
"20:36:31:898 (H:m:s:ms)","20:36:32:0 (H:m:s:ms)","BESTFIT","OPERA","1","31.009","0.018437321992351735","101","0","3634","0.0","1","382","0"
"20:14:29:90 (H:m:s:ms)","20:14:30:0 (H:m:s:ms)","BESTFIT","GENERIC","1","62.101","0.019459265553932594","956","0","1847","0.0","1","141","0"
"20:36:33:939 (H:m:s:ms)","20:36:35:0 (H:m:s:ms)","BESTFIT","GENERIC","1","62.023","0.025691834636675435","1061","0","2524","0.0","1","383","0"
"20:14:42:424 (H:m:s:ms)","20:14:43:0 (H:m:s:ms)","BESTFIT","GENERIC","1","62.103","0.009820927516479816","575","0","2476","0.0","1","142","0"
"20:36:36:363 (H:m:s:ms)","20:36:37:0 (H:m:s:ms)","BESTFIT","GENERIC","1","62.109","0.02615841505802437","636","0","1498","0.0","1","384","0"
"20:14:43:30 (H:m:s:ms)","20:14:44:0 (H:m:s:ms)","BESTFIT","GENERIC","1","62.089","0.020773896524072556","969","0","3854","0.0","1","143","0"
"20:36:37:575 (H:m:s:ms)","20:36:38:0 (H:m:s:ms)","BESTFIT","GENERIC","1","62.087","0.02615841505802437","425","0","3610","0.0","1","385","0"
"20:14:49:90 (H:m:s:ms)","20:14:50:0 (H:m:s:ms)","BESTFIT","GENERIC","1","62.111","0.018437321992351735","950","0","2999","0.0","1","144","0"
"20:36:45:454 (H:m:s:ms)","20:36:46:0 (H:m:s:ms)","BESTFIT","GENERIC","1","62.047","0.012072597046671591","545","0","3472","0.0","1","386","0"
"20:14:56:969 (H:m:s:ms)","20:14:58:0 (H:m:s:ms)","BESTFIT","GENERIC","1","62.083","0.00644832790610377","1030","0","2006","0.0","1","145","0"
"20:36:51:645 (H:m:s:ms)","20:36:52:0 (H:m:s:ms)","BESTFIT","OPERA","1","31.009","0.02054846390849274","354","0","4460","0.0","1","387","0"
"20:15:0:0 (H:m:s:ms)","20:15:1:0 (H:m:s:ms)","BESTFIT","GENERIC","1","62.095","0.01880170571551959","1043","0","2322","0.0","1","146","0"
"20:37:0:0 (H:m:s:ms)","20:37:1:0 (H:m:s:ms)","BESTFIT","GENERIC","1","62.095","0.009820927516479816","1026","0","4944","0.0","1","388","0"
"20:15:2:424 (H:m:s:ms)","20:15:3:0 (H:m:s:ms)","BESTFIT","GENERIC","1","62.121","0.022170998727892365","575","0","1677","0.0","1","147","0"
"20:37:3:30 (H:m:s:ms)","20:37:4:0 (H:m:s:ms)","BESTFIT","GENERIC","1","62.087","0.020318045119199244","969","0","3859","0.0","1","389","0"
"20:15:6:60 (H:m:s:ms)","20:15:7:0 (H:m:s:ms)","BESTFIT","GENERIC","1","62.077","0.013542579540399596","939","0","3502","0.0","1","148","0"
"20:15:6:666 (H:m:s:ms)","20:15:7:0 (H:m:s:ms)","BESTFIT","GENERIC","1","62.115","0.030042398562458227","333","0","3610","0.0","1","149","0"
"20:3:56:363 (H:m:s:ms)","20:3:57:0 (H:m:s:ms)","BESTFIT","GENERIC","1","31.032","0.01576795033882078","636","0","4916","0.0","1","40","0"
"20:4:2:424 (H:m:s:ms)","20:4:3:0 (H:m:s:ms)","BESTFIT","GENERIC","1","31.062","0.012019217579395567","575","0","2471","0.0","1","41","0"
"20:4:8:484 (H:m:s:ms)","20:4:9:0 (H:m:s:ms)","BESTFIT","GENERIC","1","31.04","0.00788397516941039","515","0","3330","0.0","1","42","0"
"20:4:14:545 (H:m:s:ms)","20:4:15:0 (H:m:s:ms)","BESTFIT","GENERIC","1","31.074","0.00788397516941039","455","0","1962","0.0","1","43","0"
"20:4:20:606 (H:m:s:ms)","20:4:21:0 (H:m:s:ms)","BESTFIT","GENERIC","1","31.019","0.01289665581220754","393","0","2402","0.0","1","44","0"
"20:4:26:666 (H:m:s:ms)","20:4:27:0 (H:m:s:ms)","BESTFIT","GENERIC","1","31.021","0.018437321992351735","334","1","3733","0.0","1","45","0"
"20:4:32:727 (H:m:s:ms)","20:4:33:0 (H:m:s:ms)","BESTFIT","GENERIC","1","31.041","0.018437321992351735","272","0","2711","0.0","1","46","0"
"20:4:38:787 (H:m:s:ms)","20:4:39:0 (H:m:s:ms)","BESTFIT","GENERIC","1","31.051","0.012019217579395567","213","1","4601","0.0","1","47","0"
"20:4:44:848 (H:m:s:ms)","20:4:45:0 (H:m:s:ms)","BESTFIT","GENERIC","1","31.035","0.012019217579395567","153","0","1909","0.0","1","48","0"
"20:4:50:909 (H:m:s:ms)","20:4:52:0 (H:m:s:ms)","BESTFIT","GENERIC","1","31.07","0.01576795033882078","1090","0","4643","0.0","1","49","0"
"20:37:3:157 (H:m:s:ms)","0","BESTFIT","AMBULANCE","0","0","0","842","0","617","0","0","390","0"
"20:37:7:594 (H:m:s:ms)","20:37:8:0 (H:m:s:ms)","BESTFIT","OPERA","1","31.009","0.027097404741543322","406","0","2681","0.0","1","391","0"
"20:15:9:696 (H:m:s:ms)","20:15:10:0 (H:m:s:ms)","BESTFIT","GENERIC","1","62.099","0.028797950924459487","341","0","4226","0.0","1","150","0"
"20:37:16:708 (H:m:s:ms)","20:37:17:0 (H:m:s:ms)","BESTFIT","OPERA","1","31.009","0.02054846390849274","291","0","3416","0.0","1","392","0"
"20:15:13:333 (H:m:s:ms)","20:15:14:0 (H:m:s:ms)","BESTFIT","GENERIC","1","62.067","0.014527130309521585","667","0","1512","0.0","1","151","0"
"20:37:18:181 (H:m:s:ms)","20:37:19:0 (H:m:s:ms)","BESTFIT","GENERIC","1","62.019","0.027097404741543322","818","0","3358","0.0","1","393","0"
"20:15:14:545 (H:m:s:ms)","20:15:15:0 (H:m:s:ms)","BESTFIT","GENERIC","1","62.145","0.030108260672232462","454","0","2604","0.0","1","152","0"
"20:37:22:105 (H:m:s:ms)","20:37:23:0 (H:m:s:ms)","BESTFIT","AMBULANCE","1","31.052","0.02192544880865057","894","0","1375","0.0","1","394","0"
"20:15:17:575 (H:m:s:ms)","20:15:18:0 (H:m:s:ms)","BESTFIT","GENERIC","1","62.135","0.029464313166537463","424","0","2636","0.0","1","153","0"
"20:37:25:454 (H:m:s:ms)","20:37:26:0 (H:m:s:ms)","BESTFIT","GENERIC","1","62.101","0.029801197273401","546","0","3998","0.0","1","395","0"
"20:15:18:181 (H:m:s:ms)","20:15:19:0 (H:m:s:ms)","BESTFIT","GENERIC","1","62.019","0.03297807451364836","818","0","1739","0.0","1","154","0"
"20:37:26:666 (H:m:s:ms)","20:37:27:0 (H:m:s:ms)","BESTFIT","GENERIC","1","62.039","0.033588994123908145","333","0","2100","0.0","1","396","0"
"20:15:26:666 (H:m:s:ms)","20:15:27:0 (H:m:s:ms)","BESTFIT","GENERIC","1","62.037","0.012072597046671591","333","0","3651","0.0","1","155","0"
"20:37:47:272 (H:m:s:ms)","20:37:48:0 (H:m:s:ms)","BESTFIT","GENERIC","1","62.059","0.02054846390849274","727","0","1356","0.0","1","397","0"
"20:15:27:878 (H:m:s:ms)","20:15:29:0 (H:m:s:ms)","BESTFIT","GENERIC","1","62.067","0.014943085507339743","1121","0","1799","0.0","1","156","0"
"20:37:52:727 (H:m:s:ms)","20:37:53:0 (H:m:s:ms)","BESTFIT","GENERIC","1","62.091","0.03376886119123329","272","0","4729","0.0","1","398","0"
"20:15:40:0 (H:m:s:ms)","20:15:41:0 (H:m:s:ms)","BESTFIT","GENERIC","1","62.091","0.017870610245943306","1038","0","2553","0.0","1","157","0"
"20:38:4:242 (H:m:s:ms)","20:38:5:0 (H:m:s:ms)","BESTFIT","GENERIC","1","62.085","0.021892887617679165","763","0","1978","0.0","1","399","0"
"20:15:43:636 (H:m:s:ms)","20:15:44:0 (H:m:s:ms)","BESTFIT","GENERIC","1","62.045","0.019896098286814604","363","0","1731","0.0","1","158","0"
"20:15:44:242 (H:m:s:ms)","20:15:45:0 (H:m:s:ms)","BESTFIT","GENERIC","1","62.143","0.027317476966147645","757","0","2544","0.0","1","159","0"
"20:4:56:969 (H:m:s:ms)","20:4:58:0 (H:m:s:ms)","BESTFIT","GENERIC","1","31.043","0.014163943093313295","1030","0","1562","0.0","1","50","0"
"20:5:3:30 (H:m:s:ms)","20:5:4:0 (H:m:s:ms)","BESTFIT","GENERIC","1","31.045","0.00644832790610377","970","0","4593","0.0","1","51","0"
"20:5:6:60 (H:m:s:ms)","20:5:7:0 (H:m:s:ms)","BESTFIT","GENERIC","1","62.077","0.027259437801627862","940","1","4045","0.0","1","52","0"
"20:5:9:90 (H:m:s:ms)","20:5:10:0 (H:m:s:ms)","BESTFIT","GENERIC","1","31.017","0.033424868545659","935","1","3900","0.0","1","53","0"
"20:5:15:151 (H:m:s:ms)","20:5:16:0 (H:m:s:ms)","BESTFIT","GENERIC","1","31.03","0.012072597046671591","849","0","1288","0.0","1","54","0"
"20:5:21:212 (H:m:s:ms)","20:5:22:0 (H:m:s:ms)","BESTFIT","GENERIC","1","31.017","0.012019217579395567","787","0","4181","0.0","1","55","0"
"20:5:27:272 (H:m:s:ms)","20:5:28:0 (H:m:s:ms)","BESTFIT","GENERIC","1","31.03","0.01576795033882078","727","0","1604","0.0","1","56","0"
"20:5:33:333 (H:m:s:ms)","20:5:34:0 (H:m:s:ms)","BESTFIT","GENERIC","1","31.056","0.014163943093313295","666","0","1854","0.0","1","57","0"
"20:5:39:393 (H:m:s:ms)","20:5:40:0 (H:m:s:ms)","BESTFIT","GENERIC","1","31.026","0.01289665581220754","632","0","1988","0.0","1","58","0"
"20:5:45:454 (H:m:s:ms)","20:5:46:0 (H:m:s:ms)","BESTFIT","GENERIC","1","31.025","0.01289665581220754","545","0","1982","0.0","1","59","0"
"20:15:44:848 (H:m:s:ms)","20:15:45:0 (H:m:s:ms)","BESTFIT","GENERIC","1","62.067","0.025302083377048475","151","0","4784","0.0","1","160","0"
"20:15:46:666 (H:m:s:ms)","20:15:47:0 (H:m:s:ms)","BESTFIT","GENERIC","1","62.025","0.02183079598033732","333","0","2770","0.0","1","161","0"
"20:15:55:151 (H:m:s:ms)","20:15:56:0 (H:m:s:ms)","BESTFIT","GENERIC","1","62.177","0.01576795033882078","848","0","4149","0.0","1","162","0"
"20:15:56:363 (H:m:s:ms)","20:15:57:0 (H:m:s:ms)","BESTFIT","GENERIC","1","62.061","0.018054806729754753","636","0","3140","0.0","1","163","0"
"20:16:10:909 (H:m:s:ms)","20:16:12:0 (H:m:s:ms)","BESTFIT","GENERIC","1","62.019","0.017870610245943306","1091","0","1106","0.0","1","164","0"
"20:16:20:0 (H:m:s:ms)","20:16:21:0 (H:m:s:ms)","BESTFIT","GENERIC","1","62.087","0.01289665581220754","1041","0","4346","0.0","1","165","0"
"20:16:21:818 (H:m:s:ms)","20:16:22:0 (H:m:s:ms)","BESTFIT","GENERIC","1","62.155","0.029482976924937277","181","0","4438","0.0","1","166","0"
"20:16:40:606 (H:m:s:ms)","20:16:41:0 (H:m:s:ms)","BESTFIT","GENERIC","1","62.049","0.00644832790610377","393","0","4478","0.0","1","167","0"
"20:16:45:454 (H:m:s:ms)","20:16:46:0 (H:m:s:ms)","BESTFIT","GENERIC","1","62.047","0.027691015667906896","545","0","1131","0.0","1","168","0"
"20:16:49:696 (H:m:s:ms)","20:16:50:0 (H:m:s:ms)","BESTFIT","GENERIC","1","62.135","0.031142919591750647","342","0","3010","0.0","1","169","0"
"20:5:51:515 (H:m:s:ms)","20:5:52:0 (H:m:s:ms)","BESTFIT","GENERIC","1","31.035","0.00788397516941039","484","0","3429","0.0","1","60","0"
"20:5:57:575 (H:m:s:ms)","20:5:58:0 (H:m:s:ms)","BESTFIT","GENERIC","1","31.017","0.009820927516479816","424","0","1225","0.0","1","61","0"
"20:6:3:636 (H:m:s:ms)","20:6:4:0 (H:m:s:ms)","BESTFIT","GENERIC","1","31.074","0.02054846390849274","364","0","1110","0.0","1","62","0"
"20:6:9:696 (H:m:s:ms)","20:6:10:0 (H:m:s:ms)","BESTFIT","GENERIC","1","31.051","0.00644832790610377","338","0","3426","0.0","1","63","0"
"20:6:12:121 (H:m:s:ms)","20:6:13:0 (H:m:s:ms)","BESTFIT","GENERIC","1","62.031","0.01880170571551959","878","0","2783","0.0","1","64","0"
"20:6:15:757 (H:m:s:ms)","20:6:16:0 (H:m:s:ms)","BESTFIT","GENERIC","1","31.04","0.021358473245579435","242","0","2015","0.0","1","65","0"
"20:6:21:818 (H:m:s:ms)","20:6:22:0 (H:m:s:ms)","BESTFIT","GENERIC","1","31.079","0.01289665581220754","181","0","1319","0.0","1","66","0"
"20:6:27:878 (H:m:s:ms)","20:6:28:0 (H:m:s:ms)","BESTFIT","GENERIC","1","31.035","0.019344983718311257","121","0","2613","0.0","1","67","0"
"20:6:33:939 (H:m:s:ms)","20:6:35:0 (H:m:s:ms)","BESTFIT","GENERIC","1","31.013","0.014163943093313295","1061","0","3273","0.0","1","68","0"
"20:6:40:0 (H:m:s:ms)","20:6:41:0 (H:m:s:ms)","BESTFIT","GENERIC","1","31.047","0.014163943093313295","1001","0","1226","0.0","1","69","0"
"20:16:50:303 (H:m:s:ms)","20:16:51:0 (H:m:s:ms)","BESTFIT","GENERIC","1","62.061","0.03163551701506283","696","0","4431","0.0","1","170","0"
"20:16:52:727 (H:m:s:ms)","20:16:53:0 (H:m:s:ms)","BESTFIT","GENERIC","1","62.091","0.03134280948103886","272","0","4589","0.0","1","171","0"
"20:17:1:212 (H:m:s:ms)","20:17:2:0 (H:m:s:ms)","BESTFIT","GENERIC","1","62.051","0.01289665581220754","787","0","3384","0.0","1","172","0"
"20:17:3:636 (H:m:s:ms)","20:17:4:0 (H:m:s:ms)","BESTFIT","GENERIC","1","62.145","0.016349927007082075","363","0","4374","0.0","1","173","0"
"20:17:7:878 (H:m:s:ms)","20:17:9:0 (H:m:s:ms)","BESTFIT","GENERIC","1","62.049","0.01735933303613762","1121","0","2154","0.0","1","174","0"
"20:17:9:90 (H:m:s:ms)","20:17:10:0 (H:m:s:ms)","BESTFIT","GENERIC","1","62.031","0.01735933303613762","948","0","4159","0.0","1","175","0"
"20:17:12:121 (H:m:s:ms)","20:17:13:0 (H:m:s:ms)","BESTFIT","GENERIC","1","62.031","0.018620926715435474","878","0","3648","0.0","1","176","0"
"20:17:15:151 (H:m:s:ms)","20:17:16:0 (H:m:s:ms)","BESTFIT","GENERIC","1","62.057","0.021637220682860187","848","0","3827","0.0","1","177","0"
"20:17:16:363 (H:m:s:ms)","20:17:17:0 (H:m:s:ms)","BESTFIT","GENERIC","1","62.117","0.0341279377356724","636","0","1585","0.0","1","178","0"
"20:17:19:393 (H:m:s:ms)","20:17:20:0 (H:m:s:ms)","BESTFIT","GENERIC","1","62.075","0.033836358509778314","647","0","3034","0.0","1","179","0"
"20:6:42:424 (H:m:s:ms)","20:6:43:0 (H:m:s:ms)","BESTFIT","GENERIC","1","62.103","0.017040720232458135","575","0","2375","0.0","1","70","0"
"20:6:46:60 (H:m:s:ms)","20:6:47:0 (H:m:s:ms)","BESTFIT","GENERIC","1","31.039","0.012376531500442376","939","0","3446","0.0","1","71","0"
"20:6:52:121 (H:m:s:ms)","20:6:53:0 (H:m:s:ms)","BESTFIT","GENERIC","1","31.043","0.009820927516479816","878","0","3667","0.0","1","72","0"
"20:6:58:181 (H:m:s:ms)","20:6:59:0 (H:m:s:ms)","BESTFIT","GENERIC","1","31.05","0.019344983718311257","818","0","2905","0.0","1","73","0"
"20:7:4:242 (H:m:s:ms)","20:7:5:0 (H:m:s:ms)","BESTFIT","GENERIC","1","31.044","0.00788397516941039","759","0","3077","0.0","1","74","0"
"20:7:6:666 (H:m:s:ms)","20:7:7:0 (H:m:s:ms)","BESTFIT","GENERIC","1","62.115","0.012814274658459367","333","0","1111","0.0","1","75","0"
"20:7:10:303 (H:m:s:ms)","20:7:11:0 (H:m:s:ms)","BESTFIT","GENERIC","1","31.056","0.011995696137558512","697","1","3613","0.0","1","76","0"
"20:7:16:363 (H:m:s:ms)","20:7:17:0 (H:m:s:ms)","BESTFIT","GENERIC","1","31.06","0.018437321992351735","636","0","1293","0.0","1","77","0"
"20:7:22:424 (H:m:s:ms)","20:7:23:0 (H:m:s:ms)","BESTFIT","GENERIC","1","31.042","0.009820927516479816","576","0","4345","0.0","1","78","0"
"20:7:28:484 (H:m:s:ms)","20:7:29:0 (H:m:s:ms)","BESTFIT","GENERIC","1","31.034","0.01289665581220754","515","0","2362","0.0","1","79","0"
"20:17:32:727 (H:m:s:ms)","20:17:33:0 (H:m:s:ms)","BESTFIT","GENERIC","1","62.079","0.014163943093313295","272","0","1073","0.0","1","180","0"
"20:17:33:939 (H:m:s:ms)","20:17:35:0 (H:m:s:ms)","BESTFIT","GENERIC","1","62.025","0.02310015295090409","1061","0","2476","0.0","1","181","0"
"20:17:39:393 (H:m:s:ms)","20:17:40:0 (H:m:s:ms)","BESTFIT","GENERIC","1","62.047","0.02310015295090409","649","0","4876","0.0","1","182","0"
"20:17:41:818 (H:m:s:ms)","20:17:42:0 (H:m:s:ms)","BESTFIT","GENERIC","1","62.147","0.016811145830444792","181","0","4851","0.0","1","183","0"
"20:17:55:757 (H:m:s:ms)","20:17:56:0 (H:m:s:ms)","BESTFIT","GENERIC","1","62.061","0.017870610245943306","242","0","1392","0.0","1","184","0"
"20:17:58:787 (H:m:s:ms)","20:17:59:0 (H:m:s:ms)","BESTFIT","GENERIC","1","62.115","0.025292185595122387","212","0","1124","0.0","1","185","0"
"20:17:59:393 (H:m:s:ms)","20:18:0:0 (H:m:s:ms)","BESTFIT","GENERIC","1","62.095","0.025767653926294258","644","0","1161","0.0","1","186","0"
"20:18:5:454 (H:m:s:ms)","20:18:6:0 (H:m:s:ms)","BESTFIT","GENERIC","1","62.087","0.017870610245943306","545","0","1565","0.0","1","187","0"
"20:18:7:272 (H:m:s:ms)","20:18:8:0 (H:m:s:ms)","BESTFIT","GENERIC","1","62.035","0.025292185595122387","727","0","3153","0.0","1","188","0"
"20:18:13:939 (H:m:s:ms)","20:18:15:0 (H:m:s:ms)","BESTFIT","GENERIC","1","62.093","0.014163943093313295","1061","0","1707","0.0","1","189","0"
"20:7:34:545 (H:m:s:ms)","20:7:35:0 (H:m:s:ms)","BESTFIT","GENERIC","1","31.028","0.019344983718311257","455","0","4897","0.0","1","80","0"
"20:7:36:363 (H:m:s:ms)","20:7:37:0 (H:m:s:ms)","BESTFIT","GENERIC","1","62.109","0.021516158314156084","636","0","1395","0.0","1","81","0"
"20:7:40:606 (H:m:s:ms)","20:7:41:0 (H:m:s:ms)","BESTFIT","GENERIC","1","31.026","0.020708740489340252","394","0","2199","0.0","1","82","0"
"20:7:44:242 (H:m:s:ms)","20:7:45:0 (H:m:s:ms)","BESTFIT","GENERIC","1","62.143","0.020708740489340252","758","0","1294","0.0","1","83","0"
"20:7:46:666 (H:m:s:ms)","20:7:47:0 (H:m:s:ms)","BESTFIT","GENERIC","1","31.014","0.012376531500442376","333","0","4156","0.0","1","84","0"
"20:7:52:727 (H:m:s:ms)","20:7:53:0 (H:m:s:ms)","BESTFIT","GENERIC","1","31.047","0.019344983718311257","272","0","2385","0.0","1","85","0"
"20:7:54:545 (H:m:s:ms)","20:7:55:0 (H:m:s:ms)","BESTFIT","GENERIC","1","62.049","0.021334796617062026","456","0","2319","0.0","1","86","0"
"20:7:58:787 (H:m:s:ms)","20:7:59:0 (H:m:s:ms)","BESTFIT","GENERIC","1","31.057","0.022428796431899312","212","0","3418","0.0","1","87","0"
"20:8:4:848 (H:m:s:ms)","20:8:5:0 (H:m:s:ms)","BESTFIT","GENERIC","1","31.053","0.014163943093313295","151","0","3226","0.0","1","88","0"
"20:8:10:909 (H:m:s:ms)","20:8:12:0 (H:m:s:ms)","BESTFIT","GENERIC","1","31.011","0.017870610245943306","1091","0","4242","0.0","1","89","0"
"20:18:23:636 (H:m:s:ms)","20:18:24:0 (H:m:s:ms)","BESTFIT","GENERIC","1","62.059","0.019344983718311257","363","0","3568","0.0","1","190","0"
"20:18:24:242 (H:m:s:ms)","20:18:25:0 (H:m:s:ms)","BESTFIT","GENERIC","1","62.061","0.026111477067309197","759","0","1763","0.0","1","191","0"
"20:18:26:60 (H:m:s:ms)","20:18:27:0 (H:m:s:ms)","BESTFIT","GENERIC","1","62.111","0.02694564019740772","939","0","1780","0.0","1","192","0"
"20:18:30:909 (H:m:s:ms)","20:18:32:0 (H:m:s:ms)","BESTFIT","GENERIC","1","62.159","0.021637220682860187","1090","0","3115","0.0","1","193","0"
"20:18:31:515 (H:m:s:ms)","20:18:32:0 (H:m:s:ms)","BESTFIT","GENERIC","1","62.093","0.028030899180313706","484","0","2691","0.0","1","194","0"
"20:18:35:757 (H:m:s:ms)","20:18:36:0 (H:m:s:ms)","BESTFIT","GENERIC","1","62.043","0.02780793358277715","242","0","2147","0.0","1","195","0"
"20:18:38:181 (H:m:s:ms)","20:18:39:0 (H:m:s:ms)","BESTFIT","GENERIC","1","62.039","0.013424448970729919","818","0","3147","0.0","1","196","0"
"20:18:51:515 (H:m:s:ms)","20:18:52:0 (H:m:s:ms)","BESTFIT","GENERIC","1","62.067","0.012072597046671591","485","0","2083","0.0","1","197","0"
"20:18:52:121 (H:m:s:ms)","20:18:53:0 (H:m:s:ms)","BESTFIT","GENERIC","1","62.083","0.014943085507339743","878","0","1383","0.0","1","198","0"
"20:18:53:939 (H:m:s:ms)","20:18:55:0 (H:m:s:ms)","BESTFIT","GENERIC","1","62.069","0.016418507058183946","1060","0","1388","0.0","1","199","0"
"20:8:16:969 (H:m:s:ms)","20:8:18:0 (H:m:s:ms)","BESTFIT","GENERIC","1","31.028","0.009820927516479816","1030","0","2631","0.0","1","90","0"
"20:8:20:0 (H:m:s:ms)","20:8:21:0 (H:m:s:ms)","BESTFIT","GENERIC","1","62.085","0.020204955111744097","1037","0","1490","0.0","1","91","0"
"20:8:23:30 (H:m:s:ms)","20:8:24:0 (H:m:s:ms)","BESTFIT","GENERIC","1","31.058","0.02504142890056441","969","0","1656","0.0","1","92","0"
"20:8:29:90 (H:m:s:ms)","20:8:30:0 (H:m:s:ms)","BESTFIT","GENERIC","1","31.052","0.00788397516941039","953","0","2585","0.0","1","93","0"
"20:8:30:909 (H:m:s:ms)","20:8:32:0 (H:m:s:ms)","BESTFIT","GENERIC","1","62.159","0.027717067437704943","1091","0","2696","0.0","1","94","0"
"20:8:35:151 (H:m:s:ms)","20:8:36:0 (H:m:s:ms)","BESTFIT","GENERIC","1","31.026","0.028326591198265146","848","0","1162","0.0","1","95","0"
"20:8:41:212 (H:m:s:ms)","20:8:42:0 (H:m:s:ms)","BESTFIT","GENERIC","1","31.024","0.02054846390849274","787","0","2105","0.0","1","96","0"
"20:8:47:272 (H:m:s:ms)","20:8:48:0 (H:m:s:ms)","BESTFIT","GENERIC","1","31.031","0.014163943093313295","728","1","3011","0.0","1","97","0"
"20:8:48:484 (H:m:s:ms)","20:8:49:0 (H:m:s:ms)","BESTFIT","GENERIC","1","62.073","0.02258987606495182","515","0","2213","0.0","1","98","0"
"20:8:53:333 (H:m:s:ms)","20:8:54:0 (H:m:s:ms)","BESTFIT","GENERIC","1","31.067","0.021358473245579435","666","0","1834","0.0","1","99","0"
"21:40:21:818 (H:m:s:ms)","21:40:22:0 (H:m:s:ms)","BESTFIT","GENERIC","1","62.155","0.029768281282794563","181","0","4419","0.0","1","1206","0"
"21:40:21:212 (H:m:s:ms)","21:40:22:0 (H:m:s:ms)","BESTFIT","GENERIC","1","62.031","0.013628243805549455","788","0","4404","0.0","1","1205","0"
"21:40:18:787 (H:m:s:ms)","21:40:19:0 (H:m:s:ms)","BESTFIT","GENERIC","1","62.075","0.024450090602672326","212","0","1184","0.0","1","1204","0"
"21:40:15:151 (H:m:s:ms)","21:40:16:0 (H:m:s:ms)","BESTFIT","GENERIC","1","62.057","0.021892506179849263","848","0","4431","0.0","1","1203","0"
"21:40:12:911 (H:m:s:ms)","21:40:14:0 (H:m:s:ms)","BESTFIT","OPERA","1","62.015","0.012072597046671591","1088","0","2001","0.0","1","1202","0"
"21:40:5:316 (H:m:s:ms)","21:40:6:0 (H:m:s:ms)","BESTFIT","OPERA","1","62.015","0.02258987606495182","683","0","1323","0.0","1","1201","0"
"21:40:3:30 (H:m:s:ms)","21:40:4:0 (H:m:s:ms)","BESTFIT","GENERIC","1","62.087","0.014163943093313295","969","0","4772","0.0","1","1200","0"
"21:40:44:848 (H:m:s:ms)","21:40:45:0 (H:m:s:ms)","BESTFIT","GENERIC","1","62.067","0.028463437789944823","151","0","2951","0.0","1","1209","0"
"21:40:40:0 (H:m:s:ms)","21:40:41:0 (H:m:s:ms)","BESTFIT","GENERIC","1","62.091","0.009820927516479816","1021","0","4982","0.0","1","1208","0"
"21:40:22:424 (H:m:s:ms)","21:40:23:0 (H:m:s:ms)","BESTFIT","GENERIC","1","62.081","0.033249902167586665","575","0","3892","0.0","1","1207","0"
